gwas,specificity_id,annotation,Prop._SNPs,Prop._h2,Prop._h2_std_error,h2_enrichment,h2_enrichment_se,h2_enrichment_pvalue
RA_Okada2014,mousebrain,TEINH12,0.17077887798265756,0.24073187889832154,0.01580894118977943,1.40961154998786,0.09256965133232,5.127395610468196e-05
RA_Okada2014,mousebrain,TEGLU23,0.2135043130966235,0.2896643247075496,0.016874479869361234,1.35671415957044,0.0790357797677114,5.5787761593944003e-05
HEIGHT_UKBB_Loh2018,mousebrain,TEGLU23,0.2135043130966235,0.3045024278993721,0.010475582702678805,1.4262120679574586,0.04906496993312719,8.906573191309143e-14
BMI_UKBB_Loh2018,tabula_muris,Pancreas.type_B_pancreatic_cell,0.19167379307340493,0.2437622938142552,0.007823072674585919,1.2717559865938586,0.040814513810920064,4.989549511466165e-10
T2D_UKBB_Loh2018,mousebrain,DEINH3,0.15764710447823266,0.2369072944809613,0.01111923042462175,1.502769716355131,0.07053241137173599,1.8658979536884065e-13
HEIGHT_UKBB_Loh2018,mousebrain,MEGLU10,0.14743031350329966,0.19221173239348488,0.00789523807556437,1.3037463451448403,0.05355233864701555,1.0156804450916736e-07
LIPIDS_LDL_Teslovich2010,mousebrain,DEINH3,0.15764710447823266,0.2699907232124077,0.025206591402346597,1.7126272258916566,0.15989251109795702,5.282882455444568e-05
RA_Okada2014,mousebrain,MEGLU11,0.15267004628630518,0.2204321451478504,0.0166608780204116,1.4438467172170082,0.10912997294287266,0.00015607030461720368
T2D_UKBB_Loh2018,mousebrain,MEGLU10,0.14743031350329966,0.21388617501908255,0.020067865107055285,1.4507611761559172,0.13611763164707746,0.0008355885791867097
HEIGHT_UKBB_Loh2018,mousebrain,DEGLU5,0.14068526510433566,0.17941615964363367,0.006207294073905029,1.2753017134422304,0.04412184935857745,2.1132819940743264e-09
BMI_UKBB_Loh2018,tabula_muris,Spleen.T_cell,0.05341536952720104,0.06522007545209522,0.0035477212336911877,1.2209983012264438,0.06641761098150896,0.0010255942193003458
HEIGHT_UKBB_Loh2018,mousebrain,DEGLU4,0.11906360153550476,0.15203818331540964,0.0062582522427121826,1.2769493057042445,0.05256226220274357,5.798680472776719e-07
LIPIDS_LDL_Teslovich2010,tabula_muris,Spleen.T_cell,0.05341536952720104,0.10207789063596896,0.012824008544814785,1.9110209578160304,0.2400808729458351,8.594490551827991e-05
T2D_UKBB_Loh2018,mousebrain,MEINH2,0.17064472240718398,0.2379242960280013,0.011941678683741266,1.394266946388638,0.06997977151175308,3.2638445719120216e-08
T2D_UKBB_Loh2018,mousebrain,MEGLU11,0.15267004628630518,0.2296181905588097,0.019173772848542023,1.5040159883635729,0.12558961836289134,4.99914283575557e-05
T2D_UKBB_Loh2018,mousebrain,TEGLU23,0.2135043130966235,0.29291627558094,0.013156500583664629,1.3719454718855155,0.061621708680472995,2.7613818469963682e-09
RA_Okada2014,mousebrain,DEGLU5,0.14068526510433566,0.2203345428720256,0.015681297017707756,1.5661522385348607,0.11146367749371708,7.7838161029337e-06
HEIGHT_UKBB_Loh2018,mousebrain,TEGLU17,0.2195633199987977,0.2932531901165425,0.009570914708918238,1.335620130530675,0.04359068130765489,3.3378417751765845e-12
LIPIDS_LDL_Teslovich2010,tabula_muris,Limb_Muscle.mesenchymal_stem_cell,0.10631721278054576,0.19903029940614714,0.02198895451873607,1.8720421105938387,0.20682403106376085,2.7912292285899158e-05
T2D_UKBB_Loh2018,mousebrain,DEGLU4,0.11906360153550476,0.18492929052136395,0.019335246666328576,1.5531975191109773,0.16239427009574212,0.0004667250640606941
LIPIDS_LDL_Teslovich2010,tabula_muris,Liver.hepatocyte,0.08519118539442284,0.2712368664124982,0.033201997887385135,3.183860691181968,0.3897351320287973,2.3070139033610402e-08
WHRadjBMI_UKBB_Loh2018,tabula_muris,Limb_Muscle.mesenchymal_stem_cell,0.10631721278054576,0.19448413151587826,0.010848735245188028,1.829281697944075,0.1020411931563838,5.225987356451341e-14
RA_Okada2014,mousebrain,DEGLU4,0.11906360153550476,0.16935056192668355,0.015275654200675047,1.422353765068859,0.1282982708709668,0.0014392542517857028
HEIGHT_UKBB_Loh2018,mousebrain,MEGLU11,0.15267004628630518,0.20468136502076795,0.007361569669545778,1.3406779522220418,0.048218821233213485,7.91418383269595e-12
WHRadjBMI_UKBB_Loh2018,tabula_muris,Pancreas.type_B_pancreatic_cell,0.19167379307340493,0.2370048293926572,0.011492378650195366,1.2365009613071722,0.05995800712199687,0.00014536961555971552
BMI_UKBB_Loh2018,mousebrain,TEGLU23,0.2135043130966235,0.27528821688939986,0.006863922096870256,1.2893801202264958,0.032148868551259285,2.9344333773292704e-16
LIPIDS_LDL_Teslovich2010,mousebrain,MEGLU1,0.16126018688555435,0.29612359913940045,0.02651268457999752,1.8363094131197932,0.16440936285664515,2.336408921561297e-06
BMI_UKBB_Loh2018,mousebrain,MEGLU11,0.15267004628630518,0.20605434051865698,0.006146890539235571,1.3496710424272695,0.04026258384508631,5.69466884238784e-15
T2D_UKBB_Loh2018,mousebrain,TEINH12,0.17077887798265756,0.22185923109591404,0.011832878622891918,1.2991022878042544,0.06928771732587173,1.8123950384082185e-05
BMI_UKBB_Loh2018,mousebrain,MEGLU1,0.16126018688555435,0.21426908154628305,0.006036011484485225,1.328716564729947,0.03743026472348663,3.174277347684644e-15
RA_Okada2014,mousebrain,MEGLU1,0.16126018688555435,0.2443767687034664,0.017876471926706126,1.5154191088523266,0.11085483820872027,1.9686846766753477e-05
WHRadjBMI_UKBB_Loh2018,mousebrain,MEGLU11,0.15267004628630518,0.19148564340046387,0.00859561130301158,1.2542450078345233,0.05630188443705625,1.5087089240877595e-05
BMI_UKBB_Loh2018,tabula_muris,Limb_Muscle.mesenchymal_stem_cell,0.10631721278054576,0.11594761806696442,0.0046610298479096215,1.0905818073532196,0.04384078293634981,0.03922273941321183
WHRadjBMI_UKBB_Loh2018,tabula_muris,Spleen.T_cell,0.05341536952720104,0.07783757873982218,0.006385291352962768,1.4572131472419083,0.11954033847338913,0.00016433350598812132
T2D_UKBB_Loh2018,tabula_muris,Pancreas.type_B_pancreatic_cell,0.19167379307340493,0.2783036135667602,0.016312709425092258,1.4519648675193633,0.08510662393395124,1.197973060963415e-07
WHRadjBMI_UKBB_Loh2018,mousebrain,MEGLU10,0.14743031350329966,0.1687232302284647,0.006780545545854054,1.1444269921103336,0.04599152904672009,0.0016832821570018953
BMI_UKBB_Loh2018,mousebrain,DEGLU5,0.14068526510433566,0.1958600576280552,0.006801587832095492,1.392186008128148,0.0483461279832772,9.155471456052064e-13
WHRadjBMI_UKBB_Loh2018,mousebrain,TEGLU17,0.2195633199987977,0.2558621148161297,0.010528105692962862,1.1653226723731942,0.04795020267055769,0.0008568285007810289
LIPIDS_LDL_Teslovich2010,mousebrain,TEGLU23,0.2135043130966235,0.35685138216804707,0.03393251314829146,1.6714012798727416,0.15893127710696395,8.185974043246132e-05
LIPIDS_LDL_Teslovich2010,tabula_muris,Pancreas.type_B_pancreatic_cell,0.19167379307340493,0.384642197143914,0.03327825479992135,2.006754241027662,0.17361922183684675,2.693937383278833e-07
RA_Okada2014,mousebrain,MEGLU10,0.14743031350329966,0.20567605750402926,0.014095793229200619,1.3950730525946144,0.09560987082134327,0.00011242234878496905
RA_Okada2014,mousebrain,DEINH3,0.15764710447823266,0.2442766223939312,0.016050892660730325,1.5495154395789117,0.10181533440689726,1.707941168288759e-06
WHRadjBMI_UKBB_Loh2018,mousebrain,TEINH12,0.17077887798265756,0.20308600816329286,0.007780780662389027,1.1891752104374176,0.04556055616654863,2.8965137214372986e-05
BMI_UKBB_Loh2018,mousebrain,TEGLU17,0.2195633199987977,0.2800251985922229,0.00760845669019195,1.2753733118708366,0.03465267645904431,2.4414881308963604e-13
BMI_UKBB_Loh2018,tabula_muris,Liver.hepatocyte,0.08519118539442284,0.08934305707021961,0.0058300398040185535,1.0487359303262915,0.06843477734258906,0.4765314083711818
T2D_UKBB_Loh2018,mousebrain,TEGLU17,0.2195633199987977,0.3018229816512049,0.01443990876992603,1.3746512015433978,0.06576648945736976,4.951919095694002e-08
RA_Okada2014,mousebrain,TEGLU17,0.2195633199987977,0.31666376325696044,0.01931042274572772,1.4422434642484658,0.08794922005111536,1.051506373873306e-05
WHRadjBMI_UKBB_Loh2018,mousebrain,DEGLU4,0.11906360153550476,0.14213787308122194,0.007610225393062055,1.193797863059236,0.06391731221730837,0.0026464029344287605
HEIGHT_UKBB_Loh2018,mousebrain,TEINH12,0.17077887798265756,0.2345323501490952,0.0075142248290719985,1.3733100540273593,0.04399973180427536,3.209898128354051e-14
BMI_UKBB_Loh2018,mousebrain,MEGLU10,0.14743031350329966,0.19485753633777167,0.005574846594379451,1.32169247766953,0.03781343512000794,8.665131911479155e-15
BMI_UKBB_Loh2018,mousebrain,DEGLU4,0.11906360153550476,0.15846675935753166,0.005000499208130922,1.3309420957695188,0.041998554920579766,1.784970757096424e-13
T2D_UKBB_Loh2018,tabula_muris,Spleen.T_cell,0.05341536952720104,0.07900221174380584,0.007978105938031735,1.479016478648061,0.14935974437037253,0.0013771879128680056
T2D_UKBB_Loh2018,tabula_muris,Liver.hepatocyte,0.08519118539442284,0.13498091970976184,0.01152417542571814,1.5844470186066757,0.13527427012974266,2.2218264148911128e-05
WHRadjBMI_UKBB_Loh2018,tabula_muris,Liver.hepatocyte,0.08519118539442284,0.11285550992399182,0.007653508417048372,1.3247322408003501,0.08983920556585448,0.0003860718590644426
BMI_UKBB_Loh2018,mousebrain,DEINH3,0.15764710447823266,0.21211255539733734,0.005824650391507696,1.3454897005521922,0.03694739849986869,2.342986027410957e-16
LIPIDS_LDL_Teslovich2010,mousebrain,MEGLU10,0.14743031350329966,0.24105285437023485,0.023445434158496384,1.6350291106505708,0.15902722853513876,0.00018876767798366783
RA_Okada2014,mousebrain,MEINH2,0.17064472240718398,0.2565500958346574,0.017635245364156282,1.5034165265450763,0.103344803843836,7.621291510587352e-06
HEIGHT_UKBB_Loh2018,mousebrain,MEINH2,0.17064472240718398,0.24371084637855836,0.008589734971690985,1.428176874975527,0.050336950657018174,1.5674841433911422e-16
HEIGHT_UKBB_Loh2018,tabula_muris,Spleen.T_cell,0.05341536952720104,0.08556306083415327,0.005764090429566447,1.6018434692393444,0.10791070960636456,1.7733092142538473e-07
HEIGHT_UKBB_Loh2018,mousebrain,DEINH3,0.15764710447823266,0.22546220591862198,0.007786369903710048,1.4301702950069284,0.04939113807057055,1.0308839609576264e-16
LIPIDS_LDL_Teslovich2010,mousebrain,TEGLU17,0.2195633199987977,0.3817133363586753,0.035284065122747045,1.7385114069179022,0.16070109125212834,1.4019802776259592e-05
LIPIDS_LDL_Teslovich2010,mousebrain,DEGLU4,0.11906360153550476,0.18024455261786387,0.01831983479236856,1.513851003105386,0.15386595530545566,0.0009937221549185732
T2D_UKBB_Loh2018,mousebrain,MEGLU1,0.16126018688555435,0.2261752013134396,0.009615830699307836,1.4025483021048162,0.059629291550630216,1.279518451561877e-10
WHRadjBMI_UKBB_Loh2018,mousebrain,MEINH2,0.17064472240718398,0.21006302030276724,0.00861876181400153,1.2309962906530754,0.050507051682711086,1.0668651034954293e-05
WHRadjBMI_UKBB_Loh2018,mousebrain,TEGLU23,0.2135043130966235,0.25571856252077657,0.009962027496867159,1.1977208273307745,0.046659607725857734,4.411520054647986e-05
BMI_UKBB_Loh2018,mousebrain,MEINH2,0.17064472240718398,0.2292352333410935,0.006383242090871761,1.3433479225575091,0.03740661885599008,1.9312141382153076e-15
WHRadjBMI_UKBB_Loh2018,mousebrain,DEGLU5,0.14068526510433566,0.16738954956011692,0.0071243638180003436,1.1898157880000921,0.05064044065109976,0.00025656241092559303
HEIGHT_UKBB_Loh2018,tabula_muris,Liver.hepatocyte,0.08519118539442284,0.120388151243255,0.006232198969338632,1.4131526716746023,0.07315544372911885,3.7263638660341717e-08
WHRadjBMI_UKBB_Loh2018,mousebrain,DEINH3,0.15764710447823266,0.18816383881416845,0.008142049439055905,1.1935762438323088,0.051647313574225084,0.0002259947894215339
T2D_UKBB_Loh2018,tabula_muris,Limb_Muscle.mesenchymal_stem_cell,0.10631721278054576,0.1399151538653672,0.01243031343083468,1.316016007249668,0.11691722446197553,0.005775252987896498
HEIGHT_UKBB_Loh2018,tabula_muris,Pancreas.type_B_pancreatic_cell,0.19167379307340493,0.2614638394835705,0.01016783619509862,1.3641084432624455,0.05304760777183902,2.5792866663994606e-10
LIPIDS_LDL_Teslovich2010,mousebrain,MEINH2,0.17064472240718398,0.3314633683956201,0.02667970989704176,1.9424179296017048,0.15634652815913022,2.490502557146969e-07
WHRadjBMI_UKBB_Loh2018,mousebrain,MEGLU1,0.16126018688555435,0.19586028216684195,0.007850220773254587,1.2145606795423294,0.04868046431588136,1.7749263480843703e-05
BMI_UKBB_Loh2018,mousebrain,TEINH12,0.17077887798265756,0.2240112633489125,0.006809955687698402,1.311703566594814,0.03987586619693067,3.047512093073594e-13
T2D_UKBB_Loh2018,mousebrain,DEGLU5,0.14068526510433566,0.22219421093866087,0.0212685203612918,1.579370879913232,0.15117802383581924,0.00011110180886269704
HEIGHT_UKBB_Loh2018,mousebrain,MEGLU1,0.16126018688555435,0.22466851231478333,0.00876535426005473,1.393205084614156,0.05435535223753316,2.0646138167524287e-12
HEIGHT_UKBB_Loh2018,tabula_muris,Limb_Muscle.mesenchymal_stem_cell,0.10631721278054576,0.20431100957148585,0.010004747120141806,1.921711491752644,0.0941027972656983,1.9226646494149663e-19
LIPIDS_LDL_Teslovich2010,mousebrain,TEINH12,0.17077887798265756,0.2870737661726308,0.030500973315349227,1.6809676323191611,0.17859921364775902,0.00023044196826046826
LIPIDS_LDL_Teslovich2010,mousebrain,DEGLU5,0.14068526510433566,0.2350931838830337,0.022290024471034717,1.6710576172187104,0.15843894138098888,8.659194574509182e-05
LIPIDS_LDL_Teslovich2010,mousebrain,MEGLU11,0.15267004628630518,0.2689575542389753,0.02585988489536491,1.7616917056184933,0.1693841426291923,1.199486290124024e-05
RA_Okada2014,tabula_muris,Limb_Muscle.mesenchymal_stem_cell,0.10631721278054576,0.15925972744458838,0.0156213380218428,1.4979674812706358,0.14693141038307242,0.0012885355225089909
RA_Okada2014,tabula_muris,Pancreas.type_B_pancreatic_cell,0.19167379307340493,0.2558174139334606,0.020356325573620663,1.3346499270011871,0.10620296727693412,0.002325296895564357
RA_Okada2014,tabula_muris,Spleen.T_cell,0.05341536952720104,0.20734872436348611,0.02100035320994962,3.88181765283673,0.3931518848569507,6.846764128167707e-11
RA_Okada2014,tabula_muris,Liver.hepatocyte,0.08519118539442284,0.12238301854735226,0.015591836708683571,1.4365690297738738,0.18302171329692887,0.019934605435805143
LIPIDS_LDL_Teslovich2010,mousebrain,TEGLU19,0.12653280582743368,0.19945546744971496,0.02225550029851682,1.5763142700062602,0.17588719504781256,0.0013629905215444852
HEIGHT_UKBB_Loh2018,mousebrain,TEGLU4,0.2170744685366008,0.2846900280476459,0.009768837059547496,1.3114855467198554,0.04500223874969607,1.931280850880761e-10
T2D_UKBB_Loh2018,mousebrain,MEINH3,0.1498494416982046,0.2299521912902527,0.020713448439400026,1.5345548751084055,0.13822839914957252,9.5278532250979e-05
HEIGHT_UKBB_Loh2018,mousebrain,HBINH8,0.07513483988755293,0.11209461430743904,0.008183426828852149,1.49191259973669,0.10891654046377812,6.661394650178327e-06
T2D_UKBB_Loh2018,mousebrain,MEGLU3,0.09937019354557974,0.13898827757111396,0.008432187490723036,1.3986918271157631,0.08485630539559437,3.3033291657805112e-06
WHRadjBMI_UKBB_Loh2018,mousebrain,HBGLU2,0.17447963389687146,0.2041677945609247,0.008092373038919905,1.1701525845795897,0.046380043665743886,0.00033779530017501364
HEIGHT_UKBB_Loh2018,mousebrain,TEINH1,0.15121153160551484,0.2070735733590121,0.006517443807034522,1.369429772718868,0.04310149985146255,7.533578426484478e-15
T2D_UKBB_Loh2018,mousebrain,HBINH8,0.07513483988755293,0.12428641500218525,0.01036120299167929,1.654178210643594,0.1379014450178626,2.1463121926563432e-06
T2D_UKBB_Loh2018,mousebrain,TEGLU21,0.15396534002721862,0.2215376637700227,0.011647188115624277,1.4388800994487354,0.0756481173851546,3.66075489273604e-08
HEIGHT_UKBB_Loh2018,mousebrain,MEGLU7,0.11515816089187432,0.16165756522393798,0.0079687662192784,1.4037873127873537,0.06919844983249193,1.4185549921737186e-08
HEIGHT_UKBB_Loh2018,mousebrain,MEINH3,0.1498494416982046,0.21268057182265446,0.007917882386056889,1.419295056507392,0.05283891815895738,4.1776997246605925e-13
T2D_UKBB_Loh2018,mousebrain,MEGLU7,0.11515816089187432,0.1860220172354955,0.020798901191137618,1.6153611328523865,0.18061161302034315,0.0005583530601464394
T2D_UKBB_Loh2018,mousebrain,HBSER5,0.1505515709100467,0.21417275637184155,0.011163344875014782,1.4225873239131326,0.07414964060178944,2.2124033270655992e-08
HEIGHT_UKBB_Loh2018,mousebrain,HBSER5,0.1505515709100467,0.2088686529005629,0.007911982762706667,1.3873561839176036,0.052553305919564336,1.006927043487231e-11
WHRadjBMI_UKBB_Loh2018,mousebrain,TEGLU21,0.15396534002721862,0.1833308830362112,0.008607105062595674,1.190728270426326,0.05590287438116965,0.0009617180397639973
BMI_UKBB_Loh2018,mousebrain,MEGLU7,0.11515816089187432,0.1586380765417466,0.005620661648169154,1.3775669506453558,0.04880819218228547,6.365552319005164e-13
HEIGHT_UKBB_Loh2018,mousebrain,TEGLU19,0.12653280582743368,0.16988152364380898,0.006892479356176628,1.3425887660745832,0.054471876373125235,3.726401233083177e-09
RA_Okada2014,mousebrain,HBGLU5,0.14645573875273793,0.2387255616764853,0.015279338253625284,1.630018486879009,0.10432734410920884,7.254436441600316e-08
BMI_UKBB_Loh2018,mousebrain,TEINH1,0.15121153160551484,0.1954420789231238,0.005380885406952244,1.2925077660941822,0.03558515246700932,1.704993333127387e-13
RA_Okada2014,mousebrain,MEGLU7,0.11515816089187432,0.1943509547339518,0.02209218249349476,1.6876872053942757,0.19184209197503432,0.0006755653369741539
HEIGHT_UKBB_Loh2018,mousebrain,MEGLU2,0.14847520293758734,0.21461559357631646,0.008149191848425712,1.4454642211637967,0.054885877824671414,2.20131807071815e-13
BMI_UKBB_Loh2018,mousebrain,MEGLU2,0.14847520293758734,0.20278204410786052,0.006803319103171431,1.3657637106790246,0.045821248050634124,3.700019383607473e-12
LIPIDS_LDL_Teslovich2010,mousebrain,HBINH8,0.07513483988755293,0.15524148882601185,0.019458467667687798,2.066171819336367,0.2589806233274657,0.0001433681955697129
LIPIDS_LDL_Teslovich2010,mousebrain,MEINH3,0.1498494416982046,0.2714336478439705,0.02497493865983724,1.8113757700254591,0.16666687827997745,7.696144261409026e-06
BMI_UKBB_Loh2018,mousebrain,HBSER5,0.1505515709100467,0.19369488049047154,0.005636839565661947,1.286568312237689,0.03744125372846432,3.4290682643430915e-13
LIPIDS_LDL_Teslovich2010,mousebrain,MEGLU7,0.11515816089187432,0.2135072551371443,0.02545764326921432,1.854034950572136,0.22106677522505164,0.0002337969471561973
RA_Okada2014,mousebrain,MEGLU2,0.14847520293758734,0.235043313480712,0.018445638679366945,1.5830475987260588,0.12423380008526208,9.44174002795832e-06
T2D_UKBB_Loh2018,mousebrain,TEGLU4,0.2170744685366008,0.3020690425132242,0.014328805875733219,1.3915456965050343,0.06600871107657348,1.6876586389503022e-08
LIPIDS_LDL_Teslovich2010,mousebrain,MEGLU2,0.14847520293758734,0.2742613510257164,0.025322687127161108,1.8471862344650516,0.17055162495925796,5.2024640153066185e-06
RA_Okada2014,mousebrain,HBSER5,0.1505515709100467,0.2320710760686028,0.017834878318279585,1.5414722986003466,0.11846358168481533,1.5924311048357266e-05
BMI_UKBB_Loh2018,mousebrain,TEGLU19,0.12653280582743368,0.16997207901378322,0.0048047717121737716,1.3433044332044002,0.03797253748349305,1.352407663693184e-15
T2D_UKBB_Loh2018,mousebrain,TEINH1,0.15121153160551484,0.1994551407817524,0.009590763389078391,1.319047156417256,0.06342613745953624,5.680392911266427e-07
RA_Okada2014,mousebrain,TEGLU19,0.12653280582743368,0.17100381673937734,0.01595341010791487,1.3514583480634546,0.12608121667413466,0.006021990819905846
LIPIDS_LDL_Teslovich2010,mousebrain,TEINH1,0.15121153160551484,0.2366918152920208,0.02074470028353708,1.5653026775068282,0.13718993560396225,0.00011216473096063746
WHRadjBMI_UKBB_Loh2018,mousebrain,MEINH3,0.1498494416982046,0.18037995005299454,0.0075221215878085125,1.2037412219144474,0.05019786195105081,7.711785152638724e-05
LIPIDS_LDL_Teslovich2010,mousebrain,HBGLU5,0.14645573875273793,0.2779232939833163,0.025086415945304218,1.8976606608262432,0.17129008503830473,4.733786941987409e-06
WHRadjBMI_UKBB_Loh2018,mousebrain,MEGLU7,0.11515816089187432,0.13794086418368307,0.006436363274904575,1.1978383738969236,0.055891508036046894,0.0005930219761050335
RA_Okada2014,mousebrain,TEINH1,0.15121153160551484,0.2278456281803176,0.01638918047371695,1.5068006107809824,0.10838578446830056,1.3610186973292994e-05
HEIGHT_UKBB_Loh2018,mousebrain,TEGLU21,0.15396534002721862,0.2038416561294639,0.0074983451135927455,1.3239450911057509,0.04870151368007343,5.059203378818546e-10
RA_Okada2014,mousebrain,TEGLU4,0.2170744685366008,0.2788976012236988,0.020500086383530812,1.2848014927958884,0.09443803558166634,0.005622485952011134
BMI_UKBB_Loh2018,mousebrain,TEGLU4,0.2170744685366008,0.284890122928839,0.007773385920093461,1.3124073266165976,0.03580976598720911,1.7437714783072065e-14
HEIGHT_UKBB_Loh2018,mousebrain,HBGLU2,0.17447963389687146,0.2248161104110536,0.007828574110899657,1.2884948540408687,0.044868125500119066,7.042175890995327e-10
WHRadjBMI_UKBB_Loh2018,mousebrain,MEGLU3,0.09937019354557974,0.11192685964584806,0.0050377156710388424,1.126362500184814,0.05069644620072226,0.013234983966347006
T2D_UKBB_Loh2018,mousebrain,TEGLU19,0.12653280582743368,0.1746144908462338,0.010140100065461342,1.3799938261416114,0.08013811121275917,3.514330125313549e-06
WHRadjBMI_UKBB_Loh2018,mousebrain,HBGLU5,0.14645573875273793,0.19333318172524544,0.009414133598343793,1.3200792496882008,0.06427971808081707,1.403259848981612e-06
WHRadjBMI_UKBB_Loh2018,mousebrain,TEGLU4,0.2170744685366008,0.25326116312889474,0.010822696205799228,1.166701753717262,0.04985706646553149,0.0012083349753624687
RA_Okada2014,mousebrain,HBINH8,0.07513483988755293,0.09986294756550627,0.014027043021137962,1.3291163954692862,0.1866915939680032,0.08167364876507269
WHRadjBMI_UKBB_Loh2018,mousebrain,HBSER5,0.1505515709100467,0.1843258025991638,0.007954928044006127,1.2243366275420462,0.05283855887999422,2.7784415285415638e-05
HEIGHT_UKBB_Loh2018,mousebrain,HBGLU5,0.14645573875273793,0.21919969590817776,0.007951220866719858,1.4966958466424718,0.054290947793749135,1.4704490960747477e-15
RA_Okada2014,mousebrain,HBGLU2,0.17447963389687146,0.24097578616260185,0.0158904785339177,1.3811112551109197,0.0910735435363762,7.806298793597382e-05
LIPIDS_LDL_Teslovich2010,mousebrain,HBSER5,0.1505515709100467,0.2765124682436071,0.025107167878247898,1.8366627898477457,0.16676789040779402,1.2190526943010715e-06
BMI_UKBB_Loh2018,mousebrain,HBGLU5,0.14645573875273793,0.20221069079762305,0.007143037751940728,1.3806948947150273,0.04877267229521378,9.456566248893193e-13
T2D_UKBB_Loh2018,mousebrain,MEGLU2,0.14847520293758734,0.22353792873071165,0.01983083783201073,1.5055573207377764,0.13356329838017986,0.0001206833568979827
BMI_UKBB_Loh2018,mousebrain,HBGLU2,0.17447963389687146,0.22972308137138636,0.006658712202525562,1.3166183137865093,0.03816326326350091,2.9849888677706763e-13
RA_Okada2014,mousebrain,TEGLU21,0.15396534002721862,0.2180201004959847,0.014649940358943684,1.4160336375540248,0.09515089796413796,8.636427578178506e-05
LIPIDS_LDL_Teslovich2010,mousebrain,TEGLU4,0.2170744685366008,0.3889333273560001,0.03288785586986025,1.7917046162912629,0.15150494708830786,4.11903450677405e-06
BMI_UKBB_Loh2018,mousebrain,HBINH8,0.07513483988755293,0.1063030414852261,0.004376057718041086,1.4148302125128585,0.05824272367639712,3.865486663721931e-12
HEIGHT_UKBB_Loh2018,mousebrain,MEGLU3,0.09937019354557974,0.13720995768751953,0.0058577555109073295,1.3807959186934984,0.058948818573252126,1.525346072198022e-09
T2D_UKBB_Loh2018,mousebrain,HBGLU2,0.17447963389687146,0.2471132351912197,0.011866622457147969,1.4162869881838436,0.06801150479351589,1.2346888351773335e-09
T2D_UKBB_Loh2018,mousebrain,HBGLU5,0.14645573875273793,0.2037171358111948,0.010986007756814246,1.3909809034873781,0.0750124771509431,1.4888829399493867e-07
WHRadjBMI_UKBB_Loh2018,mousebrain,MEGLU2,0.14847520293758734,0.18436802508575595,0.007707947330256194,1.2417428731399438,0.05191403801950879,5.658658568326379e-06
WHRadjBMI_UKBB_Loh2018,mousebrain,HBINH8,0.07513483988755293,0.09896042632854933,0.005331196517291498,1.3171043749697726,0.0709550526130113,7.735324189154527e-06
BMI_UKBB_Loh2018,mousebrain,MEINH3,0.1498494416982046,0.1997735263039448,0.006313164081777437,1.3331616323688869,0.042130047401124734,5.552479374244925e-13
BMI_UKBB_Loh2018,mousebrain,TEGLU21,0.15396534002721862,0.20643505969995385,0.006417198611216071,1.3407891650384394,0.04167950143897069,3.738019782889864e-13
BMI_UKBB_Loh2018,mousebrain,MEGLU3,0.09937019354557974,0.13704278767167355,0.004825722826699921,1.3791136233302586,0.048563081689947885,3.819520290370114e-12
RA_Okada2014,mousebrain,MEINH3,0.1498494416982046,0.2313438951501917,0.017098672405833296,1.5438422227565998,0.11410567975468247,1.4604799652203802e-05
WHRadjBMI_UKBB_Loh2018,mousebrain,TEINH1,0.15121153160551484,0.1762336989493382,0.007250310124020669,1.165477904218985,0.047948129663387684,0.0007042559856428713
WHRadjBMI_UKBB_Loh2018,mousebrain,TEGLU19,0.12653280582743368,0.15132582049036794,0.009246516276092716,1.1959413963897012,0.07307603917914521,0.008932962815852246
LIPIDS_LDL_Teslovich2010,mousebrain,MEGLU3,0.09937019354557974,0.16959319095661396,0.015811326399450914,1.7066806947379436,0.15911538294628033,5.820555563271729e-05
LIPIDS_LDL_Teslovich2010,mousebrain,TEGLU21,0.15396534002721862,0.2690554169520356,0.024353420878298632,1.7475063991965392,0.15817469616209295,2.236146426579977e-05
LIPIDS_LDL_Teslovich2010,mousebrain,HBGLU2,0.17447963389687146,0.28353194571921425,0.0240988928725939,1.6250145612226563,0.1381186579451323,3.118580002572664e-05
RA_Okada2014,mousebrain,MEGLU3,0.09937019354557974,0.1462002137350869,0.011888971380332805,1.4712682799397676,0.1196432346172245,0.00011127412661999382
BMI_UKBB_Loh2018,mousebrain,HBINH4,0.09711468468576642,0.13141483026783854,0.005129648773216367,1.3531921633999735,0.052820526471504786,2.4076995573960886e-10
BMI_UKBB_Loh2018,mousebrain,OBNBL5,0.0647765029715234,0.08371627265613357,0.004719351929471386,1.2923864181574658,0.07285592325887172,8.780850292505758e-05
BMI_UKBB_Loh2018,mousebrain,COP2,0.10675992122578257,0.12544273352617674,0.005478504984252753,1.1749983709793363,0.0513161205192955,0.0006878999729810392
BMI_UKBB_Loh2018,mousebrain,PSNP1,0.17584867509016175,0.21114600963019,0.0067962756207525215,1.2007256211736057,0.03864843233688233,3.5511255734572843e-07
BMI_UKBB_Loh2018,mousebrain,MSN2,0.16194230876465546,0.207719204767568,0.006833709556907174,1.2826740976592992,0.04219841997459937,8.526598071151495e-11
BMI_UKBB_Loh2018,mousebrain,MEINH12,0.06906804839688893,0.10222313191143884,0.007465990306385601,1.4800350420215918,0.10809615270267137,2.552473921819191e-05
BMI_UKBB_Loh2018,mousebrain,VSMCA,0.09714173615554038,0.11349617149147245,0.00526136781219005,1.168356424160938,0.054161764246890835,0.002131372457435752
BMI_UKBB_Loh2018,mousebrain,CBPC,0.05699015705807926,0.06632072405512354,0.003764114948080611,1.1637224299546218,0.066048509819767,0.013911047918235315
BMI_UKBB_Loh2018,mousebrain,NFOL1,0.13527538086731128,0.1641151287455329,0.006650450357050177,1.2131928788026105,0.049162311090245325,2.2409173775986702e-05
BMI_UKBB_Loh2018,mousebrain,SYNOR1,0.1144468672528756,0.13422392571307654,0.004975128561381681,1.1728055903575116,0.04347107684816664,7.867115259248115e-05
BMI_UKBB_Loh2018,mousebrain,MBDOP1,0.05939484869158442,0.09251192514265648,0.007881296188937702,1.5575748937931782,0.13269326149583055,6.314667590191878e-05
BMI_UKBB_Loh2018,mousebrain,PVM2,0.08850968922351507,0.09109726483441334,0.005834376827730225,1.029234941774158,0.06591794501725763,0.6576990851091638
BMI_UKBB_Loh2018,mousebrain,DECHO2,0.0877819133653889,0.1133091275299476,0.004855491333421647,1.2908026629392622,0.05531311801339813,2.4693567352232164e-07
BMI_UKBB_Loh2018,mousebrain,TEINH20,0.12947862724111,0.16415023973866474,0.006271399067761592,1.2677786537927271,0.04843578590065864,9.654020973448095e-08
BMI_UKBB_Loh2018,mousebrain,ENTG7,0.15945697643652482,0.17274248925252972,0.005854212732635915,1.0833172252033354,0.03671343119293565,0.023053141703338786
BMI_UKBB_Loh2018,mousebrain,HYPEP8,0.04247444872821083,0.04968205559465772,0.003225771797765338,1.169692770177373,0.07594617221300941,0.025877300431789783
BMI_UKBB_Loh2018,mousebrain,ENT1,0.08011893666423753,0.10787187682077816,0.007715215310792499,1.3463967610160337,0.09629702579710243,0.000534010528280579
BMI_UKBB_Loh2018,mousebrain,DEINH5,0.10099677429666254,0.13815823568462274,0.005313811598736421,1.3679470126323454,0.05261367638463297,1.2058312434684945e-10
BMI_UKBB_Loh2018,mousebrain,MOL1,0.11333489391420293,0.13853933098667934,0.006375816554067921,1.2223890295565705,0.056256430247286056,0.00011322058776017842
BMI_UKBB_Loh2018,mousebrain,HBINH7,0.0931421115560781,0.1268040518312575,0.005128410756244213,1.3614040922286,0.05506006542654499,2.868286528506537e-10
BMI_UKBB_Loh2018,mousebrain,CHOR,0.15273867133707886,0.16262595828815202,0.005713453462619257,1.06473335707663,0.03740672491520003,0.08264674603207248
BMI_UKBB_Loh2018,mousebrain,ENT9,0.17292881652618242,0.2205518257555515,0.006688933213508597,1.2753908237275116,0.03868026941880941,4.663122470635436e-12
BMI_UKBB_Loh2018,mousebrain,HBCHO1,0.0828919976981415,0.1140477103951954,0.007393460652365805,1.375859112607108,0.08919390119284785,5.511559958742106e-05
BMI_UKBB_Loh2018,mousebrain,MEGLU9,0.12865068020791792,0.16732636543145385,0.00570847420865291,1.3006255789789098,0.04437189293851535,2.2505590294899634e-10
BMI_UKBB_Loh2018,mousebrain,RGSZ,0.08122731362555362,0.09612959941959252,0.004815577877766062,1.1834639744795243,0.05928520423518119,0.002128030352493343
BMI_UKBB_Loh2018,mousebrain,MEINH9,0.1252230928155888,0.1661861297000215,0.005694654372634019,1.3271204692632643,0.045476071901692415,5.944499978737293e-11
BMI_UKBB_Loh2018,mousebrain,EPSC,0.12461650082270985,0.14205102880542667,0.005561365403800479,1.139905452870328,0.04462784115333615,0.0020237022643220075
BMI_UKBB_Loh2018,mousebrain,MSN4,0.16837312287781453,0.21424063085497447,0.006991006258559161,1.2724158535115204,0.04152091580336378,1.3602089118758214e-09
BMI_UKBB_Loh2018,mousebrain,OEC,0.11284323771453365,0.12353409795213527,0.005581150594641877,1.0947408143733606,0.04945932700691246,0.05796990373945339
BMI_UKBB_Loh2018,mousebrain,ACNT2,0.11906303616114025,0.14323249539183966,0.00555777681113819,1.2029971686425698,0.0466792800715772,2.1708115573464986e-05
BMI_UKBB_Loh2018,mousebrain,HBINH9,0.10675854091286524,0.14463037616842553,0.0051774541711907115,1.3547429079840154,0.04849686148686197,1.322288910398237e-11
BMI_UKBB_Loh2018,mousebrain,PSPEP1,0.12163110155858699,0.1557164831373189,0.005899418839600265,1.280235738573113,0.04850255209403532,1.8731527422393467e-08
BMI_UKBB_Loh2018,mousebrain,TEINH11,0.20164219600786945,0.2569898284339925,0.007607060910992316,1.274484376394924,0.037725540891726035,6.1766842349264665e-12
BMI_UKBB_Loh2018,mousebrain,TEGLU11,0.2233858140250755,0.27879918888041066,0.007979710317668762,1.2480612974336631,0.03572165203280556,3.254042474105893e-11
BMI_UKBB_Loh2018,mousebrain,HBGLU1,0.13195895494952942,0.1689036071450981,0.0063692571817786465,1.2799707849285331,0.04826695682922548,5.3470415271907534e-08
BMI_UKBB_Loh2018,mousebrain,TEGLU3,0.19296389893893984,0.2441293148467097,0.0069726354432422906,1.265155379784072,0.03613440380083045,1.483425871022002e-12
BMI_UKBB_Loh2018,mousebrain,TEINH3,0.08695250618034403,0.12239476501228087,0.006867942942865238,1.4076047993191565,0.07898499128502134,1.2150803445133308e-06
BMI_UKBB_Loh2018,mousebrain,TEINH18,0.16635658743553028,0.2108416154025563,0.005983618405725218,1.2674076731963844,0.035968629183645066,1.3950932525428472e-11
BMI_UKBB_Loh2018,mousebrain,EPEN,0.21302138872588006,0.24594891288224935,0.00873284934844278,1.1545737935205236,0.040995176121400564,0.00021937058053442225
BMI_UKBB_Loh2018,mousebrain,HYPEP2,0.055712938810456435,0.07120503258909626,0.0033888085335983128,1.278069944063554,0.0608262390380722,5.393635029425782e-06
BMI_UKBB_Loh2018,mousebrain,HBGLU8,0.11531415746400905,0.1466042261466033,0.005399150267402869,1.271346288874896,0.04682122634497859,3.745901317020538e-08
BMI_UKBB_Loh2018,mousebrain,PER2,0.15455660342979824,0.16654213725182734,0.006004265425307949,1.0775478598523494,0.038848326710512686,0.04676492420971881
BMI_UKBB_Loh2018,mousebrain,PSPEP5,0.08173652228106386,0.10602509055769756,0.004929095935699712,1.297156859611835,0.06030469364417342,1.6601448584847543e-06
BMI_UKBB_Loh2018,mousebrain,SCINH11,0.050510645678581496,0.06824401765318458,0.0037861863852551203,1.3510818706901369,0.07495818622767303,3.7606479796245696e-06
BMI_UKBB_Loh2018,mousebrain,TEINH5,0.10686793822320878,0.13823310867522426,0.00575788606597007,1.293494671774287,0.053878517371074484,1.401645726960991e-07
BMI_UKBB_Loh2018,mousebrain,SCGLU6,0.0621787529665817,0.08030069079665253,0.0038501315027264335,1.2914490395104987,0.06192037181568609,4.572307504208855e-06
BMI_UKBB_Loh2018,mousebrain,PSPEP7,0.08590412878510696,0.10499403769312132,0.00426129840366823,1.2222234155446547,0.04960528049039482,8.061436750989459e-06
BMI_UKBB_Loh2018,mousebrain,MEINH1,0.04646378855152327,0.06216097166587986,0.003906863281679184,1.3378369178171972,0.0840840448760845,9.032705084886356e-05
BMI_UKBB_Loh2018,mousebrain,NFOL2,0.10917688951036343,0.13294000846580128,0.005610064145565931,1.2176570431893663,0.05138508864582926,2.6596461720213414e-05
BMI_UKBB_Loh2018,mousebrain,ENT8,0.14363276548996787,0.1881181901596195,0.007957717293797163,1.3097164112791433,0.055403217132604585,1.3791445394291716e-07
BMI_UKBB_Loh2018,mousebrain,HYPEP7,0.041643997872491234,0.05365907662276752,0.003053539115429709,1.2885188589977594,0.07332483122247938,0.0001017648255488247
BMI_UKBB_Loh2018,mousebrain,TEINH19,0.18114548544829592,0.2265090332430186,0.005716263789622361,1.2504260466798702,0.031556203432152034,2.7848263746630355e-13
BMI_UKBB_Loh2018,mousebrain,HBINH2,0.12488827173140556,0.1635256307865378,0.006049984103867368,1.3093754002635951,0.04844317260534228,1.4924308337998216e-09
BMI_UKBB_Loh2018,mousebrain,TEGLU12,0.15689870467124736,0.19907911926040006,0.005858563509804483,1.268838513852196,0.037339782518154216,5.1369249022552165e-12
BMI_UKBB_Loh2018,mousebrain,OBNBL3,0.08219190760612441,0.09939182134396604,0.00591112593149457,1.2092652943434057,0.07191858789580048,0.004174492478859915
BMI_UKBB_Loh2018,mousebrain,SCINH9,0.052067925569530916,0.07225257705106164,0.003967930004920603,1.3876599895376351,0.07620680028094977,1.1969184828473343e-06
BMI_UKBB_Loh2018,mousebrain,PSPEP6,0.08224696511887354,0.10148318126080684,0.004199115763933075,1.233883598186641,0.05105496303558425,5.882327717336985e-06
BMI_UKBB_Loh2018,mousebrain,SCINH4,0.052905333154062886,0.07483137546474,0.003465471496775427,1.4144391690498843,0.06550325440128704,1.2437973126469802e-09
BMI_UKBB_Loh2018,mousebrain,PSNF1,0.1207318816389977,0.15679114752502865,0.006049985240681937,1.2986722760923444,0.05011091650813571,6.2742100766929906e-09
BMI_UKBB_Loh2018,mousebrain,PSPEP3,0.13604710809456216,0.17425295657350026,0.0063912541110764925,1.2808280823755729,0.04697824305559019,8.985306116468543e-09
BMI_UKBB_Loh2018,mousebrain,TEINH4,0.0999231410197187,0.1316174410421961,0.005549830058134189,1.3171867867546607,0.055540988818986316,3.3872021604878997e-08
BMI_UKBB_Loh2018,mousebrain,TEINH2,0.1604915615265556,0.20046483396919135,0.0060387148671060325,1.2490677519890765,0.037626369945355925,7.681024600135004e-10
BMI_UKBB_Loh2018,mousebrain,PSNP4,0.11717392890281955,0.13896222317571974,0.0057720079469874,1.1859483118550265,0.0492601724721079,0.00016996001319309655
BMI_UKBB_Loh2018,mousebrain,MEINH13,0.10148324116190467,0.1380276021959898,0.005408899334568271,1.3601024229782224,0.05329844881421359,8.211020719083906e-11
BMI_UKBB_Loh2018,mousebrain,ENT7,0.10419469489621098,0.12065101788207523,0.004385354966678569,1.1579382040732158,0.04208808299738148,0.00018032517782947367
BMI_UKBB_Loh2018,mousebrain,DEINH1,0.1328438486496906,0.1702204328139112,0.0056439187601247075,1.2813572818323165,0.042485360199159314,2.1485638057322675e-10
BMI_UKBB_Loh2018,mousebrain,SCGLU1,0.044168341653582605,0.06106354887729761,0.0031591522385334995,1.382518487024622,0.0715252626714196,2.0125969140120574e-07
BMI_UKBB_Loh2018,mousebrain,TEINH16,0.15578799463282356,0.1976508060483039,0.006573686492161232,1.2687165433648897,0.04219636120007027,1.355788098191314e-09
BMI_UKBB_Loh2018,mousebrain,SATG1,0.06431266851107606,0.06621145230998564,0.003915004550159896,1.0295242577064356,0.06087454681631885,0.6274258611613406
BMI_UKBB_Loh2018,mousebrain,OBNBL1,0.09976622092482464,0.13018536535630715,0.0050734580183762045,1.3049042466427971,0.0508534649438023,7.590344640293782e-09
BMI_UKBB_Loh2018,mousebrain,HBINH3,0.08999860252051894,0.126553262670013,0.005376249644112555,1.406169197362369,0.05973703472658716,7.098851348791266e-10
BMI_UKBB_Loh2018,mousebrain,OBINH5,0.05513070392677633,0.08240079736997864,0.005755743472897093,1.4946443905273183,0.10440177728442893,5.7182774198858596e-06
BMI_UKBB_Loh2018,mousebrain,DGNBL1,0.05805088460289614,0.07143552700059083,0.003892660724117501,1.2305674149369796,0.06705601044231628,0.0006043535391299161
BMI_UKBB_Loh2018,mousebrain,SCINH1,0.05814422484388774,0.07976605013296015,0.0037556148850874382,1.3718653975889292,0.06459136561147633,2.753896394812376e-08
BMI_UKBB_Loh2018,mousebrain,ACMB,0.12451897183400915,0.14279694136251053,0.0054947006314103215,1.1467886319593683,0.04412741729617771,0.001000671986398334
BMI_UKBB_Loh2018,mousebrain,SCGLU9,0.05513127823402096,0.07320767801805657,0.004012207085744388,1.327879206923246,0.07277551354266434,1.3301482885836645e-05
BMI_UKBB_Loh2018,mousebrain,ACTE1,0.1082762193972551,0.12652276349914102,0.005199672167542117,1.1685184817447412,0.04802229147348613,0.0004988106585153085
BMI_UKBB_Loh2018,mousebrain,EPMB,0.07096651155585318,0.0761585919985171,0.0036729331819492154,1.0731624019390833,0.05175586486392933,0.1601704065290614
BMI_UKBB_Loh2018,mousebrain,ENT5,0.1247822996422664,0.1567502919486396,0.006469983999085692,1.2561901198969807,0.05185017440481736,1.6480416197541725e-06
BMI_UKBB_Loh2018,mousebrain,SCGLU10,0.04846015270760363,0.06501086649268581,0.003127592346660879,1.3415324314998556,0.0645394653527401,4.18688310142356e-07
BMI_UKBB_Loh2018,mousebrain,OBNBL2,0.08184223913552639,0.11327990638468155,0.005147044281136672,1.3841252094422298,0.06288982725183558,3.926131952792129e-09
BMI_UKBB_Loh2018,mousebrain,HYPEP5,0.06995939722312297,0.09242464107657064,0.004588368769985432,1.3211183164114293,0.06558616786464942,1.2410878741683037e-06
BMI_UKBB_Loh2018,mousebrain,ABC,0.1033856009481702,0.11310598610832827,0.005092877337396616,1.0940206863529396,0.049260992736791305,0.05799040115860948
BMI_UKBB_Loh2018,mousebrain,MSN1,0.18239912287965668,0.2374824761376564,0.007125625896376372,1.30199352051897,0.03906611930956334,2.068423925502203e-13
BMI_UKBB_Loh2018,mousebrain,PSNP3,0.17674641434176494,0.2037088661322318,0.0064841967908229785,1.152548790824865,0.03668644037261678,3.466605075464644e-05
BMI_UKBB_Loh2018,mousebrain,TEGLU15,0.1859205187364606,0.2354538302819492,0.0067757994158242595,1.2664219736590845,0.03644460257465637,7.470460145429157e-12
BMI_UKBB_Loh2018,mousebrain,TEGLU8,0.2308431223870836,0.2835070650672358,0.007198847655846088,1.228137369376957,0.031185021158113075,3.866070068329545e-12
BMI_UKBB_Loh2018,mousebrain,MFOL2,0.13188212701899565,0.16074940118242642,0.0071398011921308575,1.2188869319591191,0.05413774674033334,7.28817601440558e-05
BMI_UKBB_Loh2018,mousebrain,SYNOR2,0.11215372505595056,0.13720057375944708,0.005890748652250686,1.2233260526210905,0.0525238787147903,2.6651201331700487e-05
BMI_UKBB_Loh2018,mousebrain,HYPEP1,0.09312392678194667,0.1259853933601004,0.005453376970593541,1.3528788756417045,0.05856042758337325,6.4982085161460436e-09
BMI_UKBB_Loh2018,mousebrain,SCINH8,0.06165578547680986,0.0870023610875387,0.003724502810367574,1.4110980894122622,0.06040800196712187,2.604807722905304e-10
BMI_UKBB_Loh2018,mousebrain,ENT6,0.13603806423407966,0.160283777474513,0.005339645723229366,1.1782274202219898,0.03925111514407819,6.617631557065199e-06
BMI_UKBB_Loh2018,mousebrain,TEINH10,0.13140599729143587,0.16698084964824916,0.006746237490719085,1.27072472406198,0.051338885817799405,3.234003437829227e-07
BMI_UKBB_Loh2018,mousebrain,DGGRC2,0.14290623120619264,0.1858835754820624,0.005998262522546408,1.3007380707833502,0.04197341481836295,4.305585735653608e-11
BMI_UKBB_Loh2018,mousebrain,ENT2,0.17437299853649202,0.2041757441697464,0.005978748737036476,1.1709137646504222,0.03428712465356424,8.722048288669045e-07
BMI_UKBB_Loh2018,mousebrain,DEINH8,0.0385090361938903,0.050393531284225065,0.003425176953685425,1.3086157500929692,0.08894475926221312,0.0005488691041087806
BMI_UKBB_Loh2018,mousebrain,OBINH2,0.11598052261690008,0.14243493591350762,0.00611677046842765,1.2280935858858837,0.05273963533197897,2.7717224284004382e-05
BMI_UKBB_Loh2018,mousebrain,PSNF2,0.11481594294878895,0.1454151608359942,0.005591065553845487,1.2665066984717734,0.048695898933994335,2.2873124215310522e-07
BMI_UKBB_Loh2018,mousebrain,HBSER3,0.119632225861664,0.15598140968359306,0.005408449182437625,1.3038410725882608,0.045208965590021306,1.087268330432213e-10
BMI_UKBB_Loh2018,mousebrain,CBGRC,0.06754351063897948,0.09594067069790728,0.0048761618280267725,1.4204276590050349,0.07219289879807836,2.991813365411518e-08
BMI_UKBB_Loh2018,mousebrain,MSN6,0.06292344016331876,0.07749915691911763,0.0045767269175505726,1.231642083108733,0.07273484897951556,0.0015023193049155965
BMI_UKBB_Loh2018,mousebrain,HBINH1,0.05084710391795686,0.06340108134346026,0.0038121079759755976,1.2468966068502068,0.07497197838694086,0.0011621655977214547
BMI_UKBB_Loh2018,mousebrain,MBCHO1,0.12535418679319915,0.1633169957004486,0.006796978533210478,1.3028443634665186,0.05422218999692186,6.242141845248003e-08
BMI_UKBB_Loh2018,mousebrain,PSPEP4,0.12561639093748928,0.15787911618052944,0.0055206841282767,1.256835314263209,0.04394875610639035,2.1412136906854286e-08
BMI_UKBB_Loh2018,mousebrain,TEGLU16,0.14236091248412094,0.17765084724734112,0.00584212812621674,1.2478906193240116,0.04103744507024268,5.589884435162004e-09
BMI_UKBB_Loh2018,mousebrain,ENT4,0.15919169919435835,0.18950866819226994,0.0067928665324033105,1.190443152195375,0.04267098452231386,1.3142973878489998e-05
BMI_UKBB_Loh2018,mousebrain,PSNP5,0.14640610764750758,0.18433887909954927,0.006865428852210871,1.2590928210684351,0.04689304949449456,1.48687603194501e-07
BMI_UKBB_Loh2018,mousebrain,ENT3,0.15901945034415824,0.19042672746395875,0.0059743329976232815,1.1975058840401422,0.037569825481683625,2.796883787483513e-07
BMI_UKBB_Loh2018,mousebrain,HBGLU10,0.08288329665283851,0.10566508139790726,0.0039209141704769955,1.2748658133193178,0.047306445675055264,1.828309164718096e-08
BMI_UKBB_Loh2018,mousebrain,MSN5,0.1075876273261017,0.141264305968072,0.005238697360806278,1.3130162777908945,0.04869237746946134,1.6881733724296213e-09
BMI_UKBB_Loh2018,mousebrain,MEGLU6,0.16402173653632562,0.20635991850201085,0.006570790476001421,1.2581254342244368,0.04006048597434645,6.331811074495139e-10
BMI_UKBB_Loh2018,mousebrain,TEINH13,0.1498531442108046,0.19049037116491985,0.006476455407114441,1.2711803423820671,0.04321868213858592,1.6232645246886747e-09
BMI_UKBB_Loh2018,mousebrain,CBNBL2,0.0476158607548312,0.0606217064401544,0.0030613846218083872,1.2731410391232632,0.06429337983767884,3.2643548548920126e-05
BMI_UKBB_Loh2018,mousebrain,DEINH4,0.0800122425162921,0.10377263433096699,0.003930574221057072,1.2969594535465845,0.04912466014506128,5.267591440652471e-09
BMI_UKBB_Loh2018,mousebrain,MEINH14,0.037445535556767474,0.056972019310581976,0.007612236797103463,1.5214635994246184,0.2032882340690068,0.012211392402158005
BMI_UKBB_Loh2018,mousebrain,HBINH6,0.13469564529683467,0.17586392265889556,0.007763684722580961,1.3056392600617233,0.05763872102525505,3.072709359031184e-07
BMI_UKBB_Loh2018,mousebrain,SYCHO2,0.11783389640301754,0.14142824223070574,0.0072546858519503266,1.20023394411902,0.0615670539072876,0.001545427649623465
BMI_UKBB_Loh2018,mousebrain,DEINH7,0.038091991509362134,0.053518138510266905,0.0042488342024740175,1.4049708715574345,0.11154140369452074,0.0003483900975052676
BMI_UKBB_Loh2018,mousebrain,TEGLU14,0.1268925842435489,0.15917428433865974,0.005655180619640551,1.254401786263187,0.04456667545509504,3.1713413046651984e-08
BMI_UKBB_Loh2018,mousebrain,SYNOR3,0.15891608100107008,0.18088125998319152,0.0058546563711293935,1.1382187305636708,0.03684118268112823,0.0001793738674465631
BMI_UKBB_Loh2018,mousebrain,HBGLU7,0.1958622050700201,0.2467102904222712,0.007773133318239072,1.2596115229789897,0.039686744645094765,8.074657631232963e-10
BMI_UKBB_Loh2018,mousebrain,HBCHO3,0.19177650528566426,0.24350770448398296,0.0069171665771165,1.2697473244767996,0.03606889471060549,1.9717706360613396e-11
BMI_UKBB_Loh2018,mousebrain,TEINH17,0.1473244003432482,0.19530679266561773,0.007102435778559036,1.3256920931670266,0.04820950068020784,1.2653310786690716e-09
BMI_UKBB_Loh2018,mousebrain,MEINH8,0.06190032561616801,0.0836732793977029,0.004758613198737481,1.3517421526430216,0.07687541465039659,1.2612682056718293e-05
BMI_UKBB_Loh2018,mousebrain,TEGLU22,0.1989094553668684,0.2449149603846212,0.00663829168483705,1.231288678222462,0.033373434523730365,4.4723490363212564e-11
BMI_UKBB_Loh2018,mousebrain,OBINH3,0.08563201923626981,0.10808777902012323,0.005336301157540287,1.2622355514225945,0.062316656843239226,4.503002469225691e-05
BMI_UKBB_Loh2018,mousebrain,VLMC1,0.08860918687782897,0.0926686250760978,0.005195851824956002,1.0458128365839294,0.05863784566852925,0.4352289359166915
BMI_UKBB_Loh2018,mousebrain,SYNOR4,0.13938626744265953,0.15820383188881398,0.005838085178448538,1.135003001309979,0.04188422063063134,0.0013221014732648056
BMI_UKBB_Loh2018,mousebrain,ACTE2,0.11518241838153785,0.13348550389825933,0.005319427257928296,1.1589052024944742,0.046182632147103164,0.0006295146335359642
BMI_UKBB_Loh2018,mousebrain,MEGLU5,0.15130866216580902,0.19588627886226528,0.007279965362081872,1.2946137786057923,0.04811334168102184,5.532956839587023e-09
BMI_UKBB_Loh2018,mousebrain,CBINH2,0.04812280679721776,0.06425185053930026,0.0040405570569814675,1.3351642353291622,0.08396345362829237,9.335278965943692e-05
BMI_UKBB_Loh2018,mousebrain,SCINH3,0.06275289684674089,0.09380994937686987,0.007902637097874228,1.4949102605729658,0.12593262614114134,0.00017344094823598853
BMI_UKBB_Loh2018,mousebrain,MEINH11,0.06306282592992321,0.08448274145656759,0.004185855650449972,1.339659937701597,0.06637596061904022,7.814670906722421e-07
BMI_UKBB_Loh2018,mousebrain,HBSER2,0.16339504233130778,0.2018010453576716,0.005925072738920153,1.235049989757277,0.03626225529478542,4.0739829389886385e-10
BMI_UKBB_Loh2018,mousebrain,TEINH15,0.15476220648136282,0.20227393285908146,0.006902693346765763,1.3069982488485663,0.04460193159366087,1.5851090090951303e-10
BMI_UKBB_Loh2018,mousebrain,MGL2,0.09509622160252444,0.10458020315962524,0.006159717996310769,1.0997303720093232,0.06477353035178059,0.12492731739046245
BMI_UKBB_Loh2018,mousebrain,SCHW,0.060003340428651075,0.06464403650322084,0.004237222317883775,1.0773406287286278,0.07061644047837941,0.2741479972304117
BMI_UKBB_Loh2018,mousebrain,MSN3,0.1534267822503383,0.1896742081270596,0.0060787599351486135,1.2362522718985156,0.03961994018247887,6.077335962859913e-09
BMI_UKBB_Loh2018,mousebrain,MFOL1,0.16160695656738908,0.1921553782101383,0.007214870336744891,1.1890291253026026,0.04464455299445192,3.421482175621344e-05
BMI_UKBB_Loh2018,mousebrain,TEGLU13,0.16527431737372292,0.2096841519548986,0.00642242261952774,1.2687037846343356,0.038859168935516934,1.3615288714755998e-10
BMI_UKBB_Loh2018,mousebrain,MEGLU14,0.08854960964615471,0.11802025756207775,0.0048261528317437965,1.332815108205311,0.054502248525195765,3.488125619660431e-09
BMI_UKBB_Loh2018,mousebrain,TEINH14,0.12179803496800545,0.15325111785297904,0.005737172906281114,1.258239657915958,0.047103985772744085,1.0231804365097332e-07
BMI_UKBB_Loh2018,mousebrain,HBADR,0.10734888269794317,0.13584332215601985,0.004382469011493394,1.2654376900992437,0.040824542383219066,1.5218052487543546e-09
BMI_UKBB_Loh2018,mousebrain,SCGLU7,0.04046480314959787,0.05528757312079259,0.003956200630397821,1.3663126672430637,0.09776893305947383,0.00021534259989808893
BMI_UKBB_Loh2018,mousebrain,PSPEP8,0.09191937751939676,0.11733563500862736,0.00484070098502516,1.2765059792084346,0.05266246482145377,3.0248014079226843e-07
BMI_UKBB_Loh2018,mousebrain,TEGLU18,0.20427782272449704,0.25733799153187564,0.00787020018995027,1.25974512602349,0.03852694377188736,1.4235382655971898e-10
BMI_UKBB_Loh2018,mousebrain,VECA,0.12586090088345114,0.1399510731437728,0.0054597714597837185,1.1119503528213999,0.04337940870802712,0.010513797142159756
BMI_UKBB_Loh2018,mousebrain,DEGLU3,0.20900443522055945,0.2569689522369897,0.007033665739824405,1.2294904266783333,0.0336531889019574,8.715174045410808e-11
BMI_UKBB_Loh2018,mousebrain,SCINH10,0.05623477788691009,0.07710447002239224,0.0032373304831288,1.371117179078252,0.05756812073907669,1.1903140269978379e-09
BMI_UKBB_Loh2018,mousebrain,ENTG5,0.14646683683922462,0.16105202500239238,0.0061389719854448,1.0995801403096988,0.04191373363366546,0.01759500590194564
BMI_UKBB_Loh2018,mousebrain,PER1,0.16404467101526662,0.1745564596479392,0.006087344380462141,1.0640788180903131,0.03710784594700811,0.08562281860981813
BMI_UKBB_Loh2018,mousebrain,TEGLU10,0.22620991295043544,0.2852465830872998,0.007617952437953794,1.2609817994572141,0.033676474821963065,2.425674789677621e-13
BMI_UKBB_Loh2018,mousebrain,PVM1,0.10049480862658224,0.10460423992197344,0.006213798127784585,1.0408919759294333,0.06183203105419866,0.508479967886966
BMI_UKBB_Loh2018,mousebrain,HBSER1,0.13175768597836368,0.16451997657874126,0.005731117688223507,1.2486556314123305,0.0434974069684605,2.6322674739955878e-08
BMI_UKBB_Loh2018,mousebrain,TEGLU7,0.2394905195223802,0.2917547431364266,0.007705656205840615,1.2182308665841042,0.032175203516231585,1.4154134295524401e-10
BMI_UKBB_Loh2018,mousebrain,MEINH4,0.1131847049282238,0.15811733851343168,0.007079843498082241,1.3969850309165175,0.06255123872586786,8.92024282749414e-09
BMI_UKBB_Loh2018,mousebrain,MEINH5,0.10141252828043798,0.12644221111762455,0.004836281685117904,1.2468105594209378,0.047689193506191295,6.671627175132891e-07
BMI_UKBB_Loh2018,mousebrain,SCGLU3,0.06583377397954611,0.09214382031428388,0.004516412555854303,1.399643598480501,0.0686032758391993,5.0647728939620746e-08
BMI_UKBB_Loh2018,mousebrain,DGGRC1,0.12692645715817455,0.16898808535738408,0.006329548473514289,1.3313858208993632,0.049867841703219264,3.4279743435492014e-10
BMI_UKBB_Loh2018,mousebrain,MEGLU8,0.1255459129554479,0.1721156026759707,0.006912266152254725,1.3709375209772767,0.05505767563064885,2.3652302492769114e-10
BMI_UKBB_Loh2018,mousebrain,HBGLU6,0.2000215339180052,0.25402916929768377,0.007915840139964709,1.2700091051287403,0.039574939682292656,1.7177112981674494e-10
BMI_UKBB_Loh2018,mousebrain,VECV,0.13790168184326476,0.14893931399873572,0.006637467114931032,1.0800398661418504,0.048131879366598254,0.09729668054366772
BMI_UKBB_Loh2018,mousebrain,HYPEP4,0.05841647358685361,0.0744878465468712,0.0037186835060812992,1.2751171368830176,0.06365813062221842,1.9580022117355614e-05
BMI_UKBB_Loh2018,mousebrain,MBDOP2,0.0980605581145494,0.12182537940358293,0.004253601345758935,1.24234841964975,0.043377290804220085,4.902977643249524e-08
BMI_UKBB_Loh2018,mousebrain,HYPEN,0.09009079743436364,0.09860151498198116,0.0046693772773685905,1.0944682230592762,0.051829680836941235,0.0703595410745225
BMI_UKBB_Loh2018,mousebrain,HBINH5,0.21557243853066102,0.2751193353604875,0.007301806563488036,1.2762268555094398,0.033871707409616265,1.1060241160721098e-13
BMI_UKBB_Loh2018,mousebrain,SYCHO1,0.08559869232162648,0.0995572027668052,0.0041296021599354854,1.1630692019538262,0.04824375288840882,0.0007509106999900473
BMI_UKBB_Loh2018,mousebrain,SYNOR5,0.08305429694582414,0.09803795494994944,0.0045193017821307715,1.1804079807441998,0.054413822623514435,0.0009994360990832687
BMI_UKBB_Loh2018,mousebrain,OBDOP1,0.07240650167788329,0.09154419732059166,0.005067292911292985,1.2643090772130758,0.06998394887017169,0.00022875452890553082
BMI_UKBB_Loh2018,mousebrain,DETPH,0.035401217744862185,0.041847665175857834,0.002645134289657805,1.1820967707228442,0.07471873732483954,0.015866990883944432
BMI_UKBB_Loh2018,mousebrain,OBNBL4,0.04525242650518328,0.058975164973858726,0.0037990119790045954,1.3032486769986498,0.08395156398009843,0.0003624013354702773
BMI_UKBB_Loh2018,mousebrain,TEGLU24,0.2124943611723268,0.2717435948184992,0.0073471597399702715,1.2788273219077233,0.034575786855877734,2.0016670358150745e-13
BMI_UKBB_Loh2018,mousebrain,TEGLU6,0.14263744958290292,0.18735155010252508,0.006188696899903129,1.313480790987038,0.0433876020498121,1.2107955797033633e-11
BMI_UKBB_Loh2018,mousebrain,TECHO,0.11401002212007835,0.14836433988928505,0.0050863490030285535,1.3013271739656695,0.044613174424889386,2.327945290348073e-10
BMI_UKBB_Loh2018,mousebrain,HBNOR,0.08248051204353705,0.11892524599148065,0.0061578333571425965,1.4418587257157955,0.07465803987604011,6.147366998928218e-08
BMI_UKBB_Loh2018,mousebrain,OBDOP2,0.06520152665948263,0.07776844881887954,0.0046310717281645005,1.1927396918944568,0.07102704438732611,0.00722367302419228
BMI_UKBB_Loh2018,mousebrain,TEINH7,0.06626796316059795,0.08864081159753627,0.004675983983828711,1.3376118318699273,0.07056175806243868,2.8463304222284382e-06
BMI_UKBB_Loh2018,mousebrain,HBSER4,0.16210610353105429,0.20418076866028426,0.006895672309928354,1.2595501601281152,0.0425380177533375,1.7912517570359423e-08
BMI_UKBB_Loh2018,mousebrain,HYPEP6,0.07959364829509484,0.09523959833456844,0.003802764006322815,1.196572846886801,0.047777229562640494,3.7112320305807336e-05
BMI_UKBB_Loh2018,mousebrain,HYPEP3,0.09400074383086987,0.12251545579381355,0.0043142054519782645,1.3033455992034335,0.04589543950567633,2.6552357759900167e-10
BMI_UKBB_Loh2018,mousebrain,OBINH4,0.07039979302910039,0.08972328765180299,0.004618255147409606,1.274482264666816,0.06560040802251517,3.894135089447744e-05
BMI_UKBB_Loh2018,mousebrain,PSNP2,0.1330370088251142,0.15869894638441742,0.005762858729325982,1.192893224118091,0.04331771121599429,9.70262068423048e-06
BMI_UKBB_Loh2018,mousebrain,DECHO1,0.15490199931714102,0.1940849622529401,0.0056800484376509615,1.2529532421048826,0.036668658007582115,6.610468575432026e-11
BMI_UKBB_Loh2018,mousebrain,TEGLU20,0.13562487960264127,0.17660851300236424,0.005753748745850753,1.3021837403269836,0.04242399154718733,1.707300635177223e-11
BMI_UKBB_Loh2018,mousebrain,OPC,0.13111398548302028,0.15326858264276133,0.0057537520423187214,1.1689720366452452,0.04388358740772054,0.00012418858912060314
BMI_UKBB_Loh2018,mousebrain,PSNP6,0.1651801871010019,0.20366264679029414,0.007101748574737029,1.2329726123010234,0.042993949210110516,1.8564139240944051e-07
BMI_UKBB_Loh2018,mousebrain,ENTG2,0.14921851888615306,0.165615185005963,0.006557520187447705,1.109883587119102,0.04394575309014288,0.012283703233459672
BMI_UKBB_Loh2018,mousebrain,SCGLU8,0.041304110439996544,0.05603622067901834,0.0038518792958102703,1.3566741925219157,0.09325656102450107,0.00016187614670307374
BMI_UKBB_Loh2018,mousebrain,PSPEP2,0.14987893064902366,0.1889631063090863,0.0062569134626355065,1.2607716474277983,0.041746451189243694,1.8461260857364264e-09
BMI_UKBB_Loh2018,mousebrain,ENMFB,0.09347307715014147,0.09384941151638364,0.004056781350050846,1.004026125786334,0.043400532792288685,0.9261315979563912
BMI_UKBB_Loh2018,mousebrain,DEINH2,0.113100061398621,0.1512746573456901,0.006582522197522285,1.3375294007358915,0.058200872007683487,7.397704740513673e-08
BMI_UKBB_Loh2018,mousebrain,HBGLU4,0.08311078314581026,0.10539839285614916,0.004626005627832857,1.2681674852135292,0.0556607151651664,2.0444596279614483e-06
BMI_UKBB_Loh2018,mousebrain,HBGLU9,0.1592796913901689,0.20754158998988634,0.006430957669145507,1.3030009549773416,0.0403752519421471,1.938391074896857e-12
BMI_UKBB_Loh2018,mousebrain,SZNBL,0.10086325049537186,0.12314131584167565,0.00572989577859553,1.2208739579270849,0.05680855763079388,0.00013593819317563112
BMI_UKBB_Loh2018,mousebrain,TEGLU5,0.15456724905106822,0.19922161350482448,0.00609251914704413,1.2888992637696663,0.039416624054887536,5.539220908188387e-12
BMI_UKBB_Loh2018,mousebrain,SCINH2,0.07164202972940817,0.11175184795061452,0.006595403088553743,1.5598643474047438,0.0920605280652233,2.333887669676004e-08
BMI_UKBB_Loh2018,mousebrain,COP1,0.12240774603682325,0.1397798930569346,0.0059762934525549845,1.1419203243468383,0.048822837165526836,0.0037949597723299904
BMI_UKBB_Loh2018,mousebrain,RGDG,0.06961784984249099,0.07796756937577391,0.003709544957346878,1.1199364753748355,0.0532843942428508,0.024561896210186226
BMI_UKBB_Loh2018,mousebrain,DEGLU1,0.22988713576654984,0.2866343607388118,0.007682335621373952,1.2468481969773582,0.03341785783600939,2.2002777704292394e-12
BMI_UKBB_Loh2018,mousebrain,HBGLU3,0.12665640461079622,0.1689957547685394,0.006165393585534992,1.3342851100806798,0.04867810360226705,1.1632680860668542e-10
BMI_UKBB_Loh2018,mousebrain,ENTG4,0.16198803364111533,0.18281306217021528,0.006228632858758822,1.1285590550178404,0.03845119123155952,0.0008725707079156892
BMI_UKBB_Loh2018,mousebrain,MEINH10,0.1727564337390914,0.21796409875306186,0.006432243582100146,1.261684407552926,0.03723301901343113,1.5560062033007557e-10
BMI_UKBB_Loh2018,mousebrain,VLMC2,0.10890724988185574,0.1109732453875148,0.005353560501208075,1.0189702293272511,0.04915706261076008,0.6997504896234574
BMI_UKBB_Loh2018,mousebrain,OBINH1,0.07227966749794483,0.0932653692076317,0.00518764619963812,1.2903403188771392,0.0717718603199942,8.816881303016274e-05
BMI_UKBB_Loh2018,mousebrain,ACBG,0.08777786950919185,0.09689078019958354,0.004888796032319789,1.1038178613965723,0.055695086468325015,0.06302612067064327
BMI_UKBB_Loh2018,mousebrain,SCGLU2,0.061434976542386034,0.09075444017221433,0.007230208575925923,1.4772438320961971,0.1176887985126447,0.00011907261866641596
BMI_UKBB_Loh2018,mousebrain,SCGLU4,0.08360030118896362,0.11591874413547233,0.007516641231414345,1.3865828530145916,0.08991165252412565,4.343872534402873e-05
BMI_UKBB_Loh2018,mousebrain,MEINH6,0.08634475867377425,0.11794022780796383,0.004885738132310123,1.3659222588549098,0.056584073050331925,9.631067546648189e-10
BMI_UKBB_Loh2018,mousebrain,VECC,0.1232739080801836,0.13149610148152535,0.005483628492857362,1.0666985701142335,0.04448328586525002,0.13413615435166193
BMI_UKBB_Loh2018,mousebrain,PSNF3,0.1160805577052702,0.1478368970881766,0.00592543507058024,1.2735715610837786,0.051045887336490785,1.8422156918479376e-07
BMI_UKBB_Loh2018,mousebrain,MEGLU4,0.11333830034865815,0.15257369013698607,0.0063525767879226615,1.3461794439093369,0.056049691660987326,4.766329207530364e-09
BMI_UKBB_Loh2018,mousebrain,MOL2,0.13452767875665406,0.16038686294560572,0.006311937392514848,1.1922220351079436,0.046919247034154635,6.547787036378896e-05
BMI_UKBB_Loh2018,mousebrain,DEINH6,0.04156197054961985,0.05876314291908352,0.0037544240256086603,1.4138680659745813,0.09033315735418132,5.549997047706321e-06
BMI_UKBB_Loh2018,mousebrain,SEPNBL,0.047696632365002434,0.06758028158626056,0.003465091461307688,1.416877423737107,0.07264855587268275,3.870153791553005e-08
BMI_UKBB_Loh2018,mousebrain,ACOB,0.11960194821860345,0.14106335531452607,0.0051306422473016075,1.1794402801591188,0.04289764777011855,4.0465566135772464e-05
BMI_UKBB_Loh2018,mousebrain,SCGLU5,0.0810802184875135,0.09947661682278304,0.004155446753141086,1.226891326619977,0.05125105519765012,1.7269253024607126e-05
BMI_UKBB_Loh2018,mousebrain,CR,0.05631826563315119,0.06999933668640287,0.0036553176600753272,1.2429242253724244,0.06490465604685916,0.00020300164064659617
BMI_UKBB_Loh2018,mousebrain,CBINH1,0.08054473365474434,0.10988389998666112,0.005429794769558764,1.3642592755682743,0.0674134052368169,2.524232501159456e-07
BMI_UKBB_Loh2018,mousebrain,TEGLU1,0.12465516523275695,0.1588482957226165,0.005059011590160848,1.2743017541713086,0.04058405105568332,4.9932238988596794e-11
BMI_UKBB_Loh2018,mousebrain,HBCHO4,0.12959255850614512,0.17072532039190624,0.006653405708096951,1.3174006467648425,0.05134095494982804,1.2204958651650525e-08
BMI_UKBB_Loh2018,mousebrain,TEGLU2,0.1657733965905245,0.21067228309295036,0.006554185796110105,1.2708449451230717,0.039537018188144785,3.132610265551639e-11
BMI_UKBB_Loh2018,mousebrain,PER3,0.07378973935583245,0.07367511532060651,0.0038886029205768666,0.998446612818712,0.052698423310930234,0.9764909579490896
BMI_UKBB_Loh2018,mousebrain,MGL3,0.09720104225697362,0.10433134520020554,0.0061060914869934405,1.0733562395800376,0.06281919766714604,0.24395531370422086
BMI_UKBB_Loh2018,mousebrain,ENTG1,0.15155177634394193,0.1700057641250623,0.00630453094267428,1.1217668853926177,0.041599848545267784,0.0036629410923613797
BMI_UKBB_Loh2018,mousebrain,TEINH6,0.07225161394190775,0.09379392277164557,0.004213819945505221,1.2981567836956334,0.05832146460967979,6.896923294558051e-07
BMI_UKBB_Loh2018,mousebrain,ENTG6,0.1346448930271157,0.1489024267098314,0.005561480111189349,1.1058898957262673,0.041304798022078267,0.01014519775792797
BMI_UKBB_Loh2018,mousebrain,SATG2,0.1173735585811704,0.12830209634560433,0.0059094259628915905,1.0931090263986178,0.050347165360969184,0.06385460438496528
BMI_UKBB_Loh2018,mousebrain,TEINH21,0.1099018278820328,0.13838239602256272,0.0054971184880521756,1.2591455364245678,0.05001844458813472,5.174994650565371e-07
BMI_UKBB_Loh2018,mousebrain,TEINH8,0.056503755291762485,0.07717793814226864,0.005048571334999107,1.3658904216853032,0.08934930623514016,6.048735864801964e-05
BMI_UKBB_Loh2018,mousebrain,MOL3,0.12606095312090995,0.14837107908352132,0.0062327920471517105,1.176978877362706,0.049442685406111415,0.0004398533139554248
BMI_UKBB_Loh2018,mousebrain,TEINH9,0.09658197464776808,0.12934121589250847,0.0057294673707435784,1.3391858715273992,0.05932232584432856,4.0296727676770447e-08
BMI_UKBB_Loh2018,mousebrain,DGNBL2,0.0961813803070396,0.11994209963275593,0.005397847367030623,1.2470407395887335,0.056121541922138016,1.5315377857343892e-05
BMI_UKBB_Loh2018,mousebrain,HBCHO2,0.13642218968111205,0.17783823091256332,0.005255595799171107,1.3035872780539708,0.038524493789874686,1.319978293157474e-12
BMI_UKBB_Loh2018,mousebrain,ENTG3,0.1474340646460529,0.16329807537370747,0.006290729642317431,1.1076007147041596,0.04266808798509135,0.01151331224559833
BMI_UKBB_Loh2018,mousebrain,ACNT1,0.11611661453299882,0.13745685005374075,0.005513550844639198,1.183782791175653,0.04748287630339342,0.00014585253738028076
BMI_UKBB_Loh2018,mousebrain,SCINH7,0.05237526294653106,0.0717099739619465,0.003291714990570876,1.3691573068598029,0.06284865803788567,9.162254101254556e-09
BMI_UKBB_Loh2018,mousebrain,MGL1,0.0942381220494178,0.10424053192447152,0.00624015823723535,1.1061397410891585,0.0662169205150656,0.11038866830545134
BMI_UKBB_Loh2018,mousebrain,DEGLU2,0.17629631341186355,0.21495680479572385,0.006467403045717201,1.2192926819379462,0.03668484564738487,6.534676050548504e-09
BMI_UKBB_Loh2018,mousebrain,SCINH6,0.0908470465233446,0.11371159339890025,0.004084531440303378,1.2516817854907396,0.044960530877069214,5.0783212115257335e-08
BMI_UKBB_Loh2018,mousebrain,MEINH7,0.07878839794475657,0.10988160225489338,0.0045417499271133074,1.3946419158305283,0.05764490769691509,1.2496980988216214e-10
BMI_UKBB_Loh2018,mousebrain,TEGLU9,0.1495159730375427,0.1919932107975608,0.00593186349119155,1.28409832673431,0.039673777795647895,3.1874002311154485e-12
BMI_UKBB_Loh2018,mousebrain,CBNBL1,0.05492831888047234,0.07171826606627943,0.0044216874192201504,1.3056701447998642,0.08049923080373232,0.00020716174564302536
BMI_UKBB_Loh2018,mousebrain,SCINH5,0.080673327361949,0.10795248937453923,0.004591362197345818,1.338143509194799,0.05691301384838397,1.7625693602605268e-08
