gwas,specificity_id,annotation,q,h2g,h2g_se,prop_h2g,prop_h2g_se,enr,enr_se,enr_pval
HEIGHT_UKBB_Loh2018,tabula_muris,Liver.hepatocyte,0,0.45181167242573,0.0182474880118801,0.7217918812446908,0.00838548549400083,0.8927132261623771,0.0103711803953494,2.94711568001109e-25
HEIGHT_UKBB_Loh2018,tabula_muris,Liver.hepatocyte,1,0.0574541711702309,0.0022010719581886102,0.0917859294596521,0.0015468807057742,1.4989028952694,0.0252612135887403,4.99840947665091e-65
HEIGHT_UKBB_Loh2018,tabula_muris,Liver.hepatocyte,2,0.0326812010086758,0.00120784675208167,0.0522098630846365,0.0010029543147270599,1.5236643341529297,0.029269674882256003,1.40305467429186e-64
HEIGHT_UKBB_Loh2018,tabula_muris,Liver.hepatocyte,3,0.0225941028283673,0.00110386021266819,0.0360952161726278,0.00140244542520627,1.33443305018733,0.0518481318280197,6.939248591673099e-11
HEIGHT_UKBB_Loh2018,tabula_muris,Liver.hepatocyte,4,0.0288432608702352,0.0016932012869224,0.046078560593586,0.00240875008805705,1.4862839668066299,0.0776952793187207,2.38947920145272e-10
HEIGHT_UKBB_Loh2018,tabula_muris,Liver.hepatocyte,5,0.0325739658012257,0.00257611444003492,0.0520385494448062,0.00395326439049334,1.3726959518282198,0.10428096254090499,0.000296437371949952
BMI_UKBB_Loh2018,mousebrain,MEINH2,0,0.12257427858396601,0.0039383096316879295,0.484212048576528,0.0100579728927579,0.829879894174413,0.0172381284282145,3.0066565105845695e-20
BMI_UKBB_Loh2018,mousebrain,MEINH2,1,0.0190891070839246,0.000642886511550825,0.07540877052988,0.0015375511057371801,0.989965801451571,0.0201849599452193,0.6188347063733161
BMI_UKBB_Loh2018,mousebrain,MEINH2,2,0.0430962770460512,0.0013954048326264,0.170245640729554,0.0024382462484165,1.14771249825642,0.0164374587281204,1.5585883004089403e-17
BMI_UKBB_Loh2018,mousebrain,MEINH2,3,0.0353982474499055,0.00136839194245889,0.139835682589771,0.00333611613373853,1.30187294573776,0.0310593065941177,7.988152483092549e-20
BMI_UKBB_Loh2018,mousebrain,MEINH2,4,0.0206554777327078,0.0010222119016907,0.0815964923703795,0.0030751381364720397,1.4804737935234198,0.0557948177704262,3.60625755405233e-16
BMI_UKBB_Loh2018,mousebrain,MEINH2,5,0.0123283481348095,0.000724427726796224,0.0487013652038873,0.00233983951232007,1.65126173248835,0.0793342739096346,7.65271893474478e-15
T2D_UKBB_Loh2018,mousebrain,TEGLU23,0,0.0169923805778534,0.00132337698276509,0.427622676838432,0.0177838041402902,0.7582036044674699,0.0315318740811449,1.3016759414805501e-15
T2D_UKBB_Loh2018,mousebrain,TEGLU23,1,0.00272152717923311,0.000189828881242848,0.0684887401232643,0.00334051687726028,1.1813878114178402,0.0576218209814953,0.00158708273105313
T2D_UKBB_Loh2018,mousebrain,TEGLU23,2,0.00580702813842563,0.00032271869173338503,0.1461370821853,0.00398180043438436,1.21902931014345,0.0332149196088486,2.04082129990769e-11
T2D_UKBB_Loh2018,mousebrain,TEGLU23,3,0.00570108690276307,0.000323682264517206,0.14347101226213402,0.00465875694142794,1.2665318804652501,0.0411265251190715,3.5626896799066794e-11
T2D_UKBB_Loh2018,mousebrain,TEGLU23,4,0.00456775554873489,0.00029734720549178597,0.114950100484411,0.00602110960863453,1.44730930300356,0.0758103552259417,9.30246428930187e-10
T2D_UKBB_Loh2018,mousebrain,TEGLU23,5,0.00394707729283626,0.000332726932046982,0.0993303881064585,0.00756145905140768,1.5176407612096203,0.11552938319675801,4.6162395583317105e-06
T2D_UKBB_Loh2018,mousebrain,MEINH2,0,0.0181272280608857,0.00137466274923754,0.456129535497673,0.0187029719612538,0.7817499208485881,0.0320545935145174,3.01591139574821e-12
T2D_UKBB_Loh2018,mousebrain,MEINH2,1,0.00341667190823067,0.00022233085926015,0.0859726023865703,0.0033913457690030397,1.1286477106900201,0.0445215630571802,0.00379437708912785
T2D_UKBB_Loh2018,mousebrain,MEINH2,2,0.00713180379372034,0.000399539702757206,0.179455255969856,0.00490859340010089,1.2097992011530903,0.0330913259805824,1.34676541656893e-10
T2D_UKBB_Loh2018,mousebrain,MEINH2,3,0.00568829646566657,0.00035692982047841803,0.143132751237134,0.00627604666756858,1.3325687194683702,0.058430117487715,6.84412779857689e-09
T2D_UKBB_Loh2018,mousebrain,MEINH2,4,0.00348459058947571,0.000265066375471664,0.0876816180410243,0.005888792816052179,1.59088134688728,0.10684532124347801,1.29738627043357e-08
T2D_UKBB_Loh2018,mousebrain,MEINH2,5,0.0018928129942242101,0.000192136551093332,0.0476282368677422,0.00449240837332665,1.61487639199314,0.152318975095023,4.40876882694192e-05
RA_Okada2014,tabula_muris,Liver.hepatocyte,0,0.10574141159896198,0.009600341532852129,0.721925112549633,0.0214707304703461,0.8928780068299781,0.0265550300083629,9.30199967879663e-05
RA_Okada2014,tabula_muris,Liver.hepatocyte,1,0.012962358023798,0.0010399774924148301,0.0884975113698112,0.00338933721849264,1.4452016425312502,0.0553493046238224,1.2523238259868099e-15
RA_Okada2014,tabula_muris,Liver.hepatocyte,2,0.00774286704234765,0.000677065757989843,0.0528626398728589,0.0026134661313678698,1.54271461798082,0.0762699784603273,8.46245487262285e-12
RA_Okada2014,tabula_muris,Liver.hepatocyte,3,0.00526377277997566,0.000687514831760405,0.0359371952686976,0.00355413303870505,1.3285910484157801,0.131395600151782,0.0143048402347579
RA_Okada2014,tabula_muris,Liver.hepatocyte,4,0.00686718353977829,0.00104476342344315,0.0468841126185807,0.00599641583192884,1.5122673969258702,0.193416994682379,0.009305751066000609
RA_Okada2014,tabula_muris,Liver.hepatocyte,5,0.007893848111727459,0.00159232947405434,0.0538934283204188,0.00976441443936275,1.42162476999955,0.257570057503284,0.10490097798387
LIPIDS_LDL_Teslovich2010,mousebrain,TEGLU23,0,0.0329611391314738,0.00557261521094696,0.330629303865934,0.0434479075142822,0.586227867490847,0.0770360457201493,4.2352776783520496e-07
LIPIDS_LDL_Teslovich2010,mousebrain,TEGLU23,1,0.0071903179980300205,0.0007732663329034219,0.0721252328319353,0.006011581690846079,1.24411502985699,0.10369601374074301,0.0129508148829531
LIPIDS_LDL_Teslovich2010,mousebrain,TEGLU23,2,0.0163969364071722,0.0014694804861443,0.16447573757123699,0.006029695781738479,1.3720045720672602,0.0502978147590721,6.3213719825265e-14
LIPIDS_LDL_Teslovich2010,mousebrain,TEGLU23,3,0.0152812093672307,0.00170624153875835,0.153284011064188,0.00962399418762868,1.35315896721823,0.0849585938222381,6.459554978356701e-05
LIPIDS_LDL_Teslovich2010,mousebrain,TEGLU23,4,0.0142109734414199,0.00203614599604902,0.14254860056421398,0.0154000682683493,1.79479543608319,0.19389858710645103,0.00010549445272234001
LIPIDS_LDL_Teslovich2010,mousebrain,TEGLU23,5,0.0136515524105659,0.00239273208912769,0.13693711410249199,0.0203864524720429,2.0922232364744198,0.31147881164901303,0.000730452600620673
HEIGHT_UKBB_Loh2018,mousebrain,TEGLU23,0,0.25044430978773397,0.0117628894731729,0.40037764333847203,0.0131109289763674,0.7098963379861121,0.0232465539042372,2.43463133305929e-28
HEIGHT_UKBB_Loh2018,mousebrain,TEGLU23,1,0.0460682601674995,0.0019026842274531398,0.0736479157949327,0.00220198853933775,1.27038035595148,0.037982921230168,2.1639492342485e-13
HEIGHT_UKBB_Loh2018,mousebrain,TEGLU23,2,0.0984770878794011,0.0036900596167899397,0.15743230262012198,0.0020846782113979998,1.31325046584656,0.0173897261660751,4.9109277779117496e-57
HEIGHT_UKBB_Loh2018,mousebrain,TEGLU23,3,0.0914225250025737,0.004155577878183579,0.146154389131886,0.00341373024912286,1.29022016633748,0.0301356916888764,1.2213885713748599e-18
HEIGHT_UKBB_Loh2018,mousebrain,TEGLU23,4,0.0744304481530621,0.00428323446529423,0.118989676584814,0.00479874934056904,1.4981706423644299,0.0604199085874629,1.8144711569355098e-14
HEIGHT_UKBB_Loh2018,mousebrain,TEGLU23,5,0.0646775846227996,0.00476537869346023,0.10339807252977301,0.00608683837861806,1.5797897551101001,0.0929990731576053,3.52995257549979e-09
LIPIDS_LDL_Teslovich2010,tabula_muris,Liver.hepatocyte,0,0.0511640363136091,0.00783811503531758,0.514137120587213,0.0458505630095178,0.6358855225938039,0.056708041596428,3.2244813808085e-11
LIPIDS_LDL_Teslovich2010,tabula_muris,Liver.hepatocyte,1,0.00928215659751426,0.0009045746722676901,0.09327452659586599,0.00416135415481389,1.5232123136137599,0.0679566664260211,2.95540737168977e-12
LIPIDS_LDL_Teslovich2010,tabula_muris,Liver.hepatocyte,2,0.0073502976595779404,0.0006888171538823781,0.0738616642946354,0.00531125443013606,2.15553876026213,0.155000769331483,7.639699858444079e-15
LIPIDS_LDL_Teslovich2010,tabula_muris,Liver.hepatocyte,3,0.0066920273723665895,0.000785443415957597,0.0672468384439052,0.00714086457022473,2.48610240512163,0.263996360178216,5.31286683065482e-09
LIPIDS_LDL_Teslovich2010,tabula_muris,Liver.hepatocyte,4,0.0103834260846202,0.00133931889016417,0.10434096239504101,0.0129452313740974,3.3655630187048398,0.4175540552931529,4.0318168454146604e-09
LIPIDS_LDL_Teslovich2010,tabula_muris,Liver.hepatocyte,5,0.0146424350452973,0.0020872463320235897,0.14713888768334,0.0206896731235894,3.8812948791674304,0.545761379677251,4.2456375895556596e-08
WHRadjBMI_UKBB_Loh2018,mousebrain,TEGLU23,0,0.0785547205225716,0.00438179362877104,0.48331408995769104,0.0135035859257715,0.8569482044430791,0.0239427609355352,5.880412998217171e-09
WHRadjBMI_UKBB_Loh2018,mousebrain,TEGLU23,1,0.0111795970725386,0.000593254811551579,0.0687833493552451,0.00201033252317515,1.18646963589245,0.0346769751568151,8.30098721680905e-08
WHRadjBMI_UKBB_Loh2018,mousebrain,TEGLU23,2,0.0225887710096021,0.00110657966528146,0.13897918840703602,0.00251630381109047,1.15932042459492,0.0209902103769627,1.21429465483713e-13
WHRadjBMI_UKBB_Loh2018,mousebrain,TEGLU23,3,0.0207085244997738,0.00114507252009645,0.127410824026786,0.0036187093956259204,1.1247559210876399,0.03194520442446899,0.00011471052953001298
WHRadjBMI_UKBB_Loh2018,mousebrain,TEGLU23,4,0.0161746417994071,0.00106267838441956,0.0995157544914932,0.004514838756363671,1.25297913324129,0.0568452581260016,1.26531588941774e-05
WHRadjBMI_UKBB_Loh2018,mousebrain,TEGLU23,5,0.0133272241623764,0.00108429737891241,0.0819967937617484,0.00543172244771273,1.2528057009900802,0.08298974309242799,0.0024906766040651398
RA_Okada2014,mousebrain,TEGLU23,0,0.0627052413232391,0.00624280479693226,0.429047356387115,0.0233052605516032,0.7607296565866171,0.0413217855608611,2.13044816156505e-07
RA_Okada2014,mousebrain,TEGLU23,1,0.0101682112804472,0.000900592284322419,0.0695738358867406,0.00394029243911871,1.20010503277255,0.0679675732480806,0.00221444795422148
RA_Okada2014,mousebrain,TEGLU23,2,0.0224026587250052,0.0018923285652919398,0.153285455875345,0.0050596131845683,1.2786587821276598,0.0422056926123396,2.5676207305884103e-10
RA_Okada2014,mousebrain,TEGLU23,3,0.020198190107167998,0.0019487226775399102,0.13820184543445999,0.00568390165702566,1.2200167854260802,0.0501762867672485,5.62794544884847e-05
RA_Okada2014,mousebrain,TEGLU23,4,0.0163437155746001,0.0018775700550574,0.11182841837220199,0.0077434150765268,1.4080049479574999,0.0974954926533111,0.00013042049042764198
RA_Okada2014,mousebrain,TEGLU23,5,0.0143319135036497,0.0019388639728064399,0.0980630880441375,0.00955018694397951,1.4982780438385799,0.145914591291251,0.00136798294831172
WHRadjBMI_UKBB_Loh2018,tabula_muris,Liver.hepatocyte,0,0.12152076873019502,0.00611198832170705,0.746919353598851,0.0103021758094726,0.9237909197378521,0.0127417457058491,3.6405839183127397e-09
WHRadjBMI_UKBB_Loh2018,tabula_muris,Liver.hepatocyte,1,0.0130081089264043,0.000636689055276154,0.0799534796593097,0.0016769174461484,1.30567400530474,0.0273847683403863,4.3613617283076695e-26
WHRadjBMI_UKBB_Loh2018,tabula_muris,Liver.hepatocyte,2,0.00740889663121224,0.000380064939653457,0.0455382922646927,0.00127413384343396,1.3289648289148999,0.0371836312045182,5.03006897791207e-18
WHRadjBMI_UKBB_Loh2018,tabula_muris,Liver.hepatocyte,3,0.00557090810431619,0.000371521173368634,0.0342412175607027,0.00169583469147216,1.26589108576407,0.0626946753589683,2.43413581515178e-05
WHRadjBMI_UKBB_Loh2018,tabula_muris,Liver.hepatocyte,4,0.00709419877521725,0.000558511561391982,0.0436040227432366,0.00286856755324708,1.4064666746679,0.0925268911869251,1.23413334531438e-05
WHRadjBMI_UKBB_Loh2018,tabula_muris,Liver.hepatocyte,5,0.008093088812113321,0.000872379414274835,0.0497436341732074,0.0049059937777408795,1.31215965831655,0.129412481136549,0.0155656073233566
WHRadjBMI_UKBB_Loh2018,mousebrain,MEINH2,0,0.0826141301641718,0.00456253572350262,0.508660260744178,0.0138275563262108,0.8717811227499691,0.023698730782146002,1.0882967607811501e-07
WHRadjBMI_UKBB_Loh2018,mousebrain,MEINH2,1,0.0137586576466371,0.000713259840858704,0.0847128980492905,0.00204333229325653,1.11211032113859,0.0268248517660695,3.25691464558103e-05
WHRadjBMI_UKBB_Loh2018,mousebrain,MEINH2,2,0.0261098112146727,0.00133260192297696,0.160759707256428,0.0032329293495599104,1.08376299354029,0.0217948219089159,0.00013895471708901398
WHRadjBMI_UKBB_Loh2018,mousebrain,MEINH2,3,0.0210967463882716,0.00124511864188861,0.12989395999675898,0.004705423241486911,1.2093153135356698,0.0438075826061407,2.59870230272301e-06
WHRadjBMI_UKBB_Loh2018,mousebrain,MEINH2,4,0.0125483269999197,0.00089287459651475,0.077260818107003,0.00421342298451598,1.40180800854033,0.0764476772027219,2.59917785889751e-07
WHRadjBMI_UKBB_Loh2018,mousebrain,MEINH2,5,0.0062874729002268,0.0005643926588729559,0.0387123558463406,0.0030521294911537698,1.3125757669403402,0.103485079119283,0.00251157754683845
RA_Okada2014,mousebrain,MEINH2,0,0.0638839865687894,0.006924952595590579,0.43660509596251296,0.0279606541900696,0.7482874329512159,0.0479211221788403,8.22981435894179e-07
RA_Okada2014,mousebrain,MEINH2,1,0.012108921999448,0.0011482487776268801,0.0827565300089529,0.00433385374902099,1.0864271354643198,0.0568948010937725,0.125467798340044
RA_Okada2014,mousebrain,MEINH2,2,0.0251338649294002,0.00230552255892703,0.171773461532389,0.0068146718212336605,1.15801231576127,0.045941170576992006,0.000815295195426116
RA_Okada2014,mousebrain,MEINH2,3,0.0222159402070016,0.00229099205431192,0.15183136223865698,0.00949607282191501,1.4135529583882902,0.0884086240982892,9.68700739044215e-06
RA_Okada2014,mousebrain,MEINH2,4,0.0145781802081691,0.00169754515955279,0.0996322883183382,0.0085920264641163,1.80771240967724,0.155892363064389,1.03206431923398e-06
RA_Okada2014,mousebrain,MEINH2,5,0.008398943302913391,0.0011629786245478302,0.0574012619391497,0.0064267332948504605,1.9462392242978102,0.21790392754427898,3.78651346866841e-05
T2D_UKBB_Loh2018,tabula_muris,Liver.hepatocyte,0,0.0284911706162564,0.00179082320480435,0.7164870221550641,0.015950039799481,0.886152168889093,0.0197270319281771,5.211103009044189e-09
T2D_UKBB_Loh2018,tabula_muris,Liver.hepatocyte,1,0.00317930330183383,0.00017168788027946899,0.0799521222184865,0.00229184733795663,1.3056518377242399,0.037426832528713,3.43390000129695e-17
T2D_UKBB_Loh2018,tabula_muris,Liver.hepatocyte,2,0.00194512968399375,0.00011459089817749799,0.048915511186294,0.00200447144842707,1.4275237546705402,0.0584974078527112,5.21834126608897e-14
T2D_UKBB_Loh2018,tabula_muris,Liver.hepatocyte,3,0.00157560411113802,0.000122416889015099,0.0396227979850162,0.00259046699332173,1.46484705671877,0.0957690557877675,8.96009068836821e-07
T2D_UKBB_Loh2018,tabula_muris,Liver.hepatocyte,4,0.00205665588453175,0.00019304122983328201,0.0517201370962643,0.00441419412689937,1.6682554649486798,0.14238174701350698,2.21417684083353e-06
T2D_UKBB_Loh2018,tabula_muris,Liver.hepatocyte,5,0.00251722597855163,0.000306023082028206,0.0633024093588752,0.007235579587125441,1.6698190475133101,0.19086332948062804,0.00043817089124459103
BMI_UKBB_Loh2018,mousebrain,TEGLU23,0,0.119277801161446,0.004123711619889729,0.471745523600601,0.00949463930145372,0.836436362612527,0.0168346304613791,1.70805283966698e-21
BMI_UKBB_Loh2018,mousebrain,TEGLU23,1,0.0146952664914574,0.000565683645344112,0.0581200032022696,0.001347813666207,1.00253360273748,0.0232489404017884,0.9131296042085741
BMI_UKBB_Loh2018,mousebrain,TEGLU23,2,0.0328818302683924,0.00102898590694544,0.13004814044076,0.0017961561139449,1.0848204477349601,0.0149829661010738,2.87620588358859e-08
BMI_UKBB_Loh2018,mousebrain,TEGLU23,3,0.034791834667762,0.00109708764976902,0.137602236984177,0.00244454314275396,1.2147235683078201,0.0215799120299909,1.49841418507098e-22
BMI_UKBB_Loh2018,mousebrain,TEGLU23,4,0.0272777464230722,0.00102212162544993,0.107883903322288,0.0030682900995612898,1.35834049961409,0.0386321089472298,3.2826130972250196e-20
BMI_UKBB_Loh2018,mousebrain,TEGLU23,5,0.02391904613901,0.00108999826863634,0.0946001924499038,0.0037275237389754797,1.4453694465220202,0.0569517755088472,5.3840690837899995e-15
BMI_UKBB_Loh2018,tabula_muris,Liver.hepatocyte,0,0.199673007814968,0.00573693170782745,0.7899806792087241,0.008082902916577,0.977049228548042,0.009996945832878629,0.0219577438651686
BMI_UKBB_Loh2018,tabula_muris,Liver.hepatocyte,1,0.0181091000064526,0.000577512774283474,0.0716463345722372,0.0011064650776072599,1.17001482643344,0.0180690408443164,1.5786171339530099e-19
BMI_UKBB_Loh2018,tabula_muris,Liver.hepatocyte,2,0.009574966334188991,0.00036473437538377205,0.0378821278391954,0.0009326589936537589,1.10553147777529,0.0272182143487629,0.000126656919605093
BMI_UKBB_Loh2018,tabula_muris,Liver.hepatocyte,3,0.00748451744263155,0.00039471983341910497,0.0296115345663481,0.00131767677218522,1.09473261506783,0.0487142513805342,0.0518874725121763
BMI_UKBB_Loh2018,tabula_muris,Liver.hepatocyte,4,0.00858322443216057,0.00061894258907275,0.0339584280365152,0.0022587287383002102,1.09534383189163,0.0728562755835798,0.19007209946208398
BMI_UKBB_Loh2018,tabula_muris,Liver.hepatocyte,5,0.00933200837063106,0.00096302867897266,0.0369208957769804,0.0036424477673847704,0.973915774202865,0.0960821037169366,0.7854745741308979
LIPIDS_LDL_Teslovich2010,mousebrain,MEINH2,0,0.0317047453116382,0.00532742577923821,0.316905193993609,0.0409757547646378,0.543136523818186,0.0702274037330568,6.3903721853288e-09
LIPIDS_LDL_Teslovich2010,mousebrain,MEINH2,1,0.00797441948881392,0.0007832317052202049,0.0797084136853585,0.00519177183640846,1.04641148611742,0.0681575436234867,0.483311765345059
LIPIDS_LDL_Teslovich2010,mousebrain,MEINH2,2,0.0191395246381782,0.00193124705182737,0.19130936737664997,0.008985136203737129,1.28971379843146,0.0605733754789481,3.25791965398609e-06
LIPIDS_LDL_Teslovich2010,mousebrain,MEINH2,3,0.0190626920086038,0.00222100885342432,0.19054138582874697,0.0133825964378919,1.7739440367416697,0.12459223514022,4.20917194657372e-08
LIPIDS_LDL_Teslovich2010,mousebrain,MEINH2,4,0.014167404454709999,0.00193865727104298,0.141610475434341,0.0144824632273693,2.5693579672187,0.262767511824689,1.0272407917437401e-07
LIPIDS_LDL_Teslovich2010,mousebrain,MEINH2,5,0.00799610421834097,0.00123068779828221,0.0799251636812952,0.00941632832195362,2.7099315121305096,0.31926872180057897,2.21765148920305e-06
HEIGHT_UKBB_Loh2018,mousebrain,MEINH2,0,0.274166897351921,0.0146337796714412,0.438542170698718,0.0128234800489098,0.751607340792864,0.0219778675421684,9.488645334378658e-33
HEIGHT_UKBB_Loh2018,mousebrain,MEINH2,1,0.0576719311764134,0.00271214672898475,0.0922488240950076,0.00211450565260025,1.2110419044956202,0.027759215119689998,4.05600204365064e-12
HEIGHT_UKBB_Loh2018,mousebrain,MEINH2,2,0.11366138384112101,0.00399406427415043,0.18180644883004998,0.00272555925751859,1.22564978869172,0.0183743819294725,3.43945279625679e-36
HEIGHT_UKBB_Loh2018,mousebrain,MEINH2,3,0.0936303597411314,0.00361419212994268,0.149765933089551,0.0045198227952835,1.394323772527,0.042079638814155,3.26864666260301e-23
HEIGHT_UKBB_Loh2018,mousebrain,MEINH2,4,0.0571881085167921,0.00285107892220139,0.0914749281891456,0.00435827422719825,1.6597065635339499,0.0790758351359942,1.56838133941949e-18
HEIGHT_UKBB_Loh2018,mousebrain,MEINH2,5,0.0288592741291681,0.00192443078180935,0.0461616950975283,0.0032126585194970103,1.56515203017881,0.10892795408484099,5.2931828259757e-08
T2D_UKBB_Loh2018,tabula_muris,Spleen.T_cell,0,0.0308725138621672,0.0018766818282904398,0.776663645124726,0.0132767393013642,0.921170613388398,0.0157470253214588,2.735349532048e-07
T2D_UKBB_Loh2018,tabula_muris,Spleen.T_cell,1,0.00354094261399978,0.00018788377470320902,0.08907993077741198,0.0028577126640142,1.33159379383163,0.0427179547036679,1.6538017362054399e-16
T2D_UKBB_Loh2018,tabula_muris,Spleen.T_cell,2,0.00209319565553678,0.000134402681218952,0.0526587816932092,0.0027295635856766603,1.4442748908169902,0.0748638692905721,6.7419543788155e-10
T2D_UKBB_Loh2018,tabula_muris,Spleen.T_cell,3,0.00118207050134703,0.000100169313435575,0.0297374936316945,0.00234295888263378,1.6548414686060602,0.130381718319694,2.35345521957268e-07
T2D_UKBB_Loh2018,tabula_muris,Spleen.T_cell,4,0.00117713869069278,0.00016221428693658998,0.029613423461805,0.0039099821699595,1.45058445462587,0.19152663524104,0.0179942954196693
T2D_UKBB_Loh2018,tabula_muris,Spleen.T_cell,5,0.0008843111685060519,0.00015091230488788898,0.0222467253111536,0.00371163728604191,1.47029576160084,0.24530372420839203,0.0538424923265285
BMI_UKBB_Loh2018,mousebrain,DEINH3,0,0.130217222573521,0.00423108140679707,0.514901952585498,0.00980427737514033,0.8415585821197941,0.0160241648436209,4.86492757833482e-21
BMI_UKBB_Loh2018,mousebrain,DEINH3,1,0.018498904382124,0.000620935873506543,0.073147943096929,0.00126737213885571,1.01317102482875,0.0175543518299935,0.45350512813850397
BMI_UKBB_Loh2018,mousebrain,DEINH3,2,0.0377077284353419,0.0012009867156991699,0.14910303426229998,0.0022419795591841897,1.1553559613420001,0.0173724462531968,6.9129463361220394e-18
BMI_UKBB_Loh2018,mousebrain,DEINH3,3,0.0355190883269676,0.00135749284855136,0.140448763782275,0.00353117865971659,1.31930686264124,0.0331701619403242,3.7528129519652297e-20
BMI_UKBB_Loh2018,mousebrain,DEINH3,4,0.0234198502211302,0.00109174914918824,0.0926062341815908,0.0033671504066717602,1.48733830786641,0.0540794238363106,4.83712830903932e-18
BMI_UKBB_Loh2018,mousebrain,DEINH3,5,0.0075343293280851,0.00040647869294329,0.0297920720914075,0.00135780989701363,1.6381514839348301,0.0746607450085955,1.3624262466164498e-16
RA_Okada2014,tabula_muris,Spleen.T_cell,0,0.082993553152395,0.0093460367375209,0.5700353052538399,0.0338600892159578,0.6760967570580649,0.040160137980246,3.8676116609854795e-14
RA_Okada2014,tabula_muris,Spleen.T_cell,1,0.0144544557842707,0.00115359358457755,0.099279399450885,0.0037508024218112397,1.4840585416985,0.0560681309828651,4.8401967381307296e-17
RA_Okada2014,tabula_muris,Spleen.T_cell,2,0.0132147892647867,0.00124475104853402,0.0907648383072089,0.006495823093823161,2.48941150404683,0.178161246575284,2.18884439182998e-15
RA_Okada2014,tabula_muris,Spleen.T_cell,3,0.00954031986280687,0.00101456132459175,0.0655270070824465,0.00587804378538997,3.64646765382078,0.3271032431589361,2.1599305666627e-14
RA_Okada2014,tabula_muris,Spleen.T_cell,4,0.0135549973150799,0.00167577387753792,0.0931015330555656,0.0101540500680084,4.5604871293056695,0.49738616675452896,1.3727646266594698e-11
RA_Okada2014,tabula_muris,Spleen.T_cell,5,0.0118355915147232,0.00160921745021041,0.0812919168500537,0.00988801911402545,5.372618177521971,0.6535034882950079,3.09974723890455e-10
RA_Okada2014,mousebrain,MEGLU1,0,0.0646864643246228,0.0070232269893819,0.442776387298235,0.0292641128264239,0.7418469937335859,0.0490303790972946,8.880699937773571e-07
RA_Okada2014,mousebrain,MEGLU1,1,0.0124088767628519,0.00112929590061395,0.0849382893446097,0.00438015966689262,1.0986027954227802,0.0566535503784752,0.0766813172164493
RA_Okada2014,mousebrain,MEGLU1,2,0.0250217346001161,0.0022431391717014602,0.17127282138308897,0.0064723144796512,1.27568529534023,0.0482075109280821,1.04509561692692e-07
RA_Okada2014,mousebrain,MEGLU1,3,0.0250514004217859,0.0026780575120271,0.17147588280377898,0.0115265193657824,1.43172185922878,0.0962395963034557,2.31247168110731e-05
RA_Okada2014,mousebrain,MEGLU1,4,0.0128738006811592,0.00161040613543441,0.0881206758773407,0.008431247484862209,1.8177209516358501,0.17391667788605703,8.96285165715414e-06
RA_Okada2014,mousebrain,MEGLU1,5,0.00605057319031164,0.000981563721643856,0.0414159432929459,0.0056103925731425105,1.77588455858953,0.24056942196862102,0.00198155759685245
WHRadjBMI_UKBB_Loh2018,mousebrain,MEGLU1,0,0.0849723092595364,0.00469776303758561,0.522930594610168,0.0132939620050792,0.876140870812909,0.0222732874452807,3.58603166490636e-08
WHRadjBMI_UKBB_Loh2018,mousebrain,MEGLU1,1,0.0141428121784967,0.000727971646587088,0.0870366975595782,0.00197162401497717,1.12574387806867,0.0255012394420687,1.1577596096728202e-06
WHRadjBMI_UKBB_Loh2018,mousebrain,MEGLU1,2,0.0249201087186171,0.00123690148356265,0.153361576065605,0.00308047833584983,1.1422776005978301,0.0229442177919642,8.72492041800897e-10
WHRadjBMI_UKBB_Loh2018,mousebrain,MEGLU1,3,0.0234893463602252,0.00136739711934089,0.144556479236537,0.005297982425563229,1.20696081473411,0.0442350091713398,3.4563078761099297e-06
WHRadjBMI_UKBB_Loh2018,mousebrain,MEGLU1,4,0.0106448229340131,0.00074207722155229,0.0655096187794696,0.0035875045984641203,1.3513083666638002,0.0740017278328094,2.32439358406055e-06
WHRadjBMI_UKBB_Loh2018,mousebrain,MEGLU1,5,0.0043231189355736,0.00042145563810262596,0.0266050337486417,0.00235217633894296,1.14080387547308,0.100859555699651,0.160063396842964
T2D_UKBB_Loh2018,mousebrain,MEGLU1,0,0.0185008204428559,0.00132888687234205,0.465769969610058,0.0162582896153033,0.7803714507789921,0.0272398520344736,2.72391508428996e-16
T2D_UKBB_Loh2018,mousebrain,MEGLU1,1,0.00352226255445355,0.000213527311267364,0.0886752091894378,0.00323251228331224,1.1469365989344398,0.0418097310186842,0.000370525887653895
T2D_UKBB_Loh2018,mousebrain,MEGLU1,2,0.006689557701615971,0.000361333683919565,0.16841388721166503,0.00431269931688251,1.25439119710924,0.0321221257251625,5.77341758227236e-16
T2D_UKBB_Loh2018,mousebrain,MEGLU1,3,0.00657423169285118,0.000393772965155207,0.16551048129172002,0.00643192930079772,1.3819142967643503,0.0537027926399641,7.369894395524542e-13
T2D_UKBB_Loh2018,mousebrain,MEGLU1,4,0.00306438514092538,0.000218664828349029,0.0771478528950038,0.00444963288381948,1.59137758743664,0.0917853936034813,8.83466129137068e-11
T2D_UKBB_Loh2018,mousebrain,MEGLU1,5,0.0013696812353013901,0.000143782145204344,0.0344825998021154,0.00319741102924365,1.4785879943734,0.13710258472526,0.000538225744239654
BMI_UKBB_Loh2018,mousebrain,MEGLU1,0,0.126536052478632,0.00420124243674472,0.500521800398067,0.00976838862744996,0.8385961934174441,0.0163663870630348,1.90528338736737e-21
BMI_UKBB_Loh2018,mousebrain,MEGLU1,1,0.0199841664209146,0.000690883110057551,0.0790487039900338,0.00158166148225864,1.0224261384128102,0.0204574137203548,0.273021187569043
BMI_UKBB_Loh2018,mousebrain,MEGLU1,2,0.0392570508245139,0.00121140551060924,0.155283884490724,0.00220755813736008,1.15659546242337,0.0164424771641964,3.67803932475797e-20
BMI_UKBB_Loh2018,mousebrain,MEGLU1,3,0.0398638674352043,0.00148122813208268,0.157684188092305,0.00396747126131943,1.31656939305472,0.0331260305403588,2.3341830731234302e-20
BMI_UKBB_Loh2018,mousebrain,MEGLU1,4,0.0180778946627461,0.000853210199984514,0.0715083188289934,0.00281839636124347,1.47504734907669,0.0581368454660687,8.99485007600397e-16
BMI_UKBB_Loh2018,mousebrain,MEGLU1,5,0.00908924221919442,0.000538791845002452,0.0359531041998766,0.0018721881848759103,1.5416421190821001,0.0802780239671902,3.65277728537512e-11
RA_Okada2014,mousebrain,DEINH3,0,0.0666077072962116,0.00691950741413639,0.454969078944048,0.0264857778490688,0.7436039639428729,0.0432885009293126,6.82967496632742e-08
RA_Okada2014,mousebrain,DEINH3,1,0.0118134799061724,0.00105328084011843,0.0806928851061198,0.0039969696367554795,1.1176758995262601,0.0553619644193515,0.0298705121844482
RA_Okada2014,mousebrain,DEINH3,2,0.0230033901037624,0.0020757190079749898,0.157126429251749,0.0059095378094241,1.21752691096168,0.0457912863455418,6.38653188523519e-06
RA_Okada2014,mousebrain,DEINH3,3,0.0232395285122403,0.00244090160076599,0.158739390852885,0.00995980897387862,1.4911200503576898,0.0935575648797002,1.4639299862817899e-06
RA_Okada2014,mousebrain,DEINH3,4,0.0167363861320023,0.00195482641705922,0.114319175549256,0.00935685110070075,1.83606741620332,0.15027933276916197,3.9542812983866e-07
RA_Okada2014,mousebrain,DEINH3,5,0.0050000226753599206,0.000723579416390937,0.0341530402959425,0.00388036643714315,1.87794435613696,0.213366429086022,0.000124393638920598
T2D_UKBB_Loh2018,mousebrain,DEINH3,0,0.0183731405400337,0.00148642664983542,0.46154314258764795,0.0187324368984098,0.754348649704682,0.0306163978534469,5.46677647397347e-19
T2D_UKBB_Loh2018,mousebrain,DEINH3,1,0.00321619750994957,0.00021722138321958302,0.0807926060702724,0.00295355256611708,1.1190571330534098,0.0409096107642164,0.00417505292059345
T2D_UKBB_Loh2018,mousebrain,DEINH3,2,0.0065128418610382105,0.000338622138594694,0.16360607992793696,0.00455518798288399,1.2677358357711999,0.0352968242202243,5.58312593077516e-16
T2D_UKBB_Loh2018,mousebrain,DEINH3,3,0.00614394032820789,0.00032635289142099997,0.154339075607314,0.00653515579695023,1.44978564523422,0.0613880511238379,4.7406863218552e-16
T2D_UKBB_Loh2018,mousebrain,DEINH3,4,0.0042345349365004,0.000267099883832971,0.10637378828791098,0.00665281062435063,1.7084574453512702,0.10685004291584,2.22591937943279e-13
T2D_UKBB_Loh2018,mousebrain,DEINH3,5,0.00132741225004634,0.000103793737618123,0.0333453075189184,0.00268723390978934,1.83353023672811,0.14776065939606198,1.0939656160447698e-09
WHRadjBMI_UKBB_Loh2018,tabula_muris,Spleen.T_cell,0,0.127471705604896,0.0064972956491285,0.783166471429636,0.010813772682837001,0.92888336334606,0.0128257961832267,2.8901511785637004e-08
WHRadjBMI_UKBB_Loh2018,tabula_muris,Spleen.T_cell,1,0.0138729683144542,0.000678777162215369,0.0852333746656085,0.0018957254053636199,1.27409430768024,0.0283378777078174,4.760224802980429e-21
WHRadjBMI_UKBB_Loh2018,tabula_muris,Spleen.T_cell,2,0.00826423613171035,0.000495286119600644,0.0507741903948002,0.00220782508681841,1.39258611632916,0.0605541228580849,1.1113604498310799e-10
WHRadjBMI_UKBB_Loh2018,tabula_muris,Spleen.T_cell,3,0.00470327995270831,0.00035795855009344103,0.0288962256151599,0.0018987072482710898,1.60802631944737,0.10565986259962,9.29624384194127e-09
WHRadjBMI_UKBB_Loh2018,tabula_muris,Spleen.T_cell,4,0.00476809161305244,0.000530722467525613,0.029294418446253998,0.00309439770055716,1.43495830734497,0.15157603127675198,0.0038735372392659398
WHRadjBMI_UKBB_Loh2018,tabula_muris,Spleen.T_cell,5,0.00368422663926106,0.00048702459970235897,0.0226353194485407,0.0028875268671047396,1.495978117327,0.190837907819364,0.00902463861601155
HEIGHT_UKBB_Loh2018,tabula_muris,Spleen.T_cell,0,0.47056459497148295,0.018117484306106005,0.7519578044063849,0.00975896886524283,0.891867974348129,0.0115747343036642,1.19463070254751e-18
HEIGHT_UKBB_Loh2018,tabula_muris,Spleen.T_cell,1,0.0637981741320121,0.0024333571330464603,0.10194888323111401,0.0018764798108725602,1.5239627940195901,0.0280501887305222,6.983643794285259e-63
HEIGHT_UKBB_Loh2018,tabula_muris,Spleen.T_cell,2,0.036865830549349,0.00180491730786382,0.0589112510667877,0.0019466522472236102,1.6157616634216498,0.0533909230600392,1.26482281442046e-26
HEIGHT_UKBB_Loh2018,tabula_muris,Spleen.T_cell,3,0.0201674724443988,0.00132881067748419,0.0322274316040191,0.00173668057614217,1.7934023258824798,0.0966433510072171,5.58847495367961e-15
HEIGHT_UKBB_Loh2018,tabula_muris,Spleen.T_cell,4,0.0197796457168278,0.0018986394919641898,0.0316076881348529,0.00273545048370057,1.54827155037365,0.133993354506032,5.970488606481371e-05
HEIGHT_UKBB_Loh2018,tabula_muris,Spleen.T_cell,5,0.0146101869455174,0.00178855317810683,0.0233469415568417,0.0026584301998600897,1.54300953229088,0.175696809336982,0.00232102489064424
BMI_UKBB_Loh2018,tabula_muris,Spleen.T_cell,0,0.206149402152654,0.00589525239050663,0.816018533436521,0.00628489912275386,0.967847919367084,0.00745427498291315,1.68750736536782e-05
BMI_UKBB_Loh2018,tabula_muris,Spleen.T_cell,1,0.0186830380904822,0.000642536156491872,0.0739546425239909,0.00136881726965216,1.10549640250679,0.0204614952577012,4.4546842536769894e-07
BMI_UKBB_Loh2018,tabula_muris,Spleen.T_cell,2,0.0108652003652555,0.000429470441780796,0.0430086373036597,0.00128765289854292,1.1795999251904699,0.0353165168212216,3.84605712246385e-07
BMI_UKBB_Loh2018,tabula_muris,Spleen.T_cell,3,0.00587772179239686,0.000304473290601827,0.0232662809927912,0.00107392256176642,1.29472937712801,0.0597619830135446,7.75782685343483e-07
BMI_UKBB_Loh2018,tabula_muris,Spleen.T_cell,4,0.00634722435436706,0.000454743422156828,0.0251247525093853,0.00169051967754775,1.2307113179077,0.0828084455568867,0.00531336342235158
BMI_UKBB_Loh2018,tabula_muris,Spleen.T_cell,5,0.004705746678022021,0.00041174993819396,0.0186271532336524,0.00158519927727677,1.23107666710828,0.104766510399813,0.0269556601723611
WHRadjBMI_UKBB_Loh2018,mousebrain,DEINH3,0,0.0883772409232486,0.00488682403867698,0.544026109196079,0.0135806040792693,0.8891592638021301,0.0221962139702363,6.62640748556835e-07
WHRadjBMI_UKBB_Loh2018,mousebrain,DEINH3,1,0.0137053433888308,0.0007013536161819661,0.0843663432025117,0.0018449898736324398,1.1685569106198301,0.0255549261117271,1.5300242841432099e-10
WHRadjBMI_UKBB_Loh2018,mousebrain,DEINH3,2,0.0232920863849915,0.00119512959082397,0.143379709512435,0.0030523763244926,1.11100758572934,0.0236519746241905,3.69809132324955e-06
WHRadjBMI_UKBB_Loh2018,mousebrain,DEINH3,3,0.0207180797186465,0.00122308048172356,0.127534828894895,0.00500778908190597,1.1979996865451001,0.0470407166606348,2.59743035180774e-05
WHRadjBMI_UKBB_Loh2018,mousebrain,DEINH3,4,0.0128879907406114,0.00094595557383759,0.0793349439824554,0.00478792200657842,1.27418960915915,0.0768982766483808,0.000348326637000943
WHRadjBMI_UKBB_Loh2018,mousebrain,DEINH3,5,0.00346962552523699,0.00033856465851452597,0.0213580652116232,0.00192364320164794,1.1743978771617,0.105773742614216,0.0967982934237646
HEIGHT_UKBB_Loh2018,mousebrain,MEGLU1,0,0.28662157748204103,0.0150457975235594,0.45836656934388703,0.0136919350413481,0.767967469021118,0.0229400689381796,1.92988098040587e-25
HEIGHT_UKBB_Loh2018,mousebrain,MEGLU1,1,0.0607022323549828,0.00275442132151358,0.09707529433234101,0.0021378914985367,1.2555843841793501,0.0276517645307636,7.465431471017221e-17
HEIGHT_UKBB_Loh2018,mousebrain,MEGLU1,2,0.10835060452396901,0.00388542320049753,0.17327479430644002,0.0028222523739358397,1.29059651942917,0.0210208824966814,6.461431079916561e-43
HEIGHT_UKBB_Loh2018,mousebrain,MEGLU1,3,0.101796295870765,0.004375874219033521,0.162793113205587,0.00568271662827008,1.35922588586438,0.0474473114438329,4.31306296754497e-15
HEIGHT_UKBB_Loh2018,mousebrain,MEGLU1,4,0.0476430694766865,0.00272208958723336,0.0761910198837336,0.0041846154711481206,1.5716403873472602,0.0863187117065835,7.024874316890309e-12
HEIGHT_UKBB_Loh2018,mousebrain,MEGLU1,5,0.0201970449712775,0.0016836325511271099,0.0322992089280116,0.0027386439229581602,1.38496583270343,0.117430995591614,0.0008046739580147929
LIPIDS_LDL_Teslovich2010,mousebrain,MEGLU1,0,0.0350241245877217,0.00577535337556743,0.351068884727003,0.0417510492204961,0.58819621867665,0.0699515404117203,2.02316599151762e-08
LIPIDS_LDL_Teslovich2010,mousebrain,MEGLU1,1,0.00881762498516901,0.00093367434166006,0.0883846150595712,0.0058418235519994205,1.14317801695842,0.0755588996919266,0.0523463478888897
LIPIDS_LDL_Teslovich2010,mousebrain,MEGLU1,2,0.018526191027701002,0.00176242557864424,0.185699694107829,0.007946094954319579,1.38314046098809,0.0591846178905977,3.5951849300096004e-10
LIPIDS_LDL_Teslovich2010,mousebrain,MEGLU1,3,0.0206331617152261,0.00245620081924713,0.20681918983053502,0.0175330582781152,1.7268174984537,0.14639063164721802,1.7837739494970699e-06
LIPIDS_LDL_Teslovich2010,mousebrain,MEGLU1,4,0.0114507648493399,0.00159457440369249,0.114778236208599,0.0129327284166123,2.36760331977693,0.26677157398809104,1.22084714241767e-06
LIPIDS_LDL_Teslovich2010,mousebrain,MEGLU1,5,0.005312384556999479,0.000925807848108699,0.0532493800664635,0.00820556558474492,2.2832934444017403,0.35184849258097606,0.00037571107960947204
LIPIDS_LDL_Teslovich2010,mousebrain,DEINH3,0,0.0396089423679228,0.00563649436330897,0.397237871729027,0.0399494957696833,0.649247761477571,0.0652936755192299,7.875704360216721e-07
LIPIDS_LDL_Teslovich2010,mousebrain,DEINH3,1,0.0088472896443179,0.0008671842206619191,0.0887294206503554,0.00555119146915307,1.22898982864982,0.0768894669036638,0.00158407334108909
LIPIDS_LDL_Teslovich2010,mousebrain,DEINH3,2,0.0170524823609167,0.0016933078048987599,0.171019254637638,0.008054501244339679,1.3251783662716599,0.0624119829239275,3.4456209554629997e-07
LIPIDS_LDL_Teslovich2010,mousebrain,DEINH3,3,0.0179402253231453,0.0022645073832947,0.179922424070501,0.0151254207288133,1.69010308404877,0.142080790392673,7.3118463658452105e-06
LIPIDS_LDL_Teslovich2010,mousebrain,DEINH3,4,0.0126528151000332,0.00198016247361371,0.126895015146592,0.0154730333764632,2.0380465610417198,0.248510648155523,0.000101830408141909
LIPIDS_LDL_Teslovich2010,mousebrain,DEINH3,5,0.00360913680501105,0.000723726670983592,0.0361960137658853,0.0060437460902952106,1.99027961134036,0.332322357302495,0.00484848307870019
LIPIDS_LDL_Teslovich2010,tabula_muris,Spleen.T_cell,0,0.0703413097916558,0.00793700477540424,0.7043925134790849,0.0234868999269926,0.835452628407143,0.0278569006649786,3.77513776927053e-10
LIPIDS_LDL_Teslovich2010,tabula_muris,Spleen.T_cell,1,0.0119638430239164,0.00108402122062277,0.11980501192608399,0.0060183477378384,1.79088161562818,0.0899640853656608,2.20943530823895e-17
LIPIDS_LDL_Teslovich2010,tabula_muris,Spleen.T_cell,2,0.007087276838351159,0.000690434787082002,0.070971449929988,0.0052839460337140605,1.94653730684346,0.144923037251152,7.7585061865719e-12
LIPIDS_LDL_Teslovich2010,tabula_muris,Spleen.T_cell,3,0.00401551581802363,0.00048060736247859903,0.0402110692614402,0.00430678862008108,2.23767832403668,0.23966553783250802,7.73443612124124e-08
LIPIDS_LDL_Teslovich2010,tabula_muris,Spleen.T_cell,4,0.0037151892529838602,0.000600890695449006,0.037203621935829004,0.00598753419092752,1.8223828699001101,0.29329347990119103,0.0031690771492675802
LIPIDS_LDL_Teslovich2010,tabula_muris,Spleen.T_cell,5,0.00273782126994629,0.000565601853806065,0.027416333467573998,0.0057139864674149105,1.8119574154043898,0.37763985338878897,0.0256481778236471
HEIGHT_UKBB_Loh2018,mousebrain,DEINH3,0,0.292518382466545,0.0148446459667006,0.467803347133864,0.0124973787003903,0.7645803624322021,0.0204257844556692,1.0556660620821898e-32
HEIGHT_UKBB_Loh2018,mousebrain,DEINH3,1,0.0566336407914043,0.0024345549441823103,0.0905700575095512,0.00171480747727884,1.2544844612261299,0.0237517717598206,8.97192455574208e-22
HEIGHT_UKBB_Loh2018,mousebrain,DEINH3,2,0.103184132771481,0.00374212424634691,0.165014869406112,0.00263796486478015,1.2786521348923998,0.0204408209894165,2.3946156601072897e-41
HEIGHT_UKBB_Loh2018,mousebrain,DEINH3,3,0.0951457781482797,0.00388804614814812,0.152159714230991,0.004754303471636029,1.42931379242095,0.0446595970537128,2.16493994321903e-23
HEIGHT_UKBB_Loh2018,mousebrain,DEINH3,4,0.0608649717713595,0.0031040645890467802,0.0973369170093321,0.00466171151304824,1.56331727250359,0.0748712241120033,3.85701707328073e-15
HEIGHT_UKBB_Loh2018,mousebrain,DEINH3,5,0.0169551237579548,0.00116311692307889,0.0271150947101497,0.00188241039386233,1.49095479160297,0.103506509067871,8.953111294344351e-07
BMI_UKBB_Loh2018,mousebrain,TEINH12,0,0.130118004857912,0.00458373597890261,0.514662720950342,0.0105269567844875,0.84875690612829,0.0173605487781384,6.1066118914383896e-18
BMI_UKBB_Loh2018,mousebrain,TEINH12,1,0.0147439114016019,0.000578931146926709,0.0583173832682524,0.00136516632912494,0.98372952787436,0.0230283725564748,0.47714553713102503
BMI_UKBB_Loh2018,mousebrain,TEINH12,2,0.041105075784085995,0.0012670017083454901,0.16258511011607502,0.0024644504878250898,1.16825036786361,0.0177082340869211,1.55816386586906e-20
BMI_UKBB_Loh2018,mousebrain,TEINH12,3,0.0370759671179058,0.00129556618658366,0.146648560586244,0.00364246711407595,1.2981718086081002,0.0322440813764048,3.0348511943827794e-20
BMI_UKBB_Loh2018,mousebrain,TEINH12,4,0.0138300172579918,0.000617066520292529,0.0547026087631824,0.00212743778937467,1.40458364655768,0.0546256274716401,8.750005219208909e-14
BMI_UKBB_Loh2018,mousebrain,TEINH12,5,0.0159489194769936,0.0009179129035383619,0.0630836163159036,0.0033481873732354103,1.4580837630244,0.077388360553564,2.94918461121766e-09
WHRadjBMI_UKBB_Loh2018,mousebrain,TEINH12,0,0.0855088338146423,0.00494014163004741,0.526192657180845,0.0129218923134339,0.86777152017453,0.0213101608001083,2.0064691978146302e-10
WHRadjBMI_UKBB_Loh2018,mousebrain,TEINH12,1,0.0112914080239716,0.000613787322921288,0.0694835343483462,0.0016384622312784,1.1720862735751598,0.0276384773610534,4.1491498766216295e-09
WHRadjBMI_UKBB_Loh2018,mousebrain,TEINH12,2,0.0273491279062949,0.0012965338829120901,0.168297351777564,0.00331707221627335,1.20929550673024,0.0238347216059631,1.35731477328736e-18
WHRadjBMI_UKBB_Loh2018,mousebrain,TEINH12,3,0.0234328890947956,0.00122341820419271,0.14419813284955801,0.00460645461408383,1.2764799747838798,0.0407775534497626,7.901021337577059e-12
WHRadjBMI_UKBB_Loh2018,mousebrain,TEINH12,4,0.0077858686787175,0.000465131841293688,0.0479116220599647,0.0024166742800842897,1.2302133727628,0.0620522722701949,0.00012532202344030802
WHRadjBMI_UKBB_Loh2018,mousebrain,TEINH12,5,0.00713667494835612,0.000607391609467676,0.0439167017837219,0.00361865578610843,1.01506910250302,0.0836398347754329,0.8562782149143622
HEIGHT_UKBB_Loh2018,mousebrain,TEINH12,0,0.283821944420029,0.0130379386279017,0.45433024011018996,0.0117113926631078,0.749259492205682,0.0193138632322896,2.1618414922678e-33
HEIGHT_UKBB_Loh2018,mousebrain,TEINH12,1,0.0492249077666268,0.0019444700883189602,0.0787971635199442,0.00148190835410305,1.32919366616218,0.0249976409063004,5.93360240764554e-35
HEIGHT_UKBB_Loh2018,mousebrain,TEINH12,2,0.120999555943071,0.00458006306365624,0.19369100376356402,0.0027756293589878,1.39176082137599,0.0199442004090996,1.2899658727003599e-63
HEIGHT_UKBB_Loh2018,mousebrain,TEINH12,3,0.104429889217916,0.00453962913575657,0.16716697766273403,0.00441021672391675,1.47980625833934,0.03904040379226,6.349029333798939e-31
HEIGHT_UKBB_Loh2018,mousebrain,TEINH12,4,0.0348894255347781,0.00191964132948555,0.0558495260573085,0.00239623526396418,1.43403272241908,0.0615274653470312,4.37702880932326e-12
HEIGHT_UKBB_Loh2018,mousebrain,TEINH12,5,0.0313383345696925,0.0026560092898139103,0.05016508888626,0.00376132082735724,1.1594912569603402,0.0869373245571601,0.0676528885138132
T2D_UKBB_Loh2018,mousebrain,TEINH12,0,0.019446387924358002,0.00142507693575938,0.48964234333605394,0.0179731378463723,0.807494507610575,0.0296404310064185,1.8222170920915303e-11
T2D_UKBB_Loh2018,mousebrain,TEINH12,1,0.0028219684082416603,0.000177504007459315,0.0710545953112974,0.00290918871033073,1.19858778946515,0.049073786856089,4.16743560889402e-05
T2D_UKBB_Loh2018,mousebrain,TEINH12,2,0.00719835754001023,0.00038380273947504,0.181248089247799,0.00491015090855093,1.3023526372565501,0.0352817401365053,8.45607481199049e-19
T2D_UKBB_Loh2018,mousebrain,TEINH12,3,0.0061335005194864,0.00035134707071031,0.15443595895011802,0.006276416697198029,1.3671079166610403,0.0555604990789381,3.663162414079641e-12
T2D_UKBB_Loh2018,mousebrain,TEINH12,4,0.00210511488507054,0.000168692925009958,0.0530048762436983,0.0036914441375440797,1.3609914415968503,0.0947841827840823,0.000101658798862677
T2D_UKBB_Loh2018,mousebrain,TEINH12,5,0.00201016548961535,0.000275607231796849,0.0506141369110335,0.006469402355601461,1.16987033273275,0.149530592601683,0.254977607417749
RA_Okada2014,mousebrain,TEINH12,0,0.0671031137559583,0.00691097309607177,0.459002800392345,0.0249602481643907,0.756965252983259,0.0411632359326191,5.243021224662599e-08
RA_Okada2014,mousebrain,TEINH12,1,0.0110073815293601,0.0009500680735577699,0.0752933606827546,0.0035319879917063103,1.2700896028859099,0.0595795058834655,3.83644124464747e-06
RA_Okada2014,mousebrain,TEINH12,2,0.0265747041769268,0.0022528500114814103,0.18177790796965,0.00646548084339103,1.3061596335815,0.0464575161176452,2.36825140526759e-10
RA_Okada2014,mousebrain,TEINH12,3,0.0241042602189387,0.00233557729633039,0.16487942693860902,0.00896105016669544,1.4595562548688101,0.0793255839363355,7.38792857108311e-08
RA_Okada2014,mousebrain,TEINH12,4,0.008578978125432141,0.00103275662575704,0.0586824480067943,0.00492969840171063,1.50677287014125,0.126578492581227,0.000160140159388961
RA_Okada2014,mousebrain,TEINH12,5,0.00882481787417733,0.00144367938818106,0.0603640560098473,0.00784296524653045,1.39522518014022,0.18127845148674,0.0354828807552714
LIPIDS_LDL_Teslovich2010,mousebrain,TEINH12,0,0.0363285806167354,0.00626111286563675,0.364355723400853,0.0466722531366912,0.600877864153058,0.0769696260517702,4.3854136545323895e-07
LIPIDS_LDL_Teslovich2010,mousebrain,TEINH12,1,0.00831857681643146,0.000810107400881836,0.083430759533176,0.00503996868153476,1.4073556988701599,0.0850169492136118,6.198968976391659e-07
LIPIDS_LDL_Teslovich2010,mousebrain,TEINH12,2,0.0205621111397468,0.0019196779739351,0.20622668851311804,0.00894427962674703,1.4818356031910902,0.0642688494460666,6.05269477412615e-13
LIPIDS_LDL_Teslovich2010,mousebrain,TEINH12,3,0.0202529385044083,0.0024434420367621897,0.20312585668065697,0.0182894633750424,1.7981237571515,0.16190316258908802,1.62721327847345e-06
LIPIDS_LDL_Teslovich2010,mousebrain,TEINH12,4,0.00724351452146392,0.00117146419762423,0.0726484747993917,0.0101837254949048,1.8653746495407,0.26148468262455105,0.00107272918463956
LIPIDS_LDL_Teslovich2010,mousebrain,TEINH12,5,0.00700063206474035,0.00151028951261415,0.0702124970728045,0.0138905399801492,1.62285721589878,0.321059127353654,0.0528438439370839
T2D_UKBB_Loh2018,mousebrain,MEGLU11,0,0.0187197016045112,0.0017457907964806,0.46932616537505106,0.0285861166631579,0.7577969244377459,0.0461565386443957,3.98907509807046e-08
T2D_UKBB_Loh2018,mousebrain,MEGLU11,1,0.00338777596140573,0.000243803897466523,0.0849357502970651,0.00390709397990901,1.15590023515697,0.0531720840089319,0.0039349536872518
T2D_UKBB_Loh2018,mousebrain,MEGLU11,2,0.00699260351535647,0.000372641405143744,0.175313253554185,0.00597136454418677,1.31361680316531,0.0447432504048809,1.0080014622448501e-13
T2D_UKBB_Loh2018,mousebrain,MEGLU11,3,0.00593839860050335,0.000426081059602377,0.148883027225774,0.00969949277434606,1.4264745837887298,0.0929325536702401,1.78006534732925e-06
T2D_UKBB_Loh2018,mousebrain,MEGLU11,4,0.00266387019004516,0.000306138659413729,0.066786533661921,0.0077504512339996,1.7036100310984998,0.197700730129519,0.000248848861622334
T2D_UKBB_Loh2018,mousebrain,MEGLU11,5,0.0021839871483009,0.00033416261293787796,0.0547552698860031,0.00851150096433167,1.8156501247594299,0.282235989703873,0.0031924856368221104
RA_Okada2014,mousebrain,MEGLU11,0,0.0703622747200186,0.0073106231590843,0.47990195311388895,0.0272510185280092,0.774873107300027,0.0440008240576548,1.56376552363529e-06
RA_Okada2014,mousebrain,MEGLU11,1,0.0132738683222707,0.00112008947557292,0.0905336753051549,0.00372536713073165,1.23208302992373,0.0506989427584718,2.8550292452463403e-06
RA_Okada2014,mousebrain,MEGLU11,2,0.0257570029179775,0.00225346685380201,0.17567419552427802,0.0067847483674583,1.31632133021771,0.0508379103122796,3.80310658041672e-09
RA_Okada2014,mousebrain,MEGLU11,3,0.0202838707298712,0.00220467052220923,0.138345004033892,0.009401515725455,1.32550792206308,0.0900775829276659,0.0005386618437138769
RA_Okada2014,mousebrain,MEGLU11,4,0.00939856331920749,0.00121420253041414,0.0641023746219079,0.0062781967597524205,1.6351417334506801,0.16014604128530402,0.00016310298525836698
RA_Okada2014,mousebrain,MEGLU11,5,0.00754244115824177,0.0012234092477911198,0.0514427974008776,0.0069009285146093,1.7058106318046498,0.228830425721437,0.00314490952270153
HEIGHT_UKBB_Loh2018,mousebrain,MEGLU11,0,0.305677337516901,0.014648085838856,0.489187868833808,0.0115532808692012,0.789866599869356,0.0186544909612055,2.0817251033368e-30
HEIGHT_UKBB_Loh2018,mousebrain,MEGLU11,1,0.0623323430051948,0.00263396305523189,0.0997529822846065,0.00186822227045296,1.3575496216505398,0.0254248482433984,8.8917831744438e-34
HEIGHT_UKBB_Loh2018,mousebrain,MEGLU11,2,0.11099867577939501,0.00395564533754124,0.177635692881206,0.00273619189119566,1.33101876943116,0.0205022014713129,3.0991193616430193e-56
HEIGHT_UKBB_Loh2018,mousebrain,MEGLU11,3,0.0857112577979126,0.00365530732199772,0.137167209966645,0.0043853924072703,1.31422326904943,0.0420172193263155,1.82049997693483e-14
HEIGHT_UKBB_Loh2018,mousebrain,MEGLU11,4,0.0349790396390259,0.0019029170774901801,0.0559783790118961,0.00278211671270412,1.42791252637915,0.0709670300219797,5.9099146987502e-10
HEIGHT_UKBB_Loh2018,mousebrain,MEGLU11,5,0.0251683084076601,0.00193467518381579,0.0402778670218381,0.0030732438038579397,1.3355886006131799,0.10190682116092001,0.000787341712276088
WHRadjBMI_UKBB_Loh2018,mousebrain,MEGLU11,0,0.0867501577314511,0.00474330470082185,0.53346133520554,0.0144553037595381,0.8613526987189379,0.0233402387059277,7.915172536464309e-09
WHRadjBMI_UKBB_Loh2018,mousebrain,MEGLU11,1,0.0140839638011832,0.000693910375628967,0.0866079132400445,0.00172972427721193,1.17865688983125,0.0235400133841531,1.1011698032019901e-13
WHRadjBMI_UKBB_Loh2018,mousebrain,MEGLU11,2,0.0256900972198446,0.00131431880714079,0.15797865874645903,0.00365733424255351,1.18372921877653,0.02740429270697,5.31324931234802e-11
WHRadjBMI_UKBB_Loh2018,mousebrain,MEGLU11,3,0.0207890730858857,0.0013051477037648099,0.127840305725017,0.00507017392168176,1.2248605519283,0.0485782319814047,6.28598276208235e-06
WHRadjBMI_UKBB_Loh2018,mousebrain,MEGLU11,4,0.008902742257471109,0.000668697341305206,0.0547465145407969,0.00316190470765491,1.3964897745929599,0.0806547709843146,1.61158939203323e-06
WHRadjBMI_UKBB_Loh2018,mousebrain,MEGLU11,5,0.00640148287571148,0.0006244468334881519,0.0393652725421427,0.0033468187135865897,1.30532754474836,0.11097839217160001,0.006155006879112779
LIPIDS_LDL_Teslovich2010,mousebrain,MEGLU11,0,0.0386432736890643,0.00614072731688576,0.385901910415601,0.0415842660700267,0.6230960522175439,0.0671439848398068,2.7430299501114e-08
LIPIDS_LDL_Teslovich2010,mousebrain,MEGLU11,1,0.00971074393416987,0.000965648184906799,0.0969740469170794,0.0048278879307669205,1.3197307758338401,0.0657032730618949,1.53083442811405e-06
LIPIDS_LDL_Teslovich2010,mousebrain,MEGLU11,2,0.0196449066940319,0.0018167735211021899,0.19617921308019198,0.0086636085647053,1.46996479449991,0.0649161518363256,1.07692734570505e-12
LIPIDS_LDL_Teslovich2010,mousebrain,MEGLU11,3,0.0174123292609469,0.0020495575839013396,0.17388410673100899,0.0154997705859029,1.66601434292741,0.148506039992173,7.09972191896678e-06
LIPIDS_LDL_Teslovich2010,mousebrain,MEGLU11,4,0.00798811468706354,0.00116967100057709,0.0797714174829111,0.010262364455734,2.03483216701689,0.261775332106288,7.34492291388976e-05
LIPIDS_LDL_Teslovich2010,mousebrain,MEGLU11,5,0.00673818650206594,0.00112814181653935,0.067289305373207,0.0102574750721247,2.23127081557988,0.340131387046285,0.000297266086900543
BMI_UKBB_Loh2018,mousebrain,MEGLU11,0,0.13246088038859102,0.0043604453086665395,0.52326287892937,0.009809884125405491,0.8448857736458001,0.0158395175205761,3.93250746084591e-21
BMI_UKBB_Loh2018,mousebrain,MEGLU11,1,0.0192250814860627,0.0006674432554045089,0.0759452259152835,0.00141776199285411,1.03354717168559,0.0192944833618938,0.0834854881477096
BMI_UKBB_Loh2018,mousebrain,MEGLU11,2,0.0397344114410428,0.0012377519201642,0.15696364437718802,0.00229644501250189,1.17612374740515,0.017207191668685003,6.68500076191136e-23
BMI_UKBB_Loh2018,mousebrain,MEGLU11,3,0.0348394442391852,0.00130889759160389,0.137626957026215,0.00348528538962794,1.31862818684072,0.0333931349878798,3.23678516622035e-20
BMI_UKBB_Loh2018,mousebrain,MEGLU11,4,0.0147043332303295,0.000711964325726345,0.0580868231908695,0.0023608161374891303,1.4816953244428,0.0602203742713304,3.6506502121599495e-15
BMI_UKBB_Loh2018,mousebrain,MEGLU11,5,0.0121798915737935,0.00072542884198958,0.0481144705610738,0.00254820593213184,1.5954454184742999,0.0844968973437676,4.21585787210704e-12
RA_Okada2014,tabula_muris,Limb_Muscle.mesenchymal_stem_cell,0,0.0932901671508542,0.00868738581261504,0.637143881043498,0.0227505326125937,0.843899376132859,0.0301331627748103,1.10176544723962e-06
RA_Okada2014,tabula_muris,Limb_Muscle.mesenchymal_stem_cell,1,0.0151766601428374,0.00123067609801979,0.103652040081022,0.00354900083277807,1.3890766371804801,0.0475613807339687,2.82211780762156e-15
RA_Okada2014,tabula_muris,Limb_Muscle.mesenchymal_stem_cell,2,0.00993209172640374,0.0008449793748903,0.0678332096801582,0.0028012085005144198,1.5281991382671398,0.0631077968561011,1.2096538104843701e-14
RA_Okada2014,tabula_muris,Limb_Muscle.mesenchymal_stem_cell,3,0.010825959533596002,0.0011449717911098099,0.0739380588964037,0.00519070008110063,1.5843893684206203,0.11122945538344302,7.55629934467053e-07
RA_Okada2014,tabula_muris,Limb_Muscle.mesenchymal_stem_cell,4,0.00941652038715296,0.00130912961082217,0.064312011958282,0.007023829632403379,1.5678256254681298,0.171229911042867,0.0014262574344535198
RA_Okada2014,tabula_muris,Limb_Muscle.mesenchymal_stem_cell,5,0.007777910616152341,0.0014093521570492699,0.0531207983406357,0.0082868056789826,1.3867254287918,0.216328152389811,0.078612861935876
T2D_UKBB_Loh2018,tabula_muris,Limb_Muscle.mesenchymal_stem_cell,0,0.0267552037673463,0.0018329204627480198,0.672372192922318,0.0180169023341009,0.890559402700264,0.0238634523409264,1.25302843668838e-06
T2D_UKBB_Loh2018,tabula_muris,Limb_Muscle.mesenchymal_stem_cell,1,0.0038762663794114603,0.000215207812062529,0.0974125911556993,0.0026231075842456197,1.30545963625824,0.0351531668767766,7.42167799712173e-18
T2D_UKBB_Loh2018,tabula_muris,Limb_Muscle.mesenchymal_stem_cell,2,0.00247995798671278,0.00013005514001773798,0.0623226346687874,0.00246199725589647,1.4040526321023798,0.0554657829493448,1.18971981423889e-15
T2D_UKBB_Loh2018,tabula_muris,Limb_Muscle.mesenchymal_stem_cell,3,0.00267008819226658,0.000193338485507529,0.0671007056698762,0.00447352496989373,1.4378744352192399,0.09586139408385999,1.79661979339377e-06
T2D_UKBB_Loh2018,tabula_muris,Limb_Muscle.mesenchymal_stem_cell,4,0.00223578916689763,0.000222937695936767,0.0561865451719572,0.00561700753284813,1.3697395345718602,0.136933802571119,0.0053733233001379
T2D_UKBB_Loh2018,tabula_muris,Limb_Muscle.mesenchymal_stem_cell,5,0.00177494655018205,0.000251364978080702,0.0446053304113622,0.00644640146449269,1.1644280182773301,0.16828415826300502,0.322820793166617
WHRadjBMI_UKBB_Loh2018,tabula_muris,Limb_Muscle.mesenchymal_stem_cell,0,0.0983751078936062,0.00565769122720787,0.604881407655761,0.0148718178780891,0.8011676133796429,0.0196977765975344,4.00146424048242e-23
WHRadjBMI_UKBB_Loh2018,tabula_muris,Limb_Muscle.mesenchymal_stem_cell,1,0.0144597178018636,0.000758795587835502,0.0889088169311661,0.0019276446911270602,1.19149763325354,0.0258330294621942,2.6288717177778397e-12
WHRadjBMI_UKBB_Loh2018,tabula_muris,Limb_Muscle.mesenchymal_stem_cell,2,0.0110471876535113,0.000533995175555567,0.0679261101875508,0.0016970806997100801,1.53029207292277,0.038233149737353,4.3211290310031496e-39
WHRadjBMI_UKBB_Loh2018,tabula_muris,Limb_Muscle.mesenchymal_stem_cell,3,0.0131978455267657,0.00073838865519869,0.0811499123222021,0.00340490193479848,1.73892931800805,0.0729622944736504,7.177266049375299e-24
WHRadjBMI_UKBB_Loh2018,tabula_muris,Limb_Muscle.mesenchymal_stem_cell,4,0.0130641380183403,0.000899033079401625,0.0803277817279675,0.0047366439126848205,1.9582648838884602,0.115471923189748,1.45296131947039e-16
WHRadjBMI_UKBB_Loh2018,tabula_muris,Limb_Muscle.mesenchymal_stem_cell,5,0.0124913670772776,0.00106588755107237,0.0768059711753525,0.00604337881254473,2.00502998145711,0.157763198915754,1.58232733251505e-10
LIPIDS_LDL_Teslovich2010,tabula_muris,Limb_Muscle.mesenchymal_stem_cell,0,0.0565678111958654,0.0070811675082348095,0.566889839523197,0.033381501871781,0.750847643904504,0.0442139200298632,1.50713479158474e-08
LIPIDS_LDL_Teslovich2010,tabula_muris,Limb_Muscle.mesenchymal_stem_cell,1,0.0116182221039931,0.0010825812789543301,0.116431092609765,0.00475484977897703,1.5603331150954598,0.0637213771780749,1.55980081640087e-15
LIPIDS_LDL_Teslovich2010,tabula_muris,Limb_Muscle.mesenchymal_stem_cell,2,0.00788345013349942,0.0007470313567277919,0.0790033711149719,0.00453322864273785,1.77984919521528,0.10212808944268902,9.117185323120081e-14
LIPIDS_LDL_Teslovich2010,tabula_muris,Limb_Muscle.mesenchymal_stem_cell,3,0.0082679961829012,0.0009497822884011141,0.0828570688916075,0.00749134172063182,1.7755112997258202,0.160528993518819,1.01329861457375e-06
LIPIDS_LDL_Teslovich2010,tabula_muris,Limb_Muscle.mesenchymal_stem_cell,4,0.008192471423643521,0.00113422127986723,0.08210020349854201,0.0100033539963241,2.00147373689164,0.24386602531171803,3.28820773221575e-05
LIPIDS_LDL_Teslovich2010,tabula_muris,Limb_Muscle.mesenchymal_stem_cell,5,0.007256298866152841,0.0011761116044520599,0.072718424361917,0.011060155429296002,1.89832403417032,0.288726812459477,0.00144028539807382
BMI_UKBB_Loh2018,mousebrain,MEGLU10,0,0.134913374893231,0.004382224683852571,0.5328478088083171,0.00900731033050252,0.857639494710473,0.0144976200574591,1.04392284323726e-21
BMI_UKBB_Loh2018,mousebrain,MEGLU10,1,0.0222679018443279,0.0007579502584970651,0.0879483054508046,0.00153613734657012,1.0522769346018601,0.0183794547250307,0.0049003410467165
BMI_UKBB_Loh2018,mousebrain,MEGLU10,2,0.0387541230909549,0.00120850007495907,0.153061544770082,0.00242459046986692,1.17098914792403,0.0185491994912177,2.2191243118346997e-19
BMI_UKBB_Loh2018,mousebrain,MEGLU10,3,0.0322173419068791,0.0011654330147650301,0.12724416726136,0.00319416831789235,1.30367770969945,0.0327257911045245,8.78008155574363e-20
BMI_UKBB_Loh2018,mousebrain,MEGLU10,4,0.0148061426898954,0.000666934414063187,0.0584776764754244,0.0022366781653543103,1.45585075182742,0.0556839769445269,3.87910638100006e-16
BMI_UKBB_Loh2018,mousebrain,MEGLU10,5,0.0102341899629821,0.000599934828881138,0.040420497234012,0.00214531765500902,1.5171452642677599,0.0805224760547532,1.81997690631549e-10
HEIGHT_UKBB_Loh2018,tabula_muris,Limb_Muscle.mesenchymal_stem_cell,0,0.36074458115067204,0.0175745772666767,0.576409193534585,0.0136903670528418,0.763456062741143,0.0181329407040704,4.29857206470044e-40
HEIGHT_UKBB_Loh2018,tabula_muris,Limb_Muscle.mesenchymal_stem_cell,1,0.06327906546264199,0.0025691726737215198,0.101109308349414,0.00197254670362164,1.3550006147478,0.0264347767743537,7.90809145552393e-35
HEIGHT_UKBB_Loh2018,tabula_muris,Limb_Muscle.mesenchymal_stem_cell,2,0.0460688815552499,0.0016553562691825699,0.0736103277826116,0.00152154887787648,1.6583505338367301,0.0342786327665447,4.1422572244603095e-78
HEIGHT_UKBB_Loh2018,tabula_muris,Limb_Muscle.mesenchymal_stem_cell,3,0.0536451019434553,0.00236008290140585,0.0857158542747247,0.00314088692680747,1.83677107899529,0.0673048214751973,4.1596064233009994e-37
HEIGHT_UKBB_Loh2018,tabula_muris,Limb_Muscle.mesenchymal_stem_cell,4,0.0526153921296689,0.0029437080756197103,0.0840705511035834,0.00436888821298755,2.04950771020704,0.106506618072698,7.51843034670764e-24
HEIGHT_UKBB_Loh2018,tabula_muris,Limb_Muscle.mesenchymal_stem_cell,5,0.0494950474925213,0.0035601179546274,0.0790847649550813,0.0055830453834101,2.06451819285519,0.145746134190739,7.19171339793038e-14
RA_Okada2014,mousebrain,MEGLU10,0,0.0732193863073248,0.007298346739001509,0.49993184358354903,0.0238850364607015,0.804659954743118,0.0384439051126253,1.58926384922362e-06
RA_Okada2014,mousebrain,MEGLU10,1,0.0139425221103327,0.0012693242247452802,0.0951976127410636,0.00434080008493142,1.13901287356372,0.0519364618076257,0.0072245885879768795
RA_Okada2014,mousebrain,MEGLU10,2,0.0248161069816372,0.0021905686406944198,0.169440946443105,0.00648462948617695,1.29629888288986,0.0496103104671244,1.8061861043070502e-08
RA_Okada2014,mousebrain,MEGLU10,3,0.0193695185208588,0.00199762827301265,0.132252393687298,0.00845517398672847,1.35498939884911,0.0866273252076666,8.00481702955376e-05
RA_Okada2014,mousebrain,MEGLU10,4,0.0090052165481076,0.00109991403026112,0.06148637318357499,0.00555547161627209,1.53075477723654,0.13830812058178502,0.000233008852486896
RA_Okada2014,mousebrain,MEGLU10,5,0.0061059863517076395,0.000941648657708816,0.0416908303614095,0.00524789652537294,1.5648260208184699,0.19697484953592498,0.005684240177689421
LIPIDS_LDL_Teslovich2010,mousebrain,MEGLU10,0,0.0422202816267026,0.00582552950699686,0.423295924470557,0.0379432036452271,0.6813114303460079,0.0610710778275817,8.79312084512693e-07
LIPIDS_LDL_Teslovich2010,mousebrain,MEGLU10,1,0.0103953755399087,0.000986400692432066,0.104222897854884,0.0054691304266604795,1.2469978916353999,0.0654366195096642,6.780090282791171e-05
LIPIDS_LDL_Teslovich2010,mousebrain,MEGLU10,2,0.0190091511960639,0.0018590686691987,0.190583670191565,0.008908943020890391,1.4580501581967398,0.0681573912807873,2.21902955147816e-10
LIPIDS_LDL_Teslovich2010,mousebrain,MEGLU10,3,0.0156857188181433,0.00198405917289993,0.15726330077134804,0.0137204579205427,1.6112381744638602,0.140572692193747,3.7600844170280105e-05
LIPIDS_LDL_Teslovich2010,mousebrain,MEGLU10,4,0.00754402106463649,0.00124064833600422,0.0756355298388392,0.0103057025243126,1.88300988714925,0.256569099055014,0.0008961517435056881
LIPIDS_LDL_Teslovich2010,mousebrain,MEGLU10,5,0.00488721439851616,0.000978929689451466,0.0489986768728072,0.008427341998835729,1.83911915141938,0.316312338511759,0.0103728823008375
T2D_UKBB_Loh2018,mousebrain,MEGLU10,0,0.0194664418838921,0.00177916133109134,0.487978524071783,0.0292988216873342,0.785420617099765,0.0471576052526789,2.38227751839205e-06
T2D_UKBB_Loh2018,mousebrain,MEGLU10,1,0.00377616940494316,0.000293943446545996,0.09465980397752902,0.00504131259285381,1.13257814177221,0.0603178985016977,0.0301265637944772
T2D_UKBB_Loh2018,mousebrain,MEGLU10,2,0.00679669305952927,0.00037648719208583,0.17037732255027302,0.00641937318402509,1.3034625781309899,0.0491110706236466,7.511245791782729e-11
T2D_UKBB_Loh2018,mousebrain,MEGLU10,3,0.00546736505286474,0.000453640291414787,0.137054154270804,0.0106481715372874,1.4041857461140799,0.10909564014596,0.000136757751608027
T2D_UKBB_Loh2018,mousebrain,MEGLU10,4,0.00259614800900696,0.00033671516489872,0.0650794059470832,0.00850718414387765,1.62020633833426,0.21179347707160603,0.00275439964966408
T2D_UKBB_Loh2018,mousebrain,MEGLU10,5,0.0017891879211880102,0.00032497375709063904,0.0448507891825285,0.00822451690187145,1.6834320966662402,0.308699489675375,0.0249386812501056
BMI_UKBB_Loh2018,tabula_muris,Limb_Muscle.mesenchymal_stem_cell,0,0.182744096893492,0.00533732149975746,0.723009389467259,0.006755402775442529,0.957628552769486,0.00894755542246654,2.2144333288715403e-06
BMI_UKBB_Loh2018,tabula_muris,Limb_Muscle.mesenchymal_stem_cell,1,0.0220427842912901,0.0007214177004551941,0.0872101495124776,0.0012295597569439698,1.16873320696926,0.0164777531735325,2.8479017335624997e-21
BMI_UKBB_Loh2018,tabula_muris,Limb_Muscle.mesenchymal_stem_cell,2,0.013164968426008,0.000419714902949282,0.0520859275120189,0.0009116702095501151,1.17343215683033,0.0205388132920067,9.955116170627361e-17
BMI_UKBB_Loh2018,tabula_muris,Limb_Muscle.mesenchymal_stem_cell,3,0.0138070603818839,0.000521005130967061,0.0546263023908323,0.0015164078861603198,1.17056538994932,0.0324945037627767,1.54121624255851e-07
BMI_UKBB_Loh2018,tabula_muris,Limb_Muscle.mesenchymal_stem_cell,4,0.0115072748886951,0.000584783984568347,0.0455274229544959,0.0020548390282730897,1.10988691219747,0.0500937412256422,0.0275426208081347
BMI_UKBB_Loh2018,tabula_muris,Limb_Muscle.mesenchymal_stem_cell,5,0.009488619628355009,0.000667937459801089,0.0375408081629165,0.00253677813769102,0.980007735634649,0.0662229270008586,0.7625014538208391
HEIGHT_UKBB_Loh2018,mousebrain,MEGLU10,0,0.31536661481871503,0.0138702576700078,0.5049350117950651,0.0125242338401006,0.812712750655842,0.0201582466976489,1.23157098428515e-18
HEIGHT_UKBB_Loh2018,mousebrain,MEGLU10,1,0.0667607083388561,0.0025084081620572103,0.106890892911746,0.00186751297579525,1.27891970804309,0.0223442716653392,2.27003277281023e-34
HEIGHT_UKBB_Loh2018,mousebrain,MEGLU10,2,0.108723426191606,0.004291247217217529,0.17407760335702,0.00299962728619036,1.33177137819884,0.0229484878466503,1.8220741314016498e-39
HEIGHT_UKBB_Loh2018,mousebrain,MEGLU10,3,0.0788329768657507,0.0041897807933308,0.126219860420005,0.0046888072354424794,1.2931831933243,0.0480390858731338,3.1294480624686898e-09
HEIGHT_UKBB_Loh2018,mousebrain,MEGLU10,4,0.0341557152176006,0.0023984044593020897,0.0546868807790003,0.0031900476859615104,1.3614757168175602,0.0794189099480406,7.81590615551909e-06
HEIGHT_UKBB_Loh2018,mousebrain,MEGLU10,5,0.0207292801888421,0.0020686432510954697,0.0331897507371633,0.0029944492896233697,1.2457460100402802,0.11239383158847699,0.0297993001361984
RA_Okada2014,mousebrain,DEGLU5,0,0.0689463411484202,0.0070059137269901295,0.469932601280856,0.0271862535126363,0.7513920792743058,0.0434690751372869,2.4940204522085e-07
RA_Okada2014,mousebrain,DEGLU5,1,0.0142387735525828,0.00120092563655355,0.0970503116359728,0.0042922034712531395,1.1327180358603899,0.0500962459935974,0.00598316898847825
RA_Okada2014,mousebrain,DEGLU5,2,0.0249099610977647,0.00233711812873255,0.169784249918035,0.00741256550326548,1.27440675998341,0.0556389864827969,4.0385373638921e-06
RA_Okada2014,mousebrain,DEGLU5,3,0.0228341609339457,0.0025122234538254603,0.155635766409349,0.0106222494556834,1.5720990696436399,0.10729685644931199,1.41899047252549e-06
RA_Okada2014,mousebrain,DEGLU5,4,0.011612200484598998,0.00150853776566425,0.0791478052268983,0.00742637433278345,1.92985406415456,0.18107664068472,3.84755146428562e-06
RA_Okada2014,mousebrain,DEGLU5,5,0.00417394486194531,0.000728643478162851,0.0284492655288897,0.00402716931455933,1.81578401305093,0.257035446198089,0.00298012865161304
T2D_UKBB_Loh2018,mousebrain,DEGLU5,0,0.0185555640340654,0.00189505548297168,0.464536198919238,0.0338340969010444,0.7427635781231948,0.0540985501996492,8.16356309606762e-07
T2D_UKBB_Loh2018,mousebrain,DEGLU5,1,0.00380704803732545,0.000286751248833573,0.0953089661470475,0.00459814428033517,1.1123940058936599,0.0536670194049471,0.0391042989123242
T2D_UKBB_Loh2018,mousebrain,DEGLU5,2,0.007051527435330291,0.0004248707302452,0.17653409755528604,0.00808898982241492,1.3250713620411598,0.0607162520439863,2.4750653035266402e-08
T2D_UKBB_Loh2018,mousebrain,DEGLU5,3,0.00634557840709688,0.000547749959929091,0.158860752912987,0.0133635992025394,1.60467511818925,0.134987621149664,3.21011845922929e-06
T2D_UKBB_Loh2018,mousebrain,DEGLU5,4,0.0029425462635157,0.000391993418408486,0.0736662735709957,0.0099493217207232,1.7961983536315802,0.242593447831875,0.000764230578353192
T2D_UKBB_Loh2018,mousebrain,DEGLU5,5,0.00124201589650261,0.000241294768668664,0.031093710894445,0.00610487005474508,1.9845666346369197,0.38964540001578296,0.0104579773657121
WHRadjBMI_UKBB_Loh2018,mousebrain,MEGLU10,0,0.0914650773268414,0.00496439752584195,0.563305092474529,0.0119300132867036,0.906661690057699,0.0192018253579389,9.74947621770493e-07
WHRadjBMI_UKBB_Loh2018,mousebrain,MEGLU10,1,0.0156659056436464,0.000824534272253355,0.0964814624904034,0.0018876082544473601,1.15437377758342,0.0225847060672486,1.86820265002009e-10
WHRadjBMI_UKBB_Loh2018,mousebrain,MEGLU10,2,0.0246764433529558,0.00123372017545507,0.15197457446198498,0.0034785841986756,1.16267333981685,0.0266127220452916,1.1287853649604e-09
WHRadjBMI_UKBB_Loh2018,mousebrain,MEGLU10,3,0.0181459020932198,0.0010116302029733301,0.11175499278406299,0.0040572849310336395,1.14498366546698,0.0415688360443556,0.000426758440324355
WHRadjBMI_UKBB_Loh2018,mousebrain,MEGLU10,4,0.00779770442179265,0.0005151106327452,0.0480236472627781,0.0026477284851902103,1.1955889355896798,0.0659174190585188,0.0025543433269771
WHRadjBMI_UKBB_Loh2018,mousebrain,MEGLU10,5,0.00462114974744385,0.000411720402521556,0.0284602305262425,0.00237282384938752,1.06822792685799,0.0890617066187575,0.44052754831671903
LIPIDS_LDL_Teslovich2010,mousebrain,DEGLU5,0,0.0421106176334071,0.00590997434733544,0.42219502609959997,0.038946074158191,0.6750627593309989,0.0622722738570014,8.71403388178627e-07
LIPIDS_LDL_Teslovich2010,mousebrain,DEGLU5,1,0.0109620977358414,0.0009833497448775359,0.10990442315475199,0.00483357240965068,1.28274417907253,0.0564148074720768,6.01545338716229e-08
LIPIDS_LDL_Teslovich2010,mousebrain,DEGLU5,2,0.018217384770913995,0.00183669488727208,0.182644892691407,0.00962308600491631,1.37093921276409,0.0722312338305085,5.01385586090169e-07
LIPIDS_LDL_Teslovich2010,mousebrain,DEGLU5,3,0.0179793234522409,0.00233127857343447,0.180258123978455,0.0169119612241679,1.82081301451551,0.17083013191475901,6.46247323996758e-06
LIPIDS_LDL_Teslovich2010,mousebrain,DEGLU5,4,0.00794810655651927,0.00128348337469641,0.0796865789118695,0.0103728127844885,1.9429909361451398,0.25291939367709,0.000414377643920298
LIPIDS_LDL_Teslovich2010,mousebrain,DEGLU5,5,0.00252456776833879,0.000553451610143979,0.0253109551639167,0.0048158355975712105,1.61548029051991,0.307372338968522,0.0511528891619026
WHRadjBMI_UKBB_Loh2018,mousebrain,DEGLU5,0,0.0908828867988029,0.00484288533411506,0.559645554246468,0.0127824804645846,0.8948373352172578,0.0204383661580167,4.15393784425165e-07
WHRadjBMI_UKBB_Loh2018,mousebrain,DEGLU5,1,0.0160901115733476,0.0008143330921315339,0.0990809131018081,0.00207940143536625,1.15641810302373,0.0242696336562847,3.24865602782912e-10
WHRadjBMI_UKBB_Loh2018,mousebrain,DEGLU5,2,0.0243240420691157,0.0012706370107801199,0.149784436705019,0.0035510293261876297,1.12428743401897,0.0266541553788267,4.16315342660989e-06
WHRadjBMI_UKBB_Loh2018,mousebrain,DEGLU5,3,0.0203561322606769,0.00125216539694458,0.12535053982782401,0.00502133488369416,1.2661836773710502,0.0507212196858535,2.89736963624224e-07
WHRadjBMI_UKBB_Loh2018,mousebrain,DEGLU5,4,0.00798016356819652,0.000645018832723577,0.0491408583112882,0.00331475650553313,1.19819728236575,0.0808234201257658,0.0141267781859957
WHRadjBMI_UKBB_Loh2018,mousebrain,DEGLU5,5,0.0027603182656703897,0.000301552887060767,0.0169976978075932,0.00169361472732118,1.0848838226194801,0.108095533890482,0.43095423156186896
HEIGHT_UKBB_Loh2018,mousebrain,DEGLU5,0,0.322537650624505,0.0141763168211467,0.5167168206793951,0.010243402468228,0.826197044486932,0.0163785433452943,6.79641753979865e-26
HEIGHT_UKBB_Loh2018,mousebrain,DEGLU5,1,0.0711270171527229,0.00282177450961367,0.11394801846048899,0.00216649156899512,1.32993880684156,0.0252861019544694,6.9233834191621e-34
HEIGHT_UKBB_Loh2018,mousebrain,DEGLU5,2,0.10412818358995,0.0038850821380952204,0.16681706418937697,0.0027566197810264697,1.25213495589938,0.0206912884165644,1.4702199195359097e-32
HEIGHT_UKBB_Loh2018,mousebrain,DEGLU5,3,0.0845659798303027,0.00373072133001475,0.135477716015309,0.00425132022830784,1.36847972814249,0.0429431918502667,8.914571668275759e-18
HEIGHT_UKBB_Loh2018,mousebrain,DEGLU5,4,0.0319652149790749,0.00211139110452583,0.0512094145422725,0.00304131389185479,1.24863470937782,0.0741560926135578,0.000734155703052843
HEIGHT_UKBB_Loh2018,mousebrain,DEGLU5,5,0.00988178130245578,0.00110837608335941,0.0158309661131577,0.00172661434468551,1.01041677684902,0.110201745651418,0.92458465690914
WHRadjBMI_UKBB_Loh2018,tabula_muris,Pancreas.type_B_pancreatic_cell,0,0.0898703440571431,0.00490400838177906,0.552431955037141,0.0148219237744476,0.8614799794951691,0.023113779847206004,5.943338096726579e-09
WHRadjBMI_UKBB_Loh2018,tabula_muris,Pancreas.type_B_pancreatic_cell,1,0.0126635624764447,0.00058712896669843,0.0778427706046073,0.00180969893177539,1.20566918325536,0.0280295551669714,1.7212383119139902e-14
WHRadjBMI_UKBB_Loh2018,tabula_muris,Pancreas.type_B_pancreatic_cell,2,0.0117237504198348,0.00055040530081718,0.072065756871686,0.00134230617353447,1.28999115724325,0.0240275433068102,2.67920275639069e-31
WHRadjBMI_UKBB_Loh2018,tabula_muris,Pancreas.type_B_pancreatic_cell,3,0.017760860934529,0.000958667734099077,0.109175804678861,0.00319937751296975,1.31455069461533,0.0385226739970656,5.11897706624814e-15
WHRadjBMI_UKBB_Loh2018,tabula_muris,Pancreas.type_B_pancreatic_cell,4,0.0136920331713674,0.000953390762896416,0.0841647679515107,0.00415795291326959,1.2647106402384098,0.0624799119514231,3.37478946348499e-05
WHRadjBMI_UKBB_Loh2018,tabula_muris,Pancreas.type_B_pancreatic_cell,5,0.0169707407046611,0.00151385307612522,0.104318944856194,0.00753434813417067,1.1759400950416201,0.0849312852347859,0.0395350262861651
BMI_UKBB_Loh2018,mousebrain,DEGLU5,0,0.13217941874714698,0.00418768634981196,0.521524857438098,0.0111994739932037,0.8338847867876421,0.0179072403736095,5.45127606413437e-18
BMI_UKBB_Loh2018,mousebrain,DEGLU5,1,0.0221507165294406,0.000710553217573742,0.0873974888803754,0.0017195742342686901,1.0200555801926399,0.020069927817058,0.31519488680258195
BMI_UKBB_Loh2018,mousebrain,DEGLU5,2,0.04066632489725,0.0014252801091658,0.160452357073385,0.0029113180553406,1.20436123261321,0.0218524592945397,1.7814754580788003e-18
BMI_UKBB_Loh2018,mousebrain,DEGLU5,3,0.0354599598365451,0.00158102690868421,0.139910211996708,0.0043150078425300605,1.41325300210978,0.0435865095231673,9.83498695227877e-19
BMI_UKBB_Loh2018,mousebrain,DEGLU5,4,0.0162095281706348,0.00100317157295466,0.0639560375469697,0.00322408920450724,1.55943451158763,0.0786126871955334,1.42952852710545e-11
BMI_UKBB_Loh2018,mousebrain,DEGLU5,5,0.00678202627691282,0.0005450509562019031,0.026759047064463998,0.0018761201957213601,1.70790524679065,0.119744007257181,1.47019465852072e-08
HEIGHT_UKBB_Loh2018,tabula_muris,Pancreas.type_B_pancreatic_cell,0,0.311107849422195,0.0140339539616948,0.49774115296381505,0.0126719210377953,0.776193401448583,0.0197609971260087,2.7934088978929796e-26
HEIGHT_UKBB_Loh2018,tabula_muris,Pancreas.type_B_pancreatic_cell,1,0.0568433639273739,0.0022303065501224897,0.0909436439874485,0.00201206446677365,1.4085823014388401,0.0311638974752595,2.9631509444075298e-37
HEIGHT_UKBB_Loh2018,tabula_muris,Pancreas.type_B_pancreatic_cell,2,0.0520781350178445,0.0019739144902850103,0.0833197587786028,0.00120715840561705,1.4914399947177601,0.0216083718014718,2.2437826735659397e-76
HEIGHT_UKBB_Loh2018,tabula_muris,Pancreas.type_B_pancreatic_cell,3,0.0772016638451973,0.0031734164615675603,0.12351486870035902,0.00271165557879045,1.48720274536082,0.0326501713006996,3.82230454945947e-42
HEIGHT_UKBB_Loh2018,tabula_muris,Pancreas.type_B_pancreatic_cell,4,0.0582976177063986,0.0031230378921722,0.0932703032280242,0.0036067786564229,1.4015359132066398,0.0541976346491069,8.784902226435859e-13
HEIGHT_UKBB_Loh2018,tabula_muris,Pancreas.type_B_pancreatic_cell,5,0.0695108058794846,0.0051053860813992,0.11121027234175099,0.006936988795806729,1.25362290049464,0.0781975246690704,0.00129519318815522
LIPIDS_LDL_Teslovich2010,tabula_muris,Pancreas.type_B_pancreatic_cell,0,0.0341480100230054,0.00574438035214769,0.34443917480521197,0.0423940464101341,0.537129415746012,0.0661106257505762,1.9103305969958002e-10
LIPIDS_LDL_Teslovich2010,tabula_muris,Pancreas.type_B_pancreatic_cell,1,0.00791229246328062,0.00079705211963819,0.0798085594163129,0.00551985621611842,1.23611633939656,0.0854943944580079,0.00359498182127094
LIPIDS_LDL_Teslovich2010,tabula_muris,Pancreas.type_B_pancreatic_cell,2,0.00893018764738506,0.000788429232464849,0.0900757163316041,0.0038695595425787205,1.6123729576171801,0.06926587340559799,1.87758566585038e-18
LIPIDS_LDL_Teslovich2010,tabula_muris,Pancreas.type_B_pancreatic_cell,3,0.0155086922900445,0.0015783308795099301,0.156430818987464,0.00910266204600691,1.88353309933545,0.10960222139534101,7.67213115320522e-13
LIPIDS_LDL_Teslovich2010,tabula_muris,Pancreas.type_B_pancreatic_cell,4,0.0136816032566395,0.0016827863485687,0.138001603389317,0.0121460919602142,2.07369544792166,0.182514514247186,6.10046468931074e-08
LIPIDS_LDL_Teslovich2010,tabula_muris,Pancreas.type_B_pancreatic_cell,5,0.018960115009343997,0.0027823411782689398,0.19124412707008998,0.0219917908989044,2.1558082021723997,0.24790347252307002,1.37918965408568e-05
RA_Okada2014,tabula_muris,Pancreas.type_B_pancreatic_cell,0,0.0744883996415143,0.0076451660635924205,0.5083939841037,0.0256822062152172,0.792805765502246,0.0400496500644835,6.51067021328613e-07
RA_Okada2014,tabula_muris,Pancreas.type_B_pancreatic_cell,1,0.0133475253988411,0.0011918124855604,0.0910987703870637,0.00485117191302015,1.41098497953049,0.0751374653390891,5.1459660742430304e-08
RA_Okada2014,tabula_muris,Pancreas.type_B_pancreatic_cell,2,0.0120291370709779,0.0009546579483642869,0.0821005814365167,0.00297969719442968,1.4696164816003898,0.0533371631539335,5.56313232140541e-18
RA_Okada2014,tabula_muris,Pancreas.type_B_pancreatic_cell,3,0.0171012445342528,0.0014947558671315302,0.11671844050539801,0.00563212354835088,1.4053691428435902,0.0678145853325465,3.943954614688379e-09
RA_Okada2014,tabula_muris,Pancreas.type_B_pancreatic_cell,4,0.0134808637264998,0.00153871808442871,0.0920088235491447,0.00732836715730543,1.3825801575959,0.11012047136822802,0.000745128887806753
RA_Okada2014,tabula_muris,Pancreas.type_B_pancreatic_cell,5,0.016069904909278,0.00247396268992989,0.109679400018177,0.0139012828995969,1.23636607194675,0.156702849675936,0.13429465553466802
BMI_UKBB_Loh2018,tabula_muris,Pancreas.type_B_pancreatic_cell,0,0.142098960163217,0.00454088274879354,0.5630316158758499,0.009843273648358191,0.8780094280882959,0.0153499143259786,1.05697002641423e-14
BMI_UKBB_Loh2018,tabula_muris,Pancreas.type_B_pancreatic_cell,1,0.0171970417988282,0.000629960100011626,0.0681389801949105,0.0015340937032446301,1.05537184713963,0.0237608385192635,0.0204766317946402
BMI_UKBB_Loh2018,tabula_muris,Pancreas.type_B_pancreatic_cell,2,0.0159356095886539,0.000518347214130292,0.0631408703227726,0.0009609766633683009,1.1302339406778799,0.0172016704170533,3.22863745165343e-13
BMI_UKBB_Loh2018,tabula_muris,Pancreas.type_B_pancreatic_cell,3,0.0259953672461637,0.000892342304133949,0.103000145877791,0.00221939542195343,1.2401915763973999,0.0267230253272397,1.3515458899702899e-18
BMI_UKBB_Loh2018,tabula_muris,Pancreas.type_B_pancreatic_cell,4,0.021338772559554,0.000913570639282902,0.0845495532213118,0.00277006436653908,1.27049265611951,0.0416246603391765,1.57113821127505e-10
BMI_UKBB_Loh2018,tabula_muris,Pancreas.type_B_pancreatic_cell,5,0.0298160974713229,0.0015717985303429802,0.118138834507364,0.00526553443849234,1.331725435588,0.0593559786918987,3.4993533336930095e-08
T2D_UKBB_Loh2018,tabula_muris,Pancreas.type_B_pancreatic_cell,0,0.0197522586657809,0.00152856748089467,0.49753643811316295,0.0201722778351543,0.775874162592586,0.0314572923187096,8.032318821607829e-14
T2D_UKBB_Loh2018,tabula_muris,Pancreas.type_B_pancreatic_cell,1,0.00307129064288182,0.000215669028615418,0.0773622415909821,0.0036730979068071,1.19822650079573,0.0568908444409221,0.000511855746685029
T2D_UKBB_Loh2018,tabula_muris,Pancreas.type_B_pancreatic_cell,2,0.00296204058020101,0.000158198655337805,0.0746103594913405,0.00216070194194377,1.3355400423246497,0.0386769877892018,1.65634812038685e-19
T2D_UKBB_Loh2018,tabula_muris,Pancreas.type_B_pancreatic_cell,3,0.00485247002287479,0.000261900146049418,0.12222807994179198,0.0044915570580701895,1.4717089364406801,0.0540813916412912,1.37590094485305e-20
T2D_UKBB_Loh2018,tabula_muris,Pancreas.type_B_pancreatic_cell,4,0.00385101684717745,0.000270785682792811,0.0970026384161218,0.0058158984970204,1.45762023613904,0.0873932037211333,5.69799564329347e-08
T2D_UKBB_Loh2018,tabula_muris,Pancreas.type_B_pancreatic_cell,5,0.00521104800116907,0.0004888410856443,0.131260242446601,0.0114368457504429,1.47963710897021,0.128922368772921,0.000145493217210818
BMI_UKBB_Loh2018,mousebrain,TEGLU17,0,0.115623404369502,0.00410893095465415,0.45725236476614506,0.0103730924911925,0.8349880053831841,0.0189422919951565,1.6530647547748097e-17
BMI_UKBB_Loh2018,mousebrain,TEGLU17,1,0.0140049347711313,0.000588804989191004,0.0553848900870503,0.00157659765643121,0.9629307372120771,0.0274109841367927,0.17301786734074998
BMI_UKBB_Loh2018,mousebrain,TEGLU17,2,0.0329373016698863,0.00104929685290392,0.13025614632001,0.00186445148026252,1.08515399281226,0.0155326026861029,8.42212289030247e-08
BMI_UKBB_Loh2018,mousebrain,TEGLU17,3,0.0392760180018904,0.00126344515011759,0.15532367523593898,0.0028538381861588197,1.21701880589772,0.0223608843678759,2.2298798939401998e-21
BMI_UKBB_Loh2018,mousebrain,TEGLU17,4,0.0286214726274693,0.00119913790833394,0.11318846831543303,0.0037557557406952703,1.30966555756403,0.0434565818357427,1.54873580368204e-12
BMI_UKBB_Loh2018,mousebrain,TEGLU17,5,0.0224024921827246,0.00113970429482678,0.0885944552754227,0.0039737175974944,1.45760197175239,0.0653776648582409,3.10724253230763e-12
HEIGHT_UKBB_Loh2018,mousebrain,TEGLU17,0,0.25293031201544697,0.0121918574594917,0.404966134647671,0.0123959392874073,0.739508182073884,0.0226362101500269,6.4374244755537505e-27
HEIGHT_UKBB_Loh2018,mousebrain,TEGLU17,1,0.0461859781998955,0.001981923902466,0.0739482623395135,0.0020530710187154602,1.2856765565160702,0.0356950277682807,1.58491669488856e-15
HEIGHT_UKBB_Loh2018,mousebrain,TEGLU17,2,0.10111940343840899,0.00378035524613129,0.16190204179967901,0.0021516418641592,1.34879352772922,0.0179251638096075,2.1448449800313494e-63
HEIGHT_UKBB_Loh2018,mousebrain,TEGLU17,3,0.0963590405002442,0.00409546076470462,0.154280235764542,0.00345724693020109,1.2088430692782,0.0270888164621111,7.96792568143141e-14
HEIGHT_UKBB_Loh2018,mousebrain,TEGLU17,4,0.0692741078066136,0.00393309028544032,0.110914612985956,0.004740477498790771,1.28335554513767,0.0548504648836833,4.04190454370237e-07
HEIGHT_UKBB_Loh2018,mousebrain,TEGLU17,5,0.0587026724834362,0.00396151931258472,0.0939887124626389,0.00527710734255808,1.54635109140984,0.08682170959513201,9.411199550021942e-10
WHRadjBMI_UKBB_Loh2018,mousebrain,TEGLU17,0,0.0772673148994065,0.004250152562845029,0.4759708460972101,0.0139149911163199,0.869169802121231,0.0254101489077764,6.005078617840921e-07
WHRadjBMI_UKBB_Loh2018,mousebrain,TEGLU17,1,0.0109183419681837,0.000609583589077081,0.0672575780760694,0.00251815225130075,1.16935122807134,0.0437810059737617,8.22343055779667e-05
WHRadjBMI_UKBB_Loh2018,mousebrain,TEGLU17,2,0.0230242209397735,0.00110980660620514,0.141830448433472,0.00257354014555357,1.18157861850004,0.0214399661245091,7.071987423133261e-17
WHRadjBMI_UKBB_Loh2018,mousebrain,TEGLU17,3,0.0226487346546798,0.0012927284623025,0.13951743257357502,0.0040027943135937105,1.09317101166121,0.0313633832600482,0.00336692742737709
WHRadjBMI_UKBB_Loh2018,mousebrain,TEGLU17,4,0.0155890622837659,0.0011737084485173301,0.096029468278095,0.00527943787807925,1.11112456053848,0.0610865934942294,0.0700515091814462
WHRadjBMI_UKBB_Loh2018,mousebrain,TEGLU17,5,0.012888559779836,0.00113400801193189,0.0793942265415789,0.00558838710223894,1.30623503235044,0.0919430458014092,0.0010972776812539198
LIPIDS_LDL_Teslovich2010,mousebrain,TEGLU17,0,0.0294907602460361,0.00576888381397411,0.294546613954556,0.0456111300505265,0.53787122523482,0.083290430927875,8.475540784339731e-08
LIPIDS_LDL_Teslovich2010,mousebrain,TEGLU17,1,0.00637799915187534,0.000794052247478982,0.0637019201375936,0.00594887201424082,1.1075319789117,0.10342805962510301,0.28991868994452896
LIPIDS_LDL_Teslovich2010,mousebrain,TEGLU17,2,0.0165662992132213,0.00146911805896279,0.165460208495922,0.00613317022840053,1.3784363423418502,0.0510949720990151,1.73417540681757e-14
LIPIDS_LDL_Teslovich2010,mousebrain,TEGLU17,3,0.0175918571081855,0.0018910824090169,0.17570323386576298,0.0111069948610267,1.37670023289664,0.0870274386847059,2.16200942507736e-05
LIPIDS_LDL_Teslovich2010,mousebrain,TEGLU17,4,0.0151451104204783,0.00211731913245253,0.151265716960258,0.0167164758270861,1.75024454780141,0.193420698772733,0.000161780020771447
LIPIDS_LDL_Teslovich2010,mousebrain,TEGLU17,5,0.0149505312038301,0.00238322204808591,0.14932230658590698,0.0206844475621742,2.4567281082049,0.34031126956539803,3.32846506052351e-05
RA_Okada2014,mousebrain,TEGLU17,0,0.0563900360946206,0.00604968091067051,0.385064090003106,0.0262392038830977,0.7031650817614101,0.0479153793428617,4.39146576953784e-08
RA_Okada2014,mousebrain,TEGLU17,1,0.009580480153331971,0.0009196268356202289,0.0654211120887636,0.004564822045989921,1.13742213072652,0.0793647410165172,0.0747984726301828
RA_Okada2014,mousebrain,TEGLU17,2,0.0228935631098698,0.0018864343654047301,0.156330615412954,0.00520942431022854,1.30237840061221,0.0433993155041572,8.6816898067644e-12
RA_Okada2014,mousebrain,TEGLU17,3,0.023242402586128995,0.0023254500557876,0.15871269502818,0.00742104632909313,1.24357303734024,0.0581466600518275,0.00011687462859103702
RA_Okada2014,mousebrain,TEGLU17,4,0.0184634469143616,0.0022180819451309603,0.126079195488891,0.0095990003281145,1.45881981013316,0.111066792438107,0.000158327171502616
RA_Okada2014,mousebrain,TEGLU17,5,0.0158733193141295,0.0020911128781041398,0.10839229197810499,0.0102358424730653,1.78332625917591,0.16840539427556797,2.4150504830380398e-05
T2D_UKBB_Loh2018,mousebrain,TEGLU17,0,0.0162833813760144,0.00127824881264123,0.40927872648353597,0.0192069317464524,0.747383400951981,0.0350737554669693,6.142056817501049e-13
T2D_UKBB_Loh2018,mousebrain,TEGLU17,1,0.00253301041748867,0.000179103331362665,0.0636665845931956,0.0034485851716538397,1.10691762937046,0.059957664562662,0.0709895720093161
T2D_UKBB_Loh2018,mousebrain,TEGLU17,2,0.0058791483567068705,0.000333556921673046,0.147770926484909,0.00429453047217498,1.23106828681014,0.0357774049117459,6.65645543216964e-11
T2D_UKBB_Loh2018,mousebrain,TEGLU17,3,0.00642854831315237,0.000385832282362931,0.161579957257555,0.00527968487748283,1.26603910408305,0.0413682960781738,2.2326080223105297e-10
T2D_UKBB_Loh2018,mousebrain,TEGLU17,4,0.00474387700328036,0.00036819335699731697,0.119236164385185,0.007128459124553191,1.3796414072512702,0.0824809941584608,4.99428968539799e-06
T2D_UKBB_Loh2018,mousebrain,TEGLU17,5,0.00391758976101089,0.000361982812819183,0.0984676407956199,0.0080265670881251,1.6200407455670403,0.132057248703459,2.59207051062831e-06
LIPIDS_LDL_Teslovich2010,mousebrain,DEGLU4,0,0.05080239646522099,0.00657121568059609,0.509403923020098,0.0347613754438263,0.7498154326191991,0.0511668924972583,1.1261709203484502e-06
LIPIDS_LDL_Teslovich2010,mousebrain,DEGLU4,1,0.011238393600245002,0.0010303940418743,0.11268920733548402,0.00453337856429002,1.38761210241202,0.0558223019698469,5.34647299919975e-12
LIPIDS_LDL_Teslovich2010,mousebrain,DEGLU4,2,0.0193158725041145,0.00194274282054838,0.193683406980379,0.0125805746603266,1.67613083637119,0.10887194445923598,8.91927274167821e-10
LIPIDS_LDL_Teslovich2010,mousebrain,DEGLU4,3,0.0115405219683117,0.00141363030214141,0.11571869780556901,0.0109152976018279,1.61553562587402,0.152387232808297,5.8781717863745605e-05
LIPIDS_LDL_Teslovich2010,mousebrain,DEGLU4,4,0.00414047839370084,0.00068587011246619,0.0415172528007628,0.00599075266706234,1.39863321798308,0.201816476660522,0.0477016976479257
LIPIDS_LDL_Teslovich2010,mousebrain,DEGLU4,5,0.00269144037807391,0.000630060365053587,0.0269875120577067,0.0059336538660979205,1.19678666302451,0.26313347428118805,0.452960969920914
BMI_UKBB_Loh2018,mousebrain,DEGLU4,0,0.15176323185541402,0.00486597360621551,0.600086410938293,0.00891303287615468,0.883295223089293,0.0131195094893672,8.082864156943409e-19
BMI_UKBB_Loh2018,mousebrain,DEGLU4,1,0.021941572222424998,0.000692565913823359,0.0867590862709253,0.00128712266361822,1.06831843927468,0.0158491396608045,2.04864827242561e-05
BMI_UKBB_Loh2018,mousebrain,DEGLU4,2,0.0357216123823848,0.0011771780970258401,0.141246690027638,0.00282362850899864,1.2223449410649299,0.0244356028643635,4.05247031354706e-19
BMI_UKBB_Loh2018,mousebrain,DEGLU4,3,0.0241607632624189,0.00089339587424592,0.0955339810204331,0.00274711095231155,1.33373908233398,0.0383521046801344,2.6824855462168497e-18
BMI_UKBB_Loh2018,mousebrain,DEGLU4,4,0.0109000959803042,0.0005071707801690231,0.0431000275609268,0.0018315741635599602,1.4519537343181599,0.0617020706704244,1.10732903578162e-13
BMI_UKBB_Loh2018,mousebrain,DEGLU4,5,0.0084150215147449,0.000492177718485921,0.0332738041817843,0.0018224285113785101,1.47555821328395,0.0808173103200367,3.3512622077518397e-09
HEIGHT_UKBB_Loh2018,mousebrain,DEGLU4,0,0.356957028343041,0.0146264743809439,0.571569103706512,0.0101646736151115,0.8413192663036421,0.0149618579671738,1.35286016328541e-23
HEIGHT_UKBB_Loh2018,mousebrain,DEGLU4,1,0.0675848251800205,0.00259458491774641,0.108218622649397,0.00197464368697784,1.33256302041072,0.0243150124381002,1.19936713413729e-38
HEIGHT_UKBB_Loh2018,mousebrain,DEGLU4,2,0.104924500141907,0.0041553742094957895,0.168007904988861,0.00324689914148037,1.45393575369354,0.0280985751875674,5.488097677767949e-48
HEIGHT_UKBB_Loh2018,mousebrain,DEGLU4,3,0.0597891753728613,0.0030618574128058,0.0957360204892124,0.0034294760152868103,1.33655973246084,0.0478785259931406,9.600717066705289e-12
HEIGHT_UKBB_Loh2018,mousebrain,DEGLU4,4,0.0220641625436265,0.0016625904770091698,0.0353297248905149,0.00232045498961494,1.19018777690344,0.0781714880048715,0.0152634253154521
HEIGHT_UKBB_Loh2018,mousebrain,DEGLU4,5,0.0132015185893624,0.00177877654734411,0.0211386232755033,0.00267744679311374,0.9374121762957209,0.118733902039748,0.597238591892109
WHRadjBMI_UKBB_Loh2018,mousebrain,DEGLU4,0,0.0997275540996308,0.0053716011485643,0.6135279414545151,0.0134209276888463,0.9030804398173701,0.0197548904639398,9.820949272152349e-07
WHRadjBMI_UKBB_Loh2018,mousebrain,DEGLU4,1,0.0151681476581225,0.000760094273507586,0.0933150571312417,0.00199759149224757,1.14904617464469,0.0245975829971536,2.09802349323145e-09
WHRadjBMI_UKBB_Loh2018,mousebrain,DEGLU4,2,0.0237771071735635,0.00127694131297354,0.14627772384115698,0.004290483000075489,1.2658833682597799,0.0371297209785319,3.1812169860534e-12
WHRadjBMI_UKBB_Loh2018,mousebrain,DEGLU4,3,0.014443743839856003,0.000939235373578067,0.0888584955779638,0.00427171874693427,1.24054338659228,0.0596369813198341,5.68752689100255e-05
WHRadjBMI_UKBB_Loh2018,mousebrain,DEGLU4,4,0.00563408540936052,0.000494038908303775,0.034661121035121006,0.00269920099235561,1.16766385013224,0.0909306833965685,0.0636316934065783
WHRadjBMI_UKBB_Loh2018,mousebrain,DEGLU4,5,0.0037970590982616898,0.00047645720288169697,0.023359660960002002,0.00280679768698085,1.03590618616218,0.124470089365925,0.772164438175278
T2D_UKBB_Loh2018,mousebrain,DEGLU4,0,0.0214399788450809,0.00198490548441444,0.538626280882921,0.0308023263788892,0.792829186367226,0.0453393832197742,1.1554438745053002e-06
T2D_UKBB_Loh2018,mousebrain,DEGLU4,1,0.00377657644096065,0.00026386420092089103,0.0948771142715658,0.00392254797668856,1.16828075303799,0.0483007660932488,0.000687389747787826
T2D_UKBB_Loh2018,mousebrain,DEGLU4,2,0.00657399829271381,0.000359969124337573,0.16515539854404002,0.0078713124774285,1.4292502419728799,0.0681181200383767,4.26323244277403e-12
T2D_UKBB_Loh2018,mousebrain,DEGLU4,3,0.00445579822106183,0.000395778675962175,0.11194087650538498,0.0103724309381871,1.5627938908357701,0.14480833283929997,4.0836149114220205e-05
T2D_UKBB_Loh2018,mousebrain,DEGLU4,4,0.00201318137391169,0.00028016392740499,0.0505761877848873,0.00738303866600871,1.70381062095693,0.248719807581863,0.00342401674785642
T2D_UKBB_Loh2018,mousebrain,DEGLU4,5,0.00154539207042427,0.000297007381125297,0.0388241420112017,0.0077489998472265705,1.7216931765708,0.343636703120672,0.0318491075541405
RA_Okada2014,mousebrain,DEGLU4,0,0.0816104188724502,0.00822396503268668,0.5581191758971489,0.0262320252470798,0.8215216892074871,0.0386121434685945,6.93972479206952e-06
RA_Okada2014,mousebrain,DEGLU4,1,0.0145016005219742,0.0012701229022294,0.0991738731933665,0.00415254266274297,1.22118941059281,0.051132833310736994,1.6394842917102697e-05
RA_Okada2014,mousebrain,DEGLU4,2,0.0239263075864235,0.0021454367856824697,0.16362777273900597,0.00812876713645862,1.4160302105919098,0.0703461255226644,9.53146260017303e-09
RA_Okada2014,mousebrain,DEGLU4,3,0.015231826718355001,0.00166040823630516,0.10416776059859499,0.00809321842450231,1.4542743005741599,0.112988505234754,8.4559774949163e-05
RA_Okada2014,mousebrain,DEGLU4,4,0.0062629922942304,0.000967801707303566,0.0428314931622789,0.00564625571636695,1.4429073474600902,0.19021106333877202,0.0213283552839562
RA_Okada2014,mousebrain,DEGLU4,5,0.00469085489538315,0.0009554235714786311,0.0320799244096044,0.00594421094464241,1.42261448932953,0.263601637881283,0.111257065527476
