dataset,annotation,turcot2018_s21_mendelian_obesity_genes.mapped,turcot2018_table1_rare_variants.mapped,yazdi2015_table1_mouse_obesity_genes.mapped,human_psd_genes.pers_hmg2016_table_s12,mouse_psd_genes.pers_hmg2016_table_s13,combined_rare_mendelian_obesity,locke_nearest,locke_associated
Mousebrain,ABC,0.664080687003366,0.721344471828395,0.556052077417777,0.90707520765605,0.970449836650644,0.698612198667588,0.11162777018512,0.550096508638795
Mousebrain,ACBG,0.882328628166546,0.94571278870771,0.505817779232772,0.505310136266735,0.986630992029252,0.958158938340444,0.0457389768362722,0.378184111690588
Mousebrain,ACMB,0.675388802305048,0.484918515459671,0.129405381450714,0.275516911325912,0.997306111810013,0.586900911808031,0.87910213950437,0.809701326720228
Mousebrain,ACNT1,0.929628031457041,0.75467415145702,0.00479714202045592,0.999850274062998,0.99999994943522,0.930690914485932,0.230740766325184,0.00865081306723901
Mousebrain,ACNT2,0.868426710446206,0.189446109220293,0.0438468445877557,0.57962237327015,0.999284164737569,0.650163094818377,0.431543430023333,0.193502213705107
Mousebrain,ACOB,0.897313630095824,0.452139656101738,0.270974847602328,0.870862643512894,0.996853121115814,0.817674650497868,0.464736110151508,0.40165731521387
Mousebrain,ACTE1,0.97542234378396,0.37506074736186,0.0430106243244125,0.229658337655173,0.995198394780883,0.924012962298114,0.528641019928946,0.185722140269473
Mousebrain,ACTE2,0.984404124844997,0.863609301059724,0.160479326673072,0.999402895402333,0.999998470520674,0.989439284760473,0.244442378264608,0.0511055756866038
Mousebrain,CBGRC,0.917110083113472,0.939857099974716,0.418072306131807,0.00106099831456841,3.11163122194354e-4,0.97028319053784,0.0423927540880523,0.012174390650163
Mousebrain,CBINH1,0.62605976811401,0.758129696553902,0.106125826910766,8.04623648174631e-13,7.49585959135439e-15,0.697971330546756,0.240987524246843,0.066980125915124
Mousebrain,CBINH2,0.135556980413949,0.552119189485307,0.919168101766582,1.98727330870169e-7,1.21337400680082e-18,0.156598698495208,0.014357570815776,1.31199102060466e-4
Mousebrain,CBNBL1,0.109768883677278,0.0170713864590991,0.623706574253548,2.59396495603557e-24,4.93608429879776e-29,0.0116700045664689,0.189981234206077,0.00777927561653866
Mousebrain,CBNBL2,0.945777806430744,0.657904255203984,0.787077772119326,0.462989867167591,0.0453661583395174,0.936642124183057,0.344985059694058,0.699788725215835
Mousebrain,CBPC,0.489656414426382,0.233584405962691,0.759252737823983,0.195239236344258,0.00348413021243666,0.508990040572374,0.339633966354154,0.0473487295568303
Mousebrain,CHOR,0.0466515185812322,0.928917483268359,0.0449551112886135,0.50715704675401,0.728852988048273,0.175759392108396,0.531896369003088,0.280887822019711
Mousebrain,COP1,0.996297059736677,0.906068625180849,0.861519831456997,0.075889632522969,0.00554052470914055,0.997924473862169,0.166021520999756,0.594580616804195
Mousebrain,COP2,0.960832461605699,0.300350769113543,0.958152249013469,0.00420164731412148,6.45437829695335e-5,0.875894153742342,0.145001513679219,0.435195679478308
Mousebrain,CR,0.0477085408047716,0.394096990125279,0.395357462830455,2.00653756644171e-5,3.25466454264918e-6,0.0414301862140981,0.910021535925643,0.779416419632075
Mousebrain,DECHO1,0.14807021540707,0.158008109825276,0.67403248330308,3.41443238376308e-44,1.62092087713119e-39,0.0857375247218498,0.0157594360556517,0.028525855626473
Mousebrain,DECHO2,0.00434385837382815,0.684164902786392,0.650234945426949,1.87473313077508e-25,4.2267350888849e-28,0.0124405954090045,0.0890130780853057,0.0243125274647865
Mousebrain,DEGLU1,0.0508742374161846,0.048390525176258,0.959189703555443,4.72676733455964e-50,1.10264127462163e-56,0.0124105117920543,0.00890701570096494,0.00480214771741824
Mousebrain,DEGLU2,0.0506058979494402,0.145310386479587,0.985927544826383,6.4758283353472e-54,8.19744239277343e-63,0.0185352797524367,0.0144740181945811,0.00793576183924284
Mousebrain,DEGLU3,0.0793444735801438,0.0682914376028662,0.45036403639807,2.41645518654229e-46,6.30321851815088e-54,0.0271803080450823,0.00522619227030977,0.115256407416947
Mousebrain,DEGLU4,0.099513661549408,0.0929233655521432,0.185063649182313,8.16193793406138e-63,5.93132683115187e-61,0.0435733692842818,1.28832158338722e-4,0.00501432376462984
Mousebrain,DEGLU5,7.63431895067007e-6,3.27740248474249e-4,0.0557921968262995,1.59314510804166e-47,3.8843046626161e-47,2.67241021145423e-7,2.50428811152525e-4,0.0017940241600837
Mousebrain,DEINH1,9.05119393367643e-4,0.0419602171198196,0.219695470735461,4.53536142040367e-54,8.75417723601851e-57,2.1247010193328e-4,0.0179570332784302,0.00647829047222425
Mousebrain,DEINH2,0.0226283063671361,0.0644323978214519,0.348206554678856,3.56115048445918e-59,9.05035003168389e-59,0.0223111300309273,0.00885500620340028,0.00164389928870288
Mousebrain,DEINH3,0.00306786992910863,0.00362242514517527,0.312865998154847,2.15564286486098e-55,6.04272992333315e-55,4.21030950318724e-4,1.68074987533408e-4,2.83897743353075e-4
Mousebrain,DEINH4,2.72459848288432e-5,0.0807853980173825,0.131419276801063,4.21126886446101e-22,7.20901526868879e-26,2.68487380448562e-5,0.15344524582058,0.0232860560963679
Mousebrain,DEINH5,2.72808126671382e-5,0.00166174321920967,3.70745783102198e-5,2.5844957427476e-40,1.13465639964208e-49,3.68028089078355e-6,4.2337063516327e-4,9.40897790343571e-5
Mousebrain,DEINH6,0.291133819581647,0.0461796480474309,0.143839675578875,3.70118404649507e-7,2.41400979179012e-12,0.157580849627417,0.750099749675028,0.633028621330091
Mousebrain,DEINH7,0.0262537316910549,0.556199176796514,0.0107067357603124,0.77988647182443,0.69727936293114,0.0404310631922171,0.0537899153079439,0.0456091430264318
Mousebrain,DEINH8,0.010333514776556,0.224112890512993,0.127553128290132,0.00340316797585566,0.00624391205203001,0.00557971106253666,0.665799354355556,0.274679137358239
Mousebrain,DETPH,0.0492990963997143,0.859969124815768,0.560206805548788,0.266601263794097,0.194918977502371,0.156097140300685,0.600086211760311,0.699495311397149
Mousebrain,DGGRC1,0.429044105640124,0.795305848446483,0.790797467979593,2.20731139336737e-33,1.03427009554725e-45,0.673895803103867,0.157078313894399,0.449961681860801
Mousebrain,DGGRC2,0.438798358061029,0.801270798959723,0.858914744129428,4.20998492994059e-29,4.3696601410865e-39,0.782406838572622,0.183026305405179,0.0997695485385572
Mousebrain,DGNBL1,0.689105121621138,0.93318809545723,0.84549836148075,0.0043829536188922,8.02968973903755e-5,0.857725818730784,0.597299318780204,0.439091734395997
Mousebrain,DGNBL2,0.802579413214551,0.843311194343263,0.951927581955022,0.0659744206556043,0.00493684972546833,0.867123868090101,0.232882800190691,0.49391163740182
Mousebrain,ENMFB,0.976233983550305,0.633938551971463,0.492617688747765,0.295681554229401,0.444960479265615,0.962928387057395,0.980236075362923,0.981130036657296
Mousebrain,ENT1,0.009977579157815,0.325821270010352,0.197592318298874,0.00166891199513186,0.00128269851184322,0.0218064517130922,0.0357627923693352,0.556692981202685
Mousebrain,ENT2,0.0240037418601529,0.629722517832505,0.211562621618849,4.53621005176725e-15,1.52592695028386e-14,0.0626199778700186,0.162481181832701,0.0986207551620618
Mousebrain,ENT3,0.129418237487862,0.598657505177553,0.593437952677524,7.38747386403367e-7,2.19919992725166e-8,0.2113266309406,0.0943650507653093,0.23727503131289
Mousebrain,ENT4,0.684796763171595,0.751074317788472,0.509968260616282,3.06932306037819e-4,1.23446007984296e-4,0.712853079617793,0.0618449143643636,0.0185190865550413
Mousebrain,ENT5,0.506560671432916,0.602186923690446,0.0569098021357092,8.39701557127298e-5,3.17956837354527e-6,0.487512734069463,0.108631024588139,0.240206323584224
Mousebrain,ENT6,0.00981032918568984,0.196820474001927,0.0145198924235125,1.58375223865006e-12,2.04078466734499e-15,0.00916781264530423,0.0983593518452555,0.339938227935003
Mousebrain,ENT7,0.20635263680833,0.208076971429556,0.00513507055247865,8.43058001525061e-7,3.50122620881215e-6,0.171039419235567,0.269886287386133,0.931805301692351
Mousebrain,ENT8,0.0151307804774241,0.0302797285354515,0.0275098188966687,5.40406669915334e-11,2.71214712544232e-16,0.00948355620699097,0.00611195336123405,0.00441472986972293
Mousebrain,ENT9,0.647554168790297,0.16873130987179,0.43298448999926,1.68709243305357e-5,0.0152829138895039,0.348133889536972,0.223590401358723,0.0901379215007466
Mousebrain,ENTG1,0.76540021309281,0.893516331776247,0.96414959301621606,0.957381687487245,0.992404321990102,0.858173044472063,0.551451220626411,0.683933963942104
Mousebrain,ENTG2,0.991656733690278,0.848169781655113,0.0384549379636547,0.894537446721419,0.987525590553833,0.993062371223464,0.579365914525538,0.841923298825204
Mousebrain,ENTG3,0.99339072165504,0.83260750679638,0.599175457538524,0.405186901506009,0.850412551408732,0.993770905584181,0.475763007334971,0.784583425697308
Mousebrain,ENTG4,0.992277176520479,0.886049765968335,0.560214917861478,0.930217368728277,0.984016265605524,0.994719337577074,0.849015124386417,0.880925489174024
Mousebrain,ENTG5,0.979789469341857,0.935246071801139,0.358802543153017,0.692719976267854,0.877775338735008,0.991878784826148,0.881698027073019,0.772435282270675
Mousebrain,ENTG6,0.879826585709021,0.828785570994567,0.384835266694232,0.262902852656706,0.628938600935014,0.910574576555497,0.947461143367631,0.852256885567066
Mousebrain,ENTG7,0.667442071232263,0.734954340289714,0.673901195854204,0.902739055844464,0.976776864217663,0.693719934709021,0.872387596877314,0.780390004237239
Mousebrain,EPEN,0.00392247427403721,0.840988574282162,0.104187908611472,0.999998300989326,1,0.0185209882719717,0.876990686734851,0.870480856861795
Mousebrain,EPMB,0.00164629042259474,0.462832347545324,0.281782800622398,0.995965558095442,0.999999996159382,0.00276015447992256,0.527391674211352,0.500107071733175
Mousebrain,EPSC,6.96398939499188e-5,0.910980974705926,0.0341308474161602,0.999999789366894,0.999999999999229,0.00205872447190916,0.91733520814844,0.538184718982954
Mousebrain,HBADR,0.0149287943808153,0.00227179749344014,0.00424625362776048,6.12131133844816e-30,4.42683992045069e-35,0.00190212655853728,4.3568077046807e-5,0.00266517470865233
Mousebrain,HBCHO1,0.178532025256235,0.322181567718561,0.254895902380101,1.48444223033003e-18,8.02903107850556e-27,0.315376932078767,5.03302901291574e-5,0.0221789475614246
Mousebrain,HBCHO2,0.0622806743036072,0.0502559277250843,0.0557574002318925,3.01902860788517e-35,1.12495190329449e-38,0.0473382579946635,1.82532473466682e-5,0.0137584048321209
Mousebrain,HBCHO3,0.0117106644851374,0.003143423734828,0.234351893002404,1.62054586370069e-38,1.55929645486543e-39,0.00187718612712346,5.06365594626461e-5,0.018851402500428
Mousebrain,HBCHO4,0.0346696197578542,1.6885957383851e-4,0.0183873322882216,6.28058219604698e-50,7.3518755104351e-54,0.00203452445049206,0.0156998263325282,0.252599529180865
Mousebrain,HBGLU1,0.115309791296885,0.00556266636744467,0.791883645287215,4.59348144678612e-39,7.93018014388568e-50,0.0284072354897006,0.0417985162858935,0.143470227797674
Mousebrain,HBGLU10,0.851716586604252,0.502883704197354,0.525780925601194,1.10677490950543e-13,1.04396643240603e-24,0.787559729674808,0.00154806932301895,0.00361293069901465
Mousebrain,HBGLU2,0.00341073563709198,0.0019657893811896,0.0118649735580732,1.66721241861224e-37,8.74608950100298e-46,4.49179217428614e-4,1.67592322776072e-5,0.0234380739679616
Mousebrain,HBGLU3,0.00901374587631303,0.00143096963731882,0.0284300689340134,2.92248631921006e-28,4.67095015462097e-40,6.79241195512801e-4,3.65984689422794e-6,0.00616545709898245
Mousebrain,HBGLU4,0.0621948073543914,0.00116697830902557,0.23361718363069,1.30105132207903e-32,6.04670777119137e-35,0.00275239625053654,0.00979763654950301,0.0322816761645798
Mousebrain,HBGLU5,0.0146224561669719,0.0333082031284173,0.515529025783335,5.89520981582158e-54,1.95462362902529e-50,0.00325012767625288,0.0654145580993526,0.00809251732579303
Mousebrain,HBGLU6,0.103362556810316,0.0112129457373447,0.557577267854204,1.12388653162076e-52,4.83213874064356e-55,0.0146658181219999,2.07631970365694e-4,0.00690427831392776
Mousebrain,HBGLU7,0.327256311052092,0.00645732370267045,0.6528398979501,2.48454508475182e-44,1.82912544061461e-51,0.0604708119004681,9.443844219978e-5,0.00302518562902878
Mousebrain,HBGLU8,0.56642146172571,0.135659481806795,0.438250331235378,2.7063262808899e-46,5.997264926787e-46,0.373961987543617,4.31666682512492e-4,0.0596829310735661
Mousebrain,HBGLU9,0.0278946578358608,0.0181275669073068,0.565053209515619,3.44745328899218e-45,1.69554730565674e-51,0.00431058556004795,9.10217676883239e-6,0.00557472090053962
Mousebrain,HBINH1,0.102793733354847,0.230130022622809,0.318072016845052,1.83126293624161e-6,9.07686739323648e-16,0.139072668208342,8.24686671175425e-4,0.0319718137795737
Mousebrain,HBINH2,0.135712463561899,0.00118342523493405,0.299121734724447,1.68622534566147e-39,5.74194770847131e-48,0.00958815938866944,3.96765945132793e-4,0.00310743636085844
Mousebrain,HBINH3,0.00544468311935375,2.50427952103461e-4,0.125394743522326,1.88496275251558e-14,6.72186773307201e-26,2.85731312471366e-4,5.04351976516882e-5,1.31452204348178e-4
Mousebrain,HBINH4,0.215703317058565,0.145897240691461,0.187578705170988,7.83943320145719e-37,6.66387359938335e-44,0.134781830988255,5.81654652421625e-6,9.15430799178816e-4
Mousebrain,HBINH5,0.0508556447530153,3.38452121470789e-4,0.357007534221355,7.96567110162998e-37,9.7168629951449e-47,0.00315447248400224,5.59559837166365e-9,4.94952424001801e-5
Mousebrain,HBINH6,0.42280066860241,0.0395853288883908,0.358262322055114,4.97226049735982e-38,4.76274185676254e-40,0.103457943853407,2.12444701934336e-5,0.00123490342107875
Mousebrain,HBINH7,0.0999765809016589,0.344638738073805,0.670303092438158,3.8172539299784e-45,2.98407262424029e-39,0.133477830302733,0.00621681379795709,0.0864300842816193
Mousebrain,HBINH8,0.0469307670230568,0.0662824290150067,0.768834025347483,1.00161158848335e-34,4.67092678939739e-44,0.00846300603097329,3.67764389383927e-5,6.14028933342317e-4
Mousebrain,HBINH9,0.0337552133588113,2.12774996970159e-4,0.0040356805631354,1.11648864748677e-35,2.95121680509057e-53,0.00221120438557666,0.0136747570482797,0.0214318196076539
Mousebrain,HBNOR,3.8979981309309e-4,0.00206831399085225,0.10498183137154,4.32277945994437e-14,5.95400595725856e-25,8.01620797402491e-5,3.468777941483e-6,0.0246697350613118
Mousebrain,HBSER1,0.146029305784206,0.004413589776645,0.268192008291177,5.15169622450693e-49,1.63291588135241e-48,0.0141912098574989,4.53034093362207e-4,0.0107747868440471
Mousebrain,HBSER2,0.134252275216261,0.00934277222997221,0.192126953492558,7.63133429005496e-48,1.28329644631718e-52,0.0200590342332876,7.43765232779422e-5,0.0305751434794198
Mousebrain,HBSER3,0.00364038093813013,0.00752165331037933,0.346102391911002,2.25344363310376e-48,3.20466977533332e-51,2.79239523482744e-4,6.44409356767269e-5,0.00247077050282816
Mousebrain,HBSER4,1.24964632534585e-4,4.16519640052659e-4,0.169856491672983,1.92950885583762e-38,1.34584454511272e-46,5.18045039802078e-6,5.51088660913365e-4,0.0654084769037461
Mousebrain,HBSER5,0.029898417487869,0.0143349979825916,0.475969338667497,6.93380594748855e-47,1.36560168036615e-51,0.00805271746263229,1.40384040780698e-5,0.00254505462602598
Mousebrain,HYPEN,0.0583213935690228,0.820570496848983,0.93974203641615806,0.999992590367781,0.999982701791416,0.144007485007808,0.838168502130649,0.604934294355228
Mousebrain,HYPEP1,7.97935501670081e-5,0.00205717550205635,0.00420989305150131,3.18043621723093e-19,8.11875599561462e-28,2.21821917215996e-6,0.00774636637931537,0.0695976640323974
Mousebrain,HYPEP2,0.00263906319065123,0.155615318797169,0.0475954429563802,1.89103142404486e-13,6.28544759850799e-19,0.00321246723763169,0.189106060396092,0.203297894944263
Mousebrain,HYPEP3,0.00443733777365974,0.00656721133965777,2.11968233683408e-4,1.75870419359812e-46,1.17837866104078e-53,3.82048435002563e-4,0.0420131968151246,0.0305089369320166
Mousebrain,HYPEP4,1.45356428775263e-4,0.0731598015983309,0.00814466729176687,5.43733645886186e-17,2.96264626127285e-19,9.72404394388866e-5,0.628399131643023,0.807258035265967
Mousebrain,HYPEP5,0.00289446368398465,0.023832537151861,0.334414091603909,2.98288210976736e-6,1.16844748489211e-12,5.43784517434301e-4,0.707942732180097,0.631701219781134
Mousebrain,HYPEP6,0.0571024115842746,0.0438893977732705,0.0263573689332659,1.09239195657044e-21,1.31825788931925e-30,0.021770929555078,0.117172114080586,0.283490514255842
Mousebrain,HYPEP7,0.679274105513177,0.0461059154571111,0.00231138121274553,2.04888928817027e-5,8.17244950265044e-7,0.480733122736921,0.185695370202481,0.580378050550733
Mousebrain,HYPEP8,0.0468008624891427,0.246869992047916,0.416222701277793,0.0369433151155025,2.9018071633765e-4,0.0265147679342851,0.379712542138627,0.763315516472223
Mousebrain,MBCHO1,0.11040631685989,0.0387678434718751,0.0858625566436976,4.51581894488476e-47,4.62307455175904e-57,0.0300535371676644,0.197735617640772,0.225175916517766
Mousebrain,MBDOP1,1.98514138107959e-6,4.67861059899425e-5,2.27014734700343e-5,1.6294995734079e-11,1.34872935388426e-19,4.90818117738915e-8,0.00324359538668772,0.00402957399292048
Mousebrain,MBDOP2,0.021045216874908,0.0599604030538659,0.08600517776791,1.77631155277369e-51,2.45508531220357e-58,0.00293714595574097,8.73196096079088e-4,5.93279202316261e-4
Mousebrain,MEGLU1,6.1674726267517e-4,0.00140429522975826,0.265218734393146,1.36893693761165e-40,1.48806711161257e-43,2.87954824826339e-5,2.74163525020728e-5,8.02854034214174e-5
Mousebrain,MEGLU10,0.00264715674999461,0.0909409636145573,0.403846085007143,7.0606513265874e-35,1.08911458501191e-46,0.00279636058489641,5.79404368632756e-4,0.00422348768943967
Mousebrain,MEGLU11,0.036520616565807,0.0196778784730899,0.80812233694163,2.38483574857944e-42,6.76139931181827e-52,0.00638530807173193,1.83702480408931e-4,0.00257866127331148
Mousebrain,MEGLU14,0.00538436570640192,7.22152492688868e-4,0.0474736210345799,3.24321910137932e-36,2.22983596045391e-41,1.3728021525219e-4,0.0521475280070939,0.0635770970277228
Mousebrain,MEGLU2,4.9810946045602e-6,0.00190010317952547,0.0101841301330188,3.31888174102165e-41,8.40915938537915e-47,6.13968664655152e-7,0.00110954236281376,4.70967596284882e-4
Mousebrain,MEGLU3,0.0473901013104571,0.0014608109208971,0.706423463740513,1.80403349598258e-36,6.95332655190935e-45,0.00745689799660208,0.00988729978150339,0.0114292929039261
Mousebrain,MEGLU4,0.00380352385775306,0.251474673871968,0.70287176720788,1.69714198063389e-32,3.95919417027955e-46,0.00594341650926478,0.0190744702146522,0.0293285079766049
Mousebrain,MEGLU5,0.00271197032026102,0.365722979239419,0.558793666680168,1.39005517804053e-35,1.46226706002274e-43,0.00636858688112117,0.0720690651150855,0.348262541453943
Mousebrain,MEGLU6,5.5274928833591e-4,0.023333537729097,0.404834297613171,2.5218761732495e-47,5.71907626632372e-63,8.48621456999974e-5,0.00575972206756241,0.0105902928111748
Mousebrain,MEGLU7,0.0253019858382455,0.218340816382972,0.763452288628621,2.56514996352284e-40,2.27908587921349e-55,0.0273858292371609,0.133122546192769,0.0262868589571784
Mousebrain,MEGLU8,0.0457762228500608,0.15612511218401,0.219493103383066,6.30844432868631e-45,1.66170769333169e-67,0.0324488940290302,0.00699596564950437,0.0988650273693576
Mousebrain,MEGLU9,0.00286674730541238,0.11760987695887,0.463884720037565,9.96510734270459e-39,7.11017539841425e-53,0.00203614044169227,0.0254503824119294,0.0826821513499907
Mousebrain,MEINH1,0.613149364582476,0.864023599523816,0.957173313117564,3.66003394423042e-16,6.08727982575228e-16,0.763713893638677,0.22560677349712,0.234307404615284
Mousebrain,MEINH10,0.00437932447096053,0.0241787270951434,0.411817812621909,6.12859511298837e-22,1.58276323262472e-29,0.00225492484353838,0.0650992031761871,0.0346922395140128
Mousebrain,MEINH11,9.93076071165206e-4,0.0242303078130344,0.259402381918911,7.35936965677988e-32,1.93510751641935e-31,1.93181834798548e-4,0.265115392590794,0.105762302768302
Mousebrain,MEINH12,0.0033416824269304,0.039616195567042,0.0955307314071528,3.0954626826637e-30,4.12851883394634e-30,0.00511655856964957,0.0461188960467256,0.0493075186415609
Mousebrain,MEINH13,0.0150229897863305,2.2516497591103e-4,0.0258870231120939,1.34670221923149e-42,3.26772876756937e-47,2.19199619190406e-4,4.23147582164928e-4,1.13515784774846e-6
Mousebrain,MEINH14,0.00266528173861703,0.197101023856603,0.212313298842528,1.93734129254078e-10,7.78976976597184e-16,0.00656130640924747,0.183295382557915,0.0228696237440628
Mousebrain,MEINH2,0.0138355048849237,8.32589074256084e-5,0.172886808046952,3.73624449187424e-49,1.11597695921027e-50,3.80192885796055e-4,7.72849468421592e-5,2.56307878903702e-4
Mousebrain,MEINH3,0.120011128203636,0.00732428025769513,0.362720179759717,4.15800846521205e-49,2.60261610834594e-52,0.0303359480893761,0.00317337012020878,0.00444859055490205
Mousebrain,MEINH4,7.67999412477191e-5,0.00885313198019451,0.0122917420690902,4.15437693179694e-51,2.15412432357286e-51,3.57163783723899e-5,0.00199761186098998,0.0062196550950464596
Mousebrain,MEINH5,8.58919128631335e-4,0.426738265242523,0.16043638227465,2.39288326190273e-28,7.12873195812258e-28,0.00378568950304073,0.0130126736100134,0.0133884397047573
Mousebrain,MEINH6,0.248292325078279,0.37724912266026,0.718194693488077,5.39751827463109e-41,4.73252458249354e-41,0.179380018247741,0.0683866636987176,0.0262195705252353
Mousebrain,MEINH7,0.0789870691446838,0.078237109821475,0.474764944064772,2.32456442769451e-43,3.04126475755686e-45,0.0392471832170718,0.0021414622582041,0.0142097998840545
Mousebrain,MEINH8,0.0218207719450745,0.195272719947356,0.4114010634654,1.78292990093084e-10,8.56013846708964e-19,0.0260194217439075,0.0150960620031065,0.0147957330139128
Mousebrain,MEINH9,7.23503858273006e-4,0.009940680880117,0.2408226086139,2.47225380198131e-20,1.79956125455533e-20,2.0344795633235e-4,0.0100265927017678,0.00135400906668135
Mousebrain,MFOL1,0.993220912679043,0.132382068383707,0.843765895029463,0.561071809963721,0.940126550771935,0.925501441526922,0.388629649790101,0.755851057134505
Mousebrain,MFOL2,0.978057430399852,0.125453821770728,0.981258779233003,0.450716917228114,0.977534011669678,0.849504197304615,0.499931110419057,0.865120548361324
Mousebrain,MGL1,0.974585769617554,0.842867342946271,0.745279041292952,0.999984182278216,0.999986339091048,0.981833426556823,0.572519735125453,0.211446527081163
Mousebrain,MGL2,0.889334691073219,0.834236432383799,0.229560113226225,0.999978248987368,0.999937965739335,0.923379663323077,0.829594437974553,0.319580523383356
Mousebrain,MGL3,0.891374647239319,0.83657740823142,0.394188401999749,0.998939472795289,0.999823126077206,0.925434495656989,0.971365647189448,0.399071696668284
Mousebrain,MOL1,0.998102767766264,0.164018694192944,0.975680249016276,0.0515688973787681,0.796726286428431,0.97222421520897,0.696214711120527,0.624111326382107
Mousebrain,MOL2,0.993043408319342,0.247522171588926,0.954735485642273,0.195755980965288,0.786478735296432,0.952231084798343,0.806014230611465,0.952042960059579
Mousebrain,MOL3,0.962379030942395,0.559985748589472,0.998816664037423,0.00931884549141619,0.14929894844216,0.9308390796253,0.807866811209693,0.941469906459752
Mousebrain,MSN1,0.00935509879154589,0.205335438700614,0.838891917122063,4.48601129857403e-20,2.76664367830249e-40,0.00873955950811358,0.503309151485708,0.0207843780178339
Mousebrain,MSN2,0.0279140110670265,0.0852318162002436,0.905559893196985,1.38970529482262e-17,1.13708654776342e-37,0.0121771568598974,0.337763159458685,0.0609465164121615
Mousebrain,MSN3,0.00486220888211369,0.242727160676317,0.701006440266441,4.94354178386163e-17,1.2706653938057e-30,0.0125398750259871,0.385986716562732,0.260804728420528
Mousebrain,MSN4,0.00448553828324245,0.200627145795745,0.304979547520963,5.25978422913997e-22,3.78290506483496e-35,0.0127866854866384,0.226280707034803,0.19077255659805
Mousebrain,MSN5,0.0613347866262704,0.163379407823487,0.916476759962842,3.04914540077971e-19,1.56482382683929e-37,0.10154439537035,0.356466661532745,0.0734159309675235
Mousebrain,MSN6,0.48343292881243,0.0980361570150585,0.773823838376772,3.72665885211876e-6,1.80811515524556e-11,0.351258564697451,0.253871457676246,0.0549010399879231
Mousebrain,NFOL1,0.983615256741796,0.730770163366306,0.912911692218609,0.0187120175522688,0.0258846682910169,0.978795707950155,0.150952379109944,0.645235758683577
Mousebrain,NFOL2,0.9672549184394,0.124472654326534,0.734671189156284,2.26565251714021e-4,1.22730242951395e-4,0.817819666703238,0.130987228648175,0.581743744094632
Mousebrain,OBDOP1,0.127555516759702,0.0421556845464048,0.498841166395472,3.13145189991579e-8,5.31936335976877e-9,0.0219073258689295,0.61866786313622,0.143342033183882
Mousebrain,OBDOP2,0.262826518075478,0.13046874367255001,0.913714769731641,6.66840760060776e-20,7.40391832057344e-22,0.105929403307456,0.691469707447148,0.286051287977325
Mousebrain,OBINH1,0.682429038989947,0.711012571188963,0.96259654640994,4.49516577054849e-15,3.60532991266953e-29,0.718635806548203,0.582000151239994,0.0888200507038671
Mousebrain,OBINH2,0.0269033666668142,0.387288373319606,0.461483274855031,4.99923650443599e-18,2.4331950482585e-25,0.0436107939108114,0.273511871610226,0.00181830648676015
Mousebrain,OBINH3,0.731430591654027,0.725432502634805,0.795113872858358,6.35622775131198e-18,3.33982247254302e-26,0.76565791052965,0.777984197664995,0.0261574006040478
Mousebrain,OBINH4,0.711173813039238,0.340860615828038,0.982823162683318,0.00442434831854281,4.25707754974886e-4,0.567950382357794,0.81141882015218,0.116896509286073
Mousebrain,OBINH5,0.289927688520843,0.370197790753628,0.115567261748401,2.37204049300453e-24,1.1750261649542e-16,0.220177673082973,0.0349531242025649,0.00100428758695316
Mousebrain,OBNBL1,0.17685438250129,0.229148540018971,0.742056174480604,3.02591813209582e-36,6.22398089985797e-31,0.136143594453212,0.194666876842919,0.421589459941506
Mousebrain,OBNBL2,0.0939556048532147,0.22846840790996,0.521895741734709,1.25790204670755e-17,2.0983355748428e-14,0.0456840230076938,0.204368528573634,0.0342367694957942
Mousebrain,OBNBL3,0.91221490195915,0.542387468303173,0.96050720202331,0.921008183416561,0.144724814762017,0.866869963506754,0.397150773745285,0.455507069010767
Mousebrain,OBNBL4,0.46666653448975,0.210331609513467,0.189469668438595,0.41015446867363903,0.0830700856004935,0.281971195498328,0.0665127926143333,0.189406943821249
Mousebrain,OBNBL5,0.729744249759064,0.0257530448844793,0.335169303319682,0.0776593809682797,0.482933497631338,0.287907242090549,0.612715666996097,0.495577676664214
Mousebrain,OEC,0.680095982001755,0.969201812526139,0.749758923117461,0.999998522976693,0.999999999998261,0.885572967936777,0.726094167555428,0.557425029038616
Mousebrain,OPC,0.870102482442328,0.533001949801574,0.975870103825073,0.99856712942442,0.987183138761101,0.80583189215378,0.00754731274117639,0.212725085521573
Mousebrain,PER1,0.891694323968267,0.519151718699172,0.940198624888348,0.999964012697407,0.999998286765105,0.819512397916808,0.990715635040567,0.965054822281637
Mousebrain,PER2,0.851105770737808,0.72402861735866,0.973671814033929,0.987832009748831,0.986450733836025,0.847960737966456,0.976810180858512,0.960427392443948
Mousebrain,PER3,0.278490765383076,0.430218941728593,0.651076289474399,0.999090936142565,0.999999874810201,0.231313954359044,0.943887134322429,0.98122502537462
Mousebrain,PSNF1,0.304398051470098,0.110583764071065,0.872879890186251,5.21055439615555e-44,5.59136629996055e-30,0.104457290019168,0.681333825662734,0.618639547150993
Mousebrain,PSNF2,0.556398453186806,0.0116068968125846,0.863289188451281,9.65634402177626e-51,3.88294652139849e-31,0.271364592757628,0.241619217190297,0.261036341681841
Mousebrain,PSNF3,0.382452415954651,0.1454516246169,0.928700457791016,5.79461885466438e-49,4.59761352218096e-33,0.163438140356389,0.435757504218854,0.541819784344567
Mousebrain,PSNP1,0.607679101743863,0.505603389829938,0.985000099158754,8.92502436311712e-21,4.82657483426095e-16,0.612764225876288,0.691555708270166,0.353674616158526
Mousebrain,PSNP2,0.249751457952202,0.454852491853564,0.93909338883552,3.43316874478711e-22,4.23717709278842e-15,0.296895769186995,0.66314419220091,0.864186906425874
Mousebrain,PSNP3,0.221163582006145,0.493186065146691,0.992655556765694,9.82617481035916e-21,4.48104290129382e-12,0.272679612258583,0.752728638298018,0.363990070010969
Mousebrain,PSNP4,0.0443576015885447,0.358825795567699,0.939856134064914,8.478403011647e-25,6.50715065469987e-15,0.06308924352505,0.644512170916728,0.782673997343968
Mousebrain,PSNP5,0.539604903032925,0.309801999357263,0.751213728893042,1.60066354291483e-23,8.61929124961576e-16,0.587822492632874,0.717087760853145,0.373220062849058
Mousebrain,PSNP6,0.063564576011428,0.689571635717533,0.98072095830385,3.27527752192597e-16,7.69758785638679e-8,0.15323951883631,0.81686794046925,0.825096561129705
Mousebrain,PSPEP1,0.521619036621901,0.471510124026734,0.711910263620104,6.98878977618486e-42,7.24406952445363e-31,0.529370411003091,0.8861885833631,0.869945262431613
Mousebrain,PSPEP2,0.356803972016809,0.615938898309494,0.668643784863237,6.3251017043041e-32,8.18279469091795e-23,0.445696851004024,0.491851794415843,0.494332197306437
Mousebrain,PSPEP3,0.129466235345596,0.677678312617236,0.363703132495859,2.3190670150215e-28,5.18548997788177e-22,0.258434401539638,0.545036503950603,0.485317651560069
Mousebrain,PSPEP4,0.332980164330653,0.567401865556366,0.397016473867778,1.85530163007714e-27,4.79609634214337e-21,0.399573872122092,0.393617110714539,0.516090528651237
Mousebrain,PSPEP5,0.0984140302444821,0.852112548601991,0.700169417160381,2.92706592424035e-33,3.02201801764571e-21,0.222129829276146,0.546343193862792,0.399768639064362
Mousebrain,PSPEP6,0.430398762054593,0.667315120970893,0.384618759135196,1.82552528320948e-33,1.94845286291792e-28,0.599893241883303,0.854468749886209,0.983421024932795
Mousebrain,PSPEP7,0.558595217453247,0.730925377940788,0.667375161674435,3.91489622826124e-31,4.16443673226043e-25,0.61265172077229,0.770681331607106,0.668433204980362
Mousebrain,PSPEP8,0.470147340632732,0.14623489283923,0.767821423706828,1.80626529717887e-44,1.72998079265907e-28,0.333887752441423,0.387854968268813,0.203850325630492
Mousebrain,PVM1,0.999311087741853,0.867359948605102,0.948914217205707,0.999781279948403,0.999966504302239,0.999422086760003,0.914955440247113,0.834026536545567
Mousebrain,PVM2,0.99830550337692,0.835948570196642,0.836687077212013,0.999959999153348,0.999986584359609,0.998435230275903,0.758258423760998,0.75186181565211
Mousebrain,RGDG,0.59052140552804,0.924256384658499,0.234107462350198,0.974059658444341,0.996500929966576,0.790390984667375,0.90342954190126,0.770870701869197
Mousebrain,RGSZ,0.582012364658996,0.552635972355256,0.607732016491508,0.995784431835606,0.999999336439385,0.546050881128299,0.865306000107343,0.350013552683853
Mousebrain,SATG1,0.198923974565573,0.930096795295527,0.814808425433057,0.00462621490799683,0.230042676769461,0.449082972812497,0.7587671505105,0.582219091566125
Mousebrain,SATG2,0.848492548805511,0.903443586806919,0.0665167728734298,0.00584858885912538,0.244853528539287,0.92026358447955,0.571456751042303,0.754224269663369
Mousebrain,SCGLU1,0.051001220736015,0.304947223471165,0.103078232506562,5.79215422051885e-30,4.56680615752882e-30,0.0341731627627748,0.0861373352697527,0.0461621333279042
Mousebrain,SCGLU10,0.238338532241652,0.320043018899051,0.304909737202152,1.8092558787212e-21,1.45019258208794e-24,0.163992363500534,0.506784405495675,0.169955864096056
Mousebrain,SCGLU2,0.38900362288135,0.0739626833229551,0.256296126829682,5.64633367289327e-36,1.41131461662158e-36,0.247354358006562,0.122533580042834,0.0446593911812886
Mousebrain,SCGLU3,0.0334054685420913,0.0462485775952756,0.284654638517118,2.49640239016182e-26,2.46491508489701e-25,0.0139784882185938,0.0992663837258659,0.0902120395067483
Mousebrain,SCGLU4,0.324559320334725,0.0105453679071555,0.626889839175917,1.91031854888021e-23,7.70752546631159e-29,0.160370968588861,0.109745462254655,0.203680409483826
Mousebrain,SCGLU5,0.440599353113669,0.183388873045169,0.582675771585663,2.29668327826944e-9,1.75662997125042e-8,0.230237393946736,0.488856777450771,0.583220884657753
Mousebrain,SCGLU6,0.41048743749794,0.378109719990762,0.374854208991494,0.0149273885508933,0.00162600310302896,0.31628055998414,0.0306212110633888,0.137277951425039
Mousebrain,SCGLU7,0.336264159645562,0.52706067711822,0.562606417489121,1.85586958579956e-4,5.33565565717151e-5,0.333023399810902,0.0264247150903579,0.273494426648942
Mousebrain,SCGLU8,0.0144590463866002,0.631270738161415,0.947176643755635,1.7026765828566e-9,2.67522050072828e-8,0.0307372912861161,0.157743024744588,0.284924408657203
Mousebrain,SCGLU9,0.0972821366559138,0.689060344690998,0.647949470324622,5.47219216382308e-7,5.55614805981753e-8,0.154591640272342,0.550311675038992,0.526961033463976
Mousebrain,SCHW,0.851669177965137,0.69208131624349,0.110045113063847,1.05936164546211e-10,6.45920455481054e-5,0.856848168361701,0.831694232161677,0.978102129933746
Mousebrain,SCINH1,8.34632027047442e-5,0.139980865271561,0.00301044715659011,9.81433019496892e-53,4.79928777584369e-48,3.00399373821977e-5,0.0481694924914227,0.0120145100731736
Mousebrain,SCINH10,0.471878268849372,0.0624205005873483,0.191038754723822,1.84128501153727e-30,9.83377835991183e-29,0.284363850361278,0.19509232688626,0.360741900641562
Mousebrain,SCINH11,0.311246583285681,0.697197000945873,0.460876242783604,1.26833336213146e-7,2.62795421503341e-7,0.385068696138872,0.768090465308951,0.627140731809288
Mousebrain,SCINH2,0.0957653401068982,0.00564989824469932,0.0683134374619131,9.22078094234192e-55,1.96052588273525e-54,0.0330100614029007,0.00374443226086385,3.48484232473952e-4
Mousebrain,SCINH3,0.145386646196656,0.00831105236183356,0.516368570265617,5.81407350179194e-19,3.97160117092921e-23,0.0323518298295021,0.0583624118513162,0.44902431619106
Mousebrain,SCINH4,0.0131679501715422,0.321230975895225,0.0356987877637688,5.25150023502333e-12,3.75527898233441e-17,0.0101113370825735,0.134571672991641,0.245475631052393
Mousebrain,SCINH5,0.171263125709408,0.134342346220946,0.636519717021339,8.93027256271001e-52,1.14324297941621e-48,0.0595926901505262,0.605016035509839,0.375418843706492
Mousebrain,SCINH6,0.471299410059754,0.876621932245431,0.657695195054095,3.18916923262962e-21,1.45792260069704e-22,0.640018027193785,0.670561163740953,0.544917669320379
Mousebrain,SCINH7,0.519519112369946,0.376856671536752,0.322154723303495,2.93961185169034e-13,2.54374698496858e-13,0.407744749604616,0.529254696375364,0.0576813696645301
Mousebrain,SCINH8,0.218001166126871,0.0675600601069736,0.318419854384141,6.46898791991141e-7,8.28668077561613e-9,0.117171906520183,0.325973043907092,0.0245441565175707
Mousebrain,SCINH9,0.463860783498066,0.0206876694424806,0.72742979691292,4.75671520035366e-7,9.214919878994e-12,0.221918198975547,0.443853020666985,0.302543446365029
Mousebrain,SEPNBL,0.0299320395476576,0.114171337106652,0.429941163463617,1.17141307364169e-45,3.91590967482518e-52,0.00829806655660035,0.403703191074368,0.714443675288322
Mousebrain,SYCHO1,0.253036900854087,0.68824813796966,0.649547550321423,1.22722424213453e-27,8.46561759175609e-16,0.304284573746452,0.79358362625869,0.807954907119418
Mousebrain,SYCHO2,0.580521859138429,0.30545582554913,0.48351919458892,1.16739079226616e-26,3.51446408661893e-15,0.54661035219869,0.538286143001855,0.812199159883138
Mousebrain,SYNOR1,0.462754269488203,0.629710730885014,0.817661208920625,3.71496465148198e-20,1.50464409243514e-11,0.453681213503853,0.718124607479626,0.871473107553533
Mousebrain,SYNOR2,0.605167805435281,0.59423816044102,0.857398214693073,3.80903931043811e-25,4.1274622267517e-15,0.563912811608439,0.549380440276204,0.678940634317905
Mousebrain,SYNOR3,0.429842570466702,0.704126467475546,0.913221410105882,4.21601642234256e-20,2.34760284435765e-12,0.449284556419615,0.767545541286554,0.932155946070467
Mousebrain,SYNOR4,0.564571586662222,0.587467714114244,0.965535746106834,4.8105232939372e-20,1.00431431764916e-11,0.512003256563637,0.488146946892293,0.717449395156825
Mousebrain,SYNOR5,0.615330563977424,0.433100096375854,0.93694589575638,6.57838332945186e-26,7.31226505821116e-11,0.50808412576278,0.495709722475438,0.851136974551469
Mousebrain,SZNBL,0.544650842438892,0.917767595562723,0.998657741737362,0.992413158868973,0.994794220730809,0.738474894208934,0.578548565558729,0.653143736469026
Mousebrain,TECHO,0.240867573221053,0.26922184317335,0.23264949092667,3.59764790760346e-46,6.35346848412938e-42,0.197806544452186,0.0153950822392924,0.167454185743428
Mousebrain,TEGLU1,0.00347446177494287,0.140342895770185,0.266718159051945,8.6783773988025e-69,1.12982572682853e-72,0.00292692061511904,0.290876085040905,0.0483288527335084
Mousebrain,TEGLU10,0.0460692975775021,0.352416615076196,0.973790369173481,8.44199985899471e-59,1.34984267584002e-73,0.0563625885420725,0.118560092351915,0.120643537739463
Mousebrain,TEGLU11,0.0672787105921733,0.571460812048815,0.972699884565401,5.6448861127522e-61,3.22730363368448e-75,0.128307106233715,0.192313633746171,0.0692231663010018
Mousebrain,TEGLU12,0.00261987582879589,0.877764235600369,0.944278249028624,9.90800565580671e-57,1.63246066856163e-61,0.0382357201364362,0.613141713938098,0.635492309037958
Mousebrain,TEGLU13,0.0188744657832023,0.606817092421767,0.877427497407172,1.50624300019237e-54,3.4760250809551e-75,0.0608000472693687,0.103797359915409,0.0646681768643421
Mousebrain,TEGLU14,0.00103026686384678,0.243412399777341,0.888589719958863,6.7792933393546e-66,3.63541435365789e-85,0.00166891301366611,0.220705698554611,0.00241325609418884
Mousebrain,TEGLU15,0.006268181920607,0.0550753263369468,0.86034488207764,6.78147709244311e-57,1.12906712539456e-71,0.00197122334207844,0.0228495266140571,0.040128356026191
Mousebrain,TEGLU16,0.0730003805930951,0.3232689998919,0.813793232918276,1.8809115269756e-40,4.24598384157256e-58,0.0899820186040454,0.333489700183425,0.296733055706843
Mousebrain,TEGLU17,0.00251977264439652,0.557909110715259,0.592172938039751,1.16536156304685e-46,4.43425189041692e-58,0.0167576014745708,0.333918886986368,0.187305384184367
Mousebrain,TEGLU18,0.102893542324593,0.105082649333746,0.694987108060784,1.66794292682888e-59,4.90346523824924e-75,0.0485205618925061,0.053707543429176,0.0144169592848742
Mousebrain,TEGLU19,0.0384919213174053,0.337827523174705,0.595076720819006,7.46835399867153e-76,1.79762906486831e-86,0.105027384115857,0.27276922678244,0.0614704431647065
Mousebrain,TEGLU2,0.259412726000182,0.135262108586168,0.965692988134544,2.23514070460681e-70,1.87902555570535e-81,0.159295211008423,0.395544866691782,0.0571151556512582
Mousebrain,TEGLU20,0.0751478574753196,0.21114185703825,0.615762802332798,2.61364021629881e-62,2.53157147465425e-71,0.0669177317951267,0.437032852041449,0.11769155026895
Mousebrain,TEGLU21,0.00939941379734494,0.14894087674054,0.76350754389458,4.78090886235507e-65,2.58613481578631e-80,0.0201372269382633,0.12166374301113,0.275722397219603
Mousebrain,TEGLU22,0.00146247225272185,0.433171559343086,0.366104966000246,9.91642486441724e-49,4.85138777287056e-61,0.00492938134467668,0.264191624270395,0.21781661571921
Mousebrain,TEGLU23,0.0690040715816934,0.240153795117942,0.782828488963402,3.62018649549234e-60,4.85991453218558e-69,0.0969903961759774,0.0182712179377284,0.0436419619447446
Mousebrain,TEGLU24,0.0474782652221435,0.561401853353808,0.968887724774785,1.87144039374219e-45,1.84638336541483e-54,0.183159658914648,0.210877442862822,0.181469839116479
Mousebrain,TEGLU3,0.0563863852527808,0.746568174378554,0.990799288474811,3.46337666020006e-69,4.70853849048616e-85,0.16930149146551,0.335168646649658,0.0357146755899656
Mousebrain,TEGLU4,0.0106083339081716,0.0056832396878704,0.726719523420449,1.40690683633843e-45,2.28738743718779e-60,0.00254044567333708,0.00689722475247387,0.01496671724452
Mousebrain,TEGLU5,0.0030114002096124602,0.434575315604557,0.959218551529876,1.08752581658134e-51,4.36231351903902e-61,0.00946981782080238,0.0139231394252835,0.0595303093303375
Mousebrain,TEGLU6,0.00479044947218511,0.317506752798787,0.752548612717097,4.19605195553572e-42,1.71248882530816e-54,0.00897848839182028,0.04060863904875,0.015985108930392
Mousebrain,TEGLU7,0.0201438463368041,0.90640554667945,0.967454660804936,4.59650874167608e-40,9.62589934153042e-57,0.140875583105873,0.186726733579444,0.248273521312527
Mousebrain,TEGLU8,0.00441131962290216,0.858477074721163,0.993101935254823,4.38656442849701e-45,5.02885308325699e-62,0.0430465851357554,0.194827777282301,0.130724730554224
Mousebrain,TEGLU9,0.109149293560141,0.46284983107872,0.878732479878439,1.70707480388247e-68,1.8069593778486e-89,0.157966529867145,0.11882065815514,0.134856847012271
Mousebrain,TEINH1,0.0025669985638975,9.37791428493171e-4,0.0125021365948907,6.54409276003399e-52,2.15000653527926e-49,1.65807589701732e-4,0.0213556493567248,0.0446986426777936
Mousebrain,TEINH10,0.373449195918354,0.208762457442389,0.482815408530457,1.11476625493811e-37,2.1749410990546e-32,0.247904007212404,0.583208668523252,0.29522501456431
Mousebrain,TEINH11,0.0444847369379461,0.258885128876342,0.331770902982047,1.24974774717516e-31,1.75000691936948e-34,0.039082986422194,0.132428159720306,0.047770789041949
Mousebrain,TEINH12,0.0445769760636466,0.361018232856487,0.373377248404647,6.53111583472717e-38,9.03920102217463e-40,0.0571151152598731,0.114089294143029,0.0268497841427891
Mousebrain,TEINH13,0.0474212549444281,0.104221208157008,0.682917627113474,8.48336196577608e-45,1.56167644420865e-50,0.0228901115501941,0.201398836410907,0.0140869037484214
Mousebrain,TEINH14,0.0702585068763547,0.149245962869678,0.0808869110074251,7.40708380728037e-35,5.59405823235213e-43,0.0474930993402053,0.25199313574605,0.0997666452645106
Mousebrain,TEINH15,0.396574534420818,0.0362603076295638,0.844600413604324,3.07407932991335e-23,1.12425426322068e-29,0.154255021816372,0.390417811549067,0.00182195016266819
Mousebrain,TEINH16,0.154023128958574,0.243187912173826,0.860407257324391,3.77012187824418e-38,2.85115954947834e-44,0.125361019227814,0.602425803877728,0.0970781058986916
Mousebrain,TEINH17,0.0460163009756691,0.0439128283672076,0.481557497218483,4.11945900483523e-46,1.17550145053157e-48,0.0333307356129724,0.107648476509854,0.108930591695908
Mousebrain,TEINH18,0.0551525232583395,0.0617695687394952,0.590567827704642,8.2462633495332e-42,2.29926095451985e-41,0.0407503219074268,0.3494145883511,0.0487804807009154
Mousebrain,TEINH19,0.0460417726800987,0.114998702123485,0.925524634558964,5.18735835919415e-42,1.05512265303671e-44,0.0445724467079807,0.250566551346984,0.114424557102317
Mousebrain,TEINH2,0.00204082516109085,0.00161494580528051,0.00535788127108107,1.71075951431616e-32,2.0013878130745e-39,2.28657141008728e-4,0.196070948951076,0.230981554486897
Mousebrain,TEINH20,0.381357673806058,0.0666186618663599,0.668023187059356,3.81754004976799e-58,4.76260798551612e-58,0.192097190719876,0.297475826371715,0.074517712297724
Mousebrain,TEINH21,0.273069204608502,0.0913971840253119,0.140518844897913,6.69801201895396e-34,8.03400337670035e-31,0.151741643254043,0.0439347514169262,0.0349443280796521
Mousebrain,TEINH3,0.00657038830774846,0.00480105281999732,0.00423854182388082,6.6104368915604e-58,5.23761562117644e-57,0.00200733190410727,0.0815683915338896,0.0145533592788355
Mousebrain,TEINH4,0.0294388600593449,0.0543384716973942,0.00281213829602177,1.37402953204663e-23,1.74539593679942e-22,0.00971432764932759,0.225086598479451,0.312903322726166
Mousebrain,TEINH5,0.0265625333984037,0.0535287352024247,0.130795977442016,7.80834050031842e-18,2.58030543437009e-24,0.00871906591140012,0.203093287844916,0.172280950958572
Mousebrain,TEINH6,0.414759568980154,0.0959113076397822,0.124114567455052,8.79267895829379e-15,3.66647342589739e-23,0.161152089674091,0.416384934068363,0.099785000656931
Mousebrain,TEINH7,0.512652415565841,0.269543033912066,0.201959405911017,2.74099531197761e-23,2.71589073838414e-25,0.335374415150592,0.391412671376809,0.162269128603739
Mousebrain,TEINH8,0.0881688593495725,0.0441954400139216,0.0510355049988056,2.6935783344787e-24,3.38676515045625e-26,0.0143232892866048,0.873278398957739,0.623169540124352
Mousebrain,TEINH9,0.218704340194175,0.201674537186972,0.580164353773222,1.3301021199141e-38,2.74952320945712e-35,0.0998869339103075,0.800246500543304,0.428524744925201
Mousebrain,VECA,0.818163402590638,0.710871813932442,0.606630387872007,0.97580942807756,0.999692159225794,0.822560234485738,0.855133646194871,0.749054030117998
Mousebrain,VECC,0.908956376031226,0.73827875959857,0.831693278163068,0.934450662943929,0.951826711503743,0.909453289044001,0.995728600905581,0.985901347260573
Mousebrain,VECV,0.950086862871215,0.795580008190647,0.777462776117656,0.973588164939684,0.994491130569869,0.954712322147871,0.982832762474994,0.954879660372822
Mousebrain,VLMC1,0.881368628382144,0.622172364542239,0.332156838531701,0.999999661004018,0.999999999678906,0.857188776405372,0.980194867959991,0.902342776666662
Mousebrain,VLMC2,0.496428645257341,0.517041139055701,0.166062706164499,0.999579381437548,0.999990884424503,0.557143208401457,0.957065718967255,0.980016859025945
Mousebrain,VSMCA,0.807862571308993,0.571494218740055,0.410556836698027,0.629943122252869,0.988238437403991,0.764186405013877,0.912618905343299,0.598823969803702
Campbell,n01.Hdc,0.600687826992143,0.514218227116837,0.869139564233032,4.1646721957565e-54,2.44154659928892e-43,0.53523299568079,0.789271086669074,0.907910880047057
Campbell,n02.Gm8773.Tac1,0.433422401794317,0.281501154413537,0.576832270461963,1.1437680269233e-52,1.10668949264899e-55,0.270477225234712,0.0414629131453464,0.188237669211487
Campbell,n03,0.183455670471175,0.427045690272512,0.931671708396469,5.91965253100694e-27,3.69887985518309e-33,0.261665118245411,0.0675161624906383,0.793016128924374
Campbell,n04.Sst.Nts,0.625380906452219,0.0216787120187999,0.913079084387271,1.0712229760019e-50,6.11042998181894e-47,0.304238209890032,0.188896569354051,0.0708217107919773
Campbell,n05.Nfix.Htr2c,0.804986549309021,0.194059630680134,0.87714853127893,1.57890386801643e-50,7.62409976104913e-50,0.577443314529401,0.0381890989289639,0.174987441374186
Campbell,n06.Oxt,0.161681373890603,0.687150906397816,0.919138766920327,1.91624486998689e-10,4.40039030064945e-14,0.21486419927469,0.684098281868262,0.47296936198721
Campbell,n07,0.681240115070796,0.0835759531815055,0.0721898544853124,3.51234279183783e-30,4.42855218052145e-36,0.478654023988205,3.09717356342837e-4,0.00534341582173223
Campbell,n08,0.336650106748984,0.121431171782052,0.838184225811272,3.27377428691573e-37,5.92823452608289e-56,0.219956584058027,0.0158350925971933,0.0514223428904839
Campbell,n09.Th.Slc6a3,0.553511886733595,0.0380292704391101,0.585936022870579,3.34417160208786e-49,8.57128855032465e-58,0.187099659722364,1.2414249331217e-4,6.65180308641146e-4
Campbell,n10.Ghrh,0.495697403785645,0.422321928813155,0.589188244945615,6.80813451178789e-27,1.89089665128186e-38,0.530324890557334,0.118022174531144,0.161917630108842
Campbell,n11.Th.Cxcl12,0.00201566455336986,0.0422854182038154,0.225494442212252,7.13555304854254e-31,2.41152088196131e-31,6.61268597577954e-4,0.409962805185033,0.448853496590392
Campbell,n12.Agrp.Sst,0.245435062495747,0.0691329182724207,0.237740812841379,9.54868796068643e-29,6.0217135052148e-45,0.115841116096816,0.28675358738281,0.0493723102186906
Campbell,n13.Agrp.Gm8773,0.136806399558652,0.120882478372528,0.485061941341798,5.68939769431716e-25,1.94902358421909e-32,0.0625810670933769,0.783651798482152,0.121127653872277
Campbell,n14.Pomc.Ttr,0.0101667789818114,0.075294901007707,0.256506539679554,3.64609247778726e-30,1.47671313074441e-39,0.00480268407652284,0.19025235225939,0.0928668809145429
Campbell,n15.Pomc.Anxa2,0.0316354268598249,0.143755484783848,0.0390767521967387,3.84369343023891e-42,9.20240255437773e-47,0.0186997846892855,0.202124773546828,0.165420320460053
Campbell,n16.Rgs16.Vip,0.0138052992205505,0.702561171613962,0.22527977587166,0.223777711142555,0.00124122811176835,0.0309000641079134,0.00522307860957215,0.00159349700154853
Campbell,n17.Rgs16.Dlx1,0.288184569177989,0.664802299265474,0.393454137933291,1.42774130092258e-13,2.06427198675109e-13,0.499592525174264,0.0109720731469167,0.0321419754675427
Campbell,n18.Rgs16.Slc17a6,0.00710964471664883,0.919289774320425,0.571281278505644,8.51037691828178e-15,1.28787037163445e-12,0.0485310011077418,0.144522578470016,0.0234368191144058
Campbell,n19.Gpr50,0.330199926900691,0.00129491460294639,0.0356126161246653,8.61935716231216e-21,1.44121282115083e-29,0.151607998567672,0.010060395956661,0.049880658580032
Campbell,n20.Kiss1.Tac2,0.136614392825902,0.0237087211192595,0.1054871600086,2.11736114414849e-33,3.70086264630874e-43,0.0719749602474221,0.103693711705305,0.347096614077229
Campbell,n21.Pomc.Glipr1,0.0641168736582089,7.24520213048598e-4,0.0979911946896218,4.62815224963582e-50,3.10924541914806e-58,0.0105547720166576,0.0181293080412261,0.00906197757953188
Campbell,n22.Tmem215,0.168676694410476,2.54969322856451e-5,0.503002236444218,8.57897691160695e-45,5.02668880235406e-47,0.0141665854038215,0.133656661036642,0.0832953204921508
Campbell,n23.Sst.Unc13c,0.920994618458535,0.27895721420886,0.399618420891569,1.35543856589719e-44,2.22714941246023e-66,0.877175019083118,0.166657333715699,0.0423899688989166
Campbell,n24.Sst.Pthlh,0.318222606183435,0.197789295517343,0.648516091911937,6.22906374428882e-72,1.13173761726049e-97,0.264532305688313,0.260733816143888,0.563334287439616
Campbell,n25.Th.Lef1,0.309946249018583,0.790059869580903,0.537833806958097,1.55871104415408e-50,2.0691620619429e-50,0.56475427721454,0.0794685995864019,0.0407178456717846
Campbell,n26.Htr3b,0.214182644132765,0.147656403792714,0.911870058932094,2.38403142356996e-37,1.36431432320396e-45,0.14901724540221,0.310832848887196,0.0640555012785985
Campbell,n27,0.0682485097159322,0.0737148005294009,0.409232258245031,1.19437352264164e-36,4.54772097166819e-36,0.030043464321805,0.0930630537314203,0.0303244790934888
Campbell,n28.Qrfp,0.417066599245439,0.00120144970078166,0.936691650219874,1.77498884569287e-29,1.57816598113032e-37,0.0865191128216775,0.0847419646495634,0.66714027159941
Campbell,n29.Nr5a1.Adcyap1,0.143432326152607,0.00719550680539646,0.172383102634788,1.83720627131707e-61,3.70883108817167e-79,0.0518342730248036,0.0977736870255795,0.100030709983114
Campbell,n30.Nr5a1.Nfib,0.139799134665887,0.0601582882083059,0.093192677701823,5.67464787161386e-70,1.65086782138221e-72,0.0599978216538761,0.0606480278149941,0.0292614959769071
Campbell,n31.Fam19a2,0.323332639155705,0.298243931357453,0.79798856278709,7.10044913428023e-40,2.29090352082404e-44,0.33297725151197,0.0326613675715712,0.00972432142680964
Campbell,n32.Slc17a6.Trhr,0.0231772279631095,1.68765071982686e-4,0.707891370101224,3.95141111880322e-59,7.15549810686112e-69,0.00153212073404484,0.0231908792476808,0.0973412895858692
Campbell,n33.unassigned.1.,0.0847520149878723,0.0023568265596165,0.0721196287731976,1.28108442402646e-52,5.05780414507961e-67,0.0250495010457491,0.00307770936230474,0.0925882208555728
Campbell,n34.unassigned.2.,0.230874498286457,0.00566770251081201,0.580716092468515,8.64584870293582e-63,1.46828905039505e-81,0.0748201171293489,0.00670443625394898,0.0403590772529018
Campbell,s01.Ependymocy1,0.63996527482222,0.940525150875904,0.611159387632018,0.988445010401617,0.999999980480397,0.807517123666569,0.998225434198181,0.931523536997591
Campbell,s02.Ependymocy2,0.124436917791876,0.938704598606343,0.223756316219983,0.999984283065969,0.999999999994268,0.313510281628898,0.965793741867164,0.849412446076068
Campbell,s03.Oligodendro1,0.967287112356321,0.225714488900539,0.953319277986009,7.48644218462568e-6,4.21090545275642e-5,0.878597100617758,0.117013792888429,0.594142282401401
Campbell,s04.Oligodendro2,0.84116855409852,0.652824873617834,0.681159290018817,8.04289447393129e-5,0.00469445186217385,0.832349898651023,0.401252206148759,0.806706035570476
Campbell,s05.Oligodendro3,0.992872701255363,0.291625377347854,0.969793026414195,3.5778979332987e-7,0.0010918139301997,0.964691045820223,0.724412381701431,0.718833088941766
Campbell,s06.Oligodendro4,0.985017880479906,0.36551624800173,0.829833299872827,2.630559770488e-5,0.0395691699746336,0.95033707017048,0.443506856883884,0.335753683326289
Campbell,s07.Oligodendro5,0.99324990217404,0.653274823750556,0.779475243005142,2.6003382848967e-6,5.50026260448764e-5,0.988846331634458,0.225226220082364,0.675174355232057
Campbell,s08.Pars_Tuber1A,0.0247140763454923,0.673099271716605,0.859345410239522,0.99999999986761,0.999999999996846,0.0775434456008741,0.510464700381101,0.169365027352958
Campbell,s09.Pars_Tuber1B,0.838620091427588,0.604133232525755,0.585840222003316,0.995810931551857,0.995231916979866,0.817926033109763,0.418268896751662,0.976194209075097
Campbell,s10.Pars_Tuber1C,0.657376213949531,0.586431930397865,0.774554027574237,0.999999999999907,1,0.7011764089251,0.969353175996202,0.987491783450444
Campbell,s11.Endothelial,0.990209195230787,0.837417236939273,0.868195273741705,0.978054468194394,0.999451767559675,0.992123265258939,0.982101792119778,0.997470247390346
Campbell,s12.Mural_Cells1,0.944853140679421,0.909694065482408,0.367380382597756,0.975724579022921,0.990250955055713,0.975031952602028,0.810664114948533,0.951608526681573
Campbell,s13.Mural_Cells2,0.992210439302859,0.934412026385916,0.754737920676037,0.995129590463385,0.999979631147755,0.99716949006917,0.822979702743976,0.781169091309385
Campbell,s14.PVMs,0.955571751069563,0.603125006564016,0.418928984176195,0.999038796088164,0.999996929924851,0.938724665208758,0.773770313392148,0.893764833407811
Campbell,s15.Microglia,0.99739506149409,0.743462153746071,0.616158755206541,0.999149741003768,0.999660302991641,0.996385109965376,0.966555518844939,0.385719594106784
Campbell,s16.Fibroblasts1,0.923589670002306,0.684109586275228,0.208481812936326,0.99989925077785,0.99999998475569,0.91856401331756,0.927053257795205,0.941911722752295
Campbell,s17.Fibroblasts2,0.556187328708593,0.604924745970288,0.0112484595133036,0.999892982141888,0.999999988484346,0.723136863358089,0.790097508747637,0.898530784759963
Campbell,s18.Fibroblasts3,0.945744894421948,0.91552177236239,0.286632322313378,0.999999513725085,0.999999999056464,0.976265910645806,0.758484008825599,0.83499672071162
Campbell,s19.Parstuber2A,0.0160888195216131,0.443911261522584,0.626997313395923,0.999869520773018,0.999997147403117,0.0408580122327374,0.766904498695649,0.0816491550682458
Campbell,s20.Parstuber2B,0.120462726461192,0.347093845177946,0.0153658259454136,0.923000632891656,0.995832370736105,0.0915291542421686,0.0774587945560185,0.0468249450617357
Campbell,s27.Oligodendro6,0.993089863052954,0.740391157019418,0.667658915535395,0.00102005035282229,7.58146032396935e-5,0.991305180995247,0.27409980247218,0.661386523175836
Campbell,s28.NG2_OPC1,0.901114826431155,0.62164778143719,0.85075784051264,0.841797690313491,0.857471175356909,0.883562528007161,0.354529341858249,0.842005031446651
Campbell,s29.NG2_OPC2,0.947933775765509,0.784546721331403,0.87384117148875,0.864509025755732,0.534012197269372,0.953868584248228,0.00803941249147422,0.696684225440369
Campbell,s30.b2_tanycytes1,0.907966519120503,0.890762908158643,0.94882234301423,0.999997990302446,0.999999999998834,0.946730857034486,0.947403180964711,0.280836800316455
Campbell,s31.b2_tanycytes2,0.555751944688312,0.913079570331988,0.616802230921708,0.999999999841788,0.999999999999994,0.72588709302769,0.87954629914971,0.458946306824093
Campbell,s32.Astrocytes,0.947380353959894,0.699257030042784,0.19144230734788,0.119320760433745,0.407079242988043,0.942936499640987,0.280349096895574,0.398045911471739
Campbell,s33.a1_tanycytes2,0.852932973151819,0.906606842452865,0.0321479964885355,0.169286880974084,0.989619835379291,0.927879271828189,0.881897236146675,0.65939253189994
Campbell,s34.a1_tanycytes1,0.86385200830594,0.950405180760456,0.482054835809517,0.863279245316927,0.999993401713012,0.948709032817824,0.994021350148677,0.876691911040675
Campbell,s35.b1_tanycytes,0.384472161853279,0.930101005113005,0.25326447827843,0.999995745694154,0.999999999999992,0.603642596671874,0.995581031058694,0.724782278138118
Campbell,s36.a2_tanycytes,0.287332663556299,0.964246708952841,0.176767062524345,0.999999121861041,0.999999999999999,0.578992561184981,0.999652954576053,0.598630358506649
