annotation,baseline,DEGLU4,DEGLU5,DEINH3,MEGLU1,MEGLU10,MEGLU11,MEINH2,TEGLU17,TEGLU23,TEGLU4,TEINH12,wgcna.mousebrain-190111-dodgerblue
TEGLU23,9.28934614171e-6,5.70528719819e-5,6.97103435036e-4,1.37698469527e-4,1.81117597088e-4,1.32367509193e-4,1.04039399945e-4,3.11186168863e-4,0.00668234833983,NA,0.00729166468989,2.34615857044e-4,4.25128561733e-6
DEINH3,1.10982885249e-5,3.01787423602e-4,0.0322714160624,NA,0.00378834248784,2.28575921309e-4,3.43353253932e-4,0.037944813673,8.83981780026e-5,7.70578212971e-5,1.12743035813e-4,3.12100855422e-4,1.06212293306e-5
MEGLU1,1.9027591752e-5,6.91166456663e-4,0.163877487802,0.0192331944366,0.5,0.0019567045951,0.00495322034363,0.0497251516104,4.44196931576e-4,2.60620818734e-4,5.62550284098e-4,2.07945728074e-4,2.9215476601e-5
MEINH2,2.51563167433e-5,4.13115370195e-4,0.00818786392244,0.00575893593277,0.00185638598163,2.86165657847e-4,0.00131173006532,0.500597622178,1.92024947627e-4,1.6078038248e-4,1.83993027963e-4,4.58929934938e-4,7.92568196969e-5
DEGLU5,2.90386097198e-5,5.35010941909e-4,NA,0.0010101990779,0.00106927296362,2.39872237887e-4,8.62921367772e-4,7.63390470091e-4,1.96558376933e-4,1.49961809746e-4,9.90089309407e-5,2.6775798494e-4,4.88934819018e-5
MEGLU10,3.25819977017e-5,4.1355182577e-4,0.0176988638933,0.0017317620234,0.00438413310169,0.5,0.0229797449218,0.00288539947969,0.00130117528588,3.56340328126e-4,3.53567825858e-4,2.83624702016e-4,3.76877196203e-5
TEGLU17,4.71024943321e-5,1.46337707552e-4,0.00163809281942,4.21725558749e-4,9.43426835313e-4,0.00125674840428,8.44955491422e-4,8.35380601044e-4,0.500010701376,0.00970009643536,0.0559189791409,3.2702337109e-4,2.31965348601e-5
MEGLU11,8.1096978232e-5,3.82557602689e-4,0.0215361212025,0.00185202017189,0.00527751168712,0.00952993869902,NA,0.00920293714724,9.54048465075e-4,4.22814401081e-4,0.0015143321363,2.5993196162e-4,1.16552089352e-4
TEGLU4,1.18591162457e-4,8.32804601991e-4,9.58238876868e-4,7.64596672238e-4,8.60542784013e-4,4.38962644999e-4,0.00114821037953,0.00102712376735,0.0150859066823,0.00360362503259,0.499322688583,0.00103058769839,1.01412943649e-4
DEGLU4,1.4955140497e-4,0.5,0.142238487928,0.0149727760095,0.0115652590548,0.00299944124039,0.00230181252721,0.0292816116859,8.92983318084e-4,0.00135453701466,0.00766105024669,0.00124152978819,5.52575384809e-4
TEINH12,1.52326755697e-4,8.14476563356e-4,0.0108880497189,0.00606897853522,0.00180251204522,0.00100091847013,7.7169152588e-4,0.0106836965044,0.00110929351842,0.0021709970017,0.00388810633589,NA,1.39978163732e-4
TEGLU21,8.36885941037e-4,0.00285675512322,0.00414074334706,0.00308858525428,0.00358097996841,0.0032857699143,0.00376842599514,0.0029787602648,0.0354866831599,0.0167324232213,0.0202420507435,0.00330765452885,8.41629985289e-4
HBGLU3,9.12136076627e-4,0.0036335941576,0.0692116860762,0.0136668872583,0.0176647362471,0.0160727355664,0.0079866006038,0.0230683283025,0.00348024893526,0.00337480412732,0.00507931120913,0.00274480263722,9.40852124012e-4
MEGLU7,9.78799082029e-4,0.00806301837769,0.150305784655,0.041466272838,0.0540304166709,0.0389363976288,0.0835458593088,0.0966735695103,0.00880366144562,0.00729619905273,0.0243429847528,0.00391682711107,9.59605154133e-4
MEGLU8,0.00114673823276,0.00381798328473,0.0455447316451,0.0104259490438,0.0152264496876,0.0330156033469,0.0270067892397,0.0138101772095,0.00979569086458,0.00475380766114,0.0116805967025,0.00251817924221,0.00121597278061
HBSER5,0.00123605721729,0.00964297711752,0.105206352777,0.0296849470195,0.0256057175837,0.0250186212849,0.0198868306529,0.0652065476886,0.00515821000929,0.00614304719436,0.00684713032897,0.0108289739568,0.00140216634905
MEINH3,0.00124906120871,0.0132982292376,0.393384017307,0.163454134032,0.0935042190653,0.0264691706665,0.0348055932322,0.396399844885,0.008771336796,0.00883972474337,0.0136386161559,0.010213539148,0.00194448532811
DEINH5,0.00125793820537,0.00660916464618,0.0445760396861,0.0221993075801,0.01854626258,0.0186224289329,0.00989105098666,0.0227172585976,0.00377718061503,0.00419005521575,0.00297057966149,0.00711204383827,0.0019161642279
TEINH1,0.0012748944146,0.0159835571852,0.300092344607,0.186999967926,0.0610728872614,0.027065055353,0.0263667970315,0.251861887486,0.0122530142173,0.00956845697977,0.00987318635254,0.018753924473,0.00107086928834
MEGLU2,0.0013207131894,0.00901959720072,0.0664402302039,0.0199475689221,0.0403932685939,0.0193572668266,0.0261357241552,0.0282112683009,0.00707279220965,0.0055091154866,0.00383617501066,0.0055526099676,0.00126752323863
HBINH5,0.00137977071042,0.0107228534501,0.180452600719,0.143190066413,0.059117181024,0.0112019808736,0.0198259079451,0.263481877826,0.00672014126027,0.00742382593864,0.0104374595521,0.0116535389302,0.0026571852931
MEINH13,0.00164185614918,0.0120122558956,0.22519269784,0.113166886539,0.0612972110275,0.0529522428949,0.0247193937891,0.20550629329,0.00559938454481,0.007234514441,0.00919593833089,0.0100732494601,0.00287730373264
MEGLU3,0.00192928002855,0.0140917834989,0.129627922211,0.0247147355996,0.0658547824468,0.0333796575901,0.0424944486863,0.043104867179,0.00574493662632,0.00510404260089,0.0069817397137,0.00607055752386,0.00254539411184
HBGLU2,0.00193506022945,0.0128547342292,0.113335132053,0.0367013396829,0.0434138953587,0.0173426767267,0.0257664540609,0.0653421946964,0.00817762881776,0.00685840043122,0.00527511447808,0.00998762575393,0.00194376568258
MEGLU6,0.00233430045247,0.0159003795802,0.178760682349,0.0455970266519,0.0559788192178,0.0359331771241,0.0429150474633,0.0826066292535,0.0286827303959,0.0168971609122,0.0519831941631,0.00858479090509,0.00188823724964
HBINH3,0.00259392541598,0.00647782250276,0.0250595253828,0.0129995457882,0.0113780797388,0.00969082186641,0.00943104832232,0.0154884999984,0.00626822365039,0.0049887485348,0.00429745733441,0.00762303882012,0.00421562522388
CBGRC,0.00277512308985,0.00395433702814,0.0076985867833,0.00541125121282,0.00636217532942,0.00558972544926,0.00748557196982,0.00819168249851,0.00641082903709,0.00919830867286,0.00708991015158,0.003701660778,0.00503949568515
HBCHO4,0.00303863069336,0.00954964491281,0.0439489518186,0.0203224095452,0.0189745684869,0.0125849550237,0.0137080713075,0.0314769485126,0.00771658128803,0.0074232081174,0.00889408916769,0.0111058606783,0.00296977793663
TEINH11,0.00340203598628,0.00988497573652,0.0601190229755,0.0444543427541,0.0280038191137,0.0191728627161,0.0134604284386,0.0761967408805,0.0152115348453,0.0216120881231,0.0327202075667,0.185422959446,0.00263317752772
TEGLU24,0.00388670086786,0.00996450131946,0.0158418764826,0.01239656576,0.0114875097909,0.0101363044019,0.0176339172034,0.011349364386,0.183960313518,0.281439127328,0.181026907508,0.0171293603072,0.00255445625004
MEINH7,0.00398536525711,0.0194736051485,0.236047815937,0.0976633351309,0.059529154812,0.0251313571537,0.0431533231926,0.260535510946,0.00958477207089,0.00861489761793,0.0269699394485,0.0153042286175,0.0128358292652
TEGLU19,0.00536719503092,0.0159061433563,0.0270276923265,0.0203734943998,0.0189467451609,0.0210519916284,0.028070868216,0.0171432146641,0.286569396945,0.131759340029,0.176044078144,0.0248993269163,0.00336198007369
HBNOR,0.00536826306964,0.00940326427494,0.0156693673042,0.00999129003077,0.0119926894327,0.0136956856576,0.016953094478,0.0131128785814,0.00884537393985,0.00785619810189,0.00715297563426,0.00945006423374,0.00618376909924
TEGLU9,0.00555574155571,0.0232150809593,0.0782016891702,0.045918831428200003,0.0263423712512,0.0343818661716,0.0454793618809,0.0489034939753,0.193455607433,0.105959843942,0.469294263201,0.0208817789856,0.00481929571836
TEINH17,0.00572173420494,0.015469947131,0.0421568102443,0.0326650313748,0.0241187189027,0.012682075941,0.025801249929,0.0570367388437,0.0152109607407,0.0108433094807,0.0155759784975,0.0420509013806,0.00680203869772
HBGLU9,0.0062389206851,0.04547421101,0.396880293788,0.250131924324,0.211622846707,0.0401167343575,0.118846909042,0.445729047975,0.0179680333601,0.0251318685018,0.0450805920373,0.0286713437176,0.0128672203049
DGGRC2,0.00663716191953,0.0093990806281,0.0157950665521,0.00707411413313,0.014730734989,0.0212318427828,0.0226802054222,0.00957450164196,0.208205120463,0.256657149332,0.104849837928,0.0170659419853,0.00564370396736
HBINH9,0.00683005196766,0.0232032198718,0.122126292325,0.0496338948911,0.0648174897725,0.0418171777066,0.0475889171401,0.0885119507442,0.0342261039976,0.0254928055379,0.0252858409824,0.0266528143829,0.00965103145855
HBGLU5,0.00703324694467,0.0261882152577,0.255973866668,0.116248167957,0.0943546147093,0.0419575910721,0.0388282241235,0.223782227109,0.0245637537933,0.0294791045537,0.0573122247327,0.0231864967744,0.014694741714
MEINH4,0.00743701868706,0.0250202242025,0.0858302930958,0.0648158927859,0.0572531384647,0.0355510626431,0.0415680432987,0.127574389329,0.0146543916299,0.0156650415045,0.0136986016779,0.0215627669237,0.0113869315745
TEINH15,0.00754223494442,0.0166793348195,0.0460324881431,0.0370038106182,0.0278376485398,0.023619857171,0.0247943372136,0.0542667529794,0.0407952799579,0.0346613926739,0.0682717727414,0.0779581660401,0.0128134884035
HBINH8,0.00876009641313,0.02620259277,0.114752056606,0.106525681185,0.0578622558662,0.0342006082413,0.0548183340662,0.169798682272,0.0232881358768,0.0261988693793,0.0353477451034,0.0243352821215,0.0174067144172
TECHO,0.00902376293764,0.0510057190213,0.18877561532,0.116197388034,0.0801022596878,0.0620353284552,0.042040346806,0.129168155959,0.0257595149947,0.0442735639284,0.0349160604451,0.0343966293327,0.0121046525494
MEGLU9,0.0094229476878,0.0394282913601,0.424801581936,0.122434822457,0.184269204866,0.566154803507,0.428883238216,0.191866868192,0.0585649780436,0.0392273443139,0.0838760382335,0.0249158577613,0.0105563761056
SCINH10,0.0094937595938,0.0169299639313,0.0419932527725,0.0236953186985,0.0310422952135,0.038950538485,0.0502023216951,0.0306359650993,0.0216019809341,0.0200483770023,0.0189089134046,0.0144251311291,0.00982192650567
PSNF1,0.00961229338419,0.0315532684328,0.0962490253761,0.080840169339,0.0521347717411,0.0220948938813,0.038066090936,0.089953706822500007,0.0209115182093,0.0265068068075,0.036885253219,0.0290775301331,0.0176923642046
TEGLU3,0.0102564017572,0.0302738739764,0.0813974375699,0.0487646692796,0.0387925525792,0.0385134733128,0.058544705907,0.0591496913895,0.325908984512,0.219389330759,0.513535564972,0.0303816390765,0.0147194046459
SCINH8,0.0104708394655,0.0137557194828,0.0283922841989,0.0192191331869,0.0238291637782,0.0367611995744,0.0297200270108,0.0224644819714,0.0244288973882,0.0198129560878,0.0172852285179,0.0173889236158,0.0108495003075
HBINH4,0.0104911607592,0.0510614908549,0.456681224774,0.24039754601,0.162610372377,0.0776748767934,0.0658359451428,0.35826304293,0.024963974621,0.031248703278,0.0607577184402,0.0417537297621,0.0453765593342
DEINH6,0.010606096403,0.0175624248597,0.0681165908289,0.042175744797,0.0345579042006,0.0463187093023,0.0371384859607,0.0460491213737,0.0134682324154,0.0109568939918,0.0172816274337,0.017135017751,0.0086604990219
SCINH2,0.0110432614633,0.0244676804218,0.0566930016096,0.038452321872,0.049049763697,0.0275173045283,0.0366876511491,0.0499166560948,0.0219543253883,0.0194772180452,0.0188522111511,0.0266992390723,0.0131435428083
TEGLU6,0.0110840810998,0.0209508052721,0.0879069049085,0.0417899406852,0.058290949334,0.0747357203555,0.0663861371807,0.0672380986012,0.217671369449,0.128948329383,0.3434401598,0.0252152849798,0.0104599341401
HBCHO2,0.0111748072431,0.0437835921024,0.24947226717,0.109649452008,0.0902365463183,0.0522396441247,0.0488846767525,0.167759223715,0.0312801681667,0.0345973305887,0.0329079826278,0.0435309613774,0.0106043472241
TEINH18,0.0112651303009,0.0477481022609,0.151657316311,0.126218877764,0.0810539891662,0.0342699012739,0.0494147742362,0.221988604368,0.0456326529417,0.0360600667746,0.0631919883139,0.10570901668,0.0218443384872
HBCHO3,0.0115201182291,0.0374047548544,0.127039001362,0.0717089380709,0.0727252964455,0.0476321755085,0.04747876917,0.0912194642814,0.0282187025259,0.0309213329304,0.0292532313289,0.0376492136365,0.0115596778629
HYPEP1,0.012287543145,0.0438503842026,0.218710350792,0.100303877067,0.0940724014221,0.107681374977,0.0632502800762,0.111046266926,0.0244613528329,0.0319208273845,0.0280906522465,0.0327631236451,0.013731975669
OBNBL2,0.0125831375293,0.0183776853632,0.0436800983682,0.0382871808384,0.0340414645668,0.0279755451634,0.0476118357624,0.0582981259241,0.031293348907,0.0225821454339,0.0407003990103,0.0238435772206,0.0115747167397
MSN1,0.013177535632,0.0318775034884,0.0634246442984,0.0498420374062,0.0598406381659,0.0829032728351,0.0919578170677,0.0618373152121,0.231350247941,0.144108128009,0.240302935955,0.0341803994463,0.0147134041317
TEINH9,0.013877654790000001,0.0352787889181,0.102619573164,0.0762892490396,0.0493653395591,0.0406008155445,0.0330523003129,0.0983644327856,0.0270107169125,0.0427446720887,0.049775133938,0.38663842973,0.0179605139775
TEGLU8,0.0142395042112,0.0398299280392,0.134246343942,0.0820365064888,0.0658909572097,0.0760095588519,0.0968604730092,0.0813809347411,0.495337954603,0.252479435447,0.51258825387,0.0450223331945,0.00969577207651
MEINH12,0.0144109821895,0.0233312956349,0.0442876647767,0.0330227238904,0.032038706726,0.031985960456,0.0354089130686,0.0472549674721,0.0177546944886,0.0194695836093,0.0187537286828,0.0269065285633,0.0256131661807
TEGLU11,0.0144360435648,0.0373664956065,0.0942462866451,0.0624668121637,0.0627422040723,0.0549820811667,0.0629979716317,0.0746702648708,0.533564315284,0.34845015215,0.588504902401,0.0564366635868,0.0104824005888
TEGLU7,0.0154184705838,0.04210368653,0.0903603540283,0.0417503969786,0.0584924125341,0.0917592721301,0.0951892059877,0.0591697421529,0.79240020502,0.37835440377,0.566048888488,0.0457236709738,0.0134654915701
SCINH4,0.0158882988499,0.0346501433042,0.133651847439,0.0611140712967,0.0973605686933,0.0790468264984,0.0705898776428,0.0969446836565,0.036578391194,0.0336151740822,0.0481261517406,0.0376999901274,0.0458499788695
MBCHO1,0.0170093504973,0.0571856061412,0.300500216484,0.161326088296,0.15796480418,0.0876481545217,0.112450034216,0.227415370683,0.0550511798244,0.0497562745245,0.0739122890702,0.0482571378406,0.030242149594
TEINH4,0.0170978221116,0.035570872096,0.121459980808,0.0756579212571,0.0444165050301,0.0658024873572,0.0497874621177,0.0818945263828,0.0407853373345,0.0533977699109,0.0551223699086,0.270873425067,0.014040302231
HBINH7,0.0172885023782,0.0579175478979,0.308493702545,0.316672649979,0.225962921528,0.061940276318,0.119084891709,0.521467787201,0.038265790583,0.0423692121751,0.0983427190555,0.046655639993,0.0247303228069
TEGLU2,0.0173370379333,0.0717836085671,0.127429493161,0.0961894987688,0.0876226803259,0.0797072558777,0.107872340945,0.138890444724,0.339035979927,0.297442035815,0.504220466136,0.0590127423866,0.0191253969754
DEGLU1,0.0176684295947,0.163961060624,0.395664311145,0.276616975844,0.188689051625,0.106881901813,0.191210869538,0.329452002384,0.14526912989,0.137375722126,0.263548254145,0.0765329569973,0.0269423116228
TEGLU10,0.0177594770998,0.0643386958973,0.182033446592,0.137553173825,0.091744161193,0.0694388320919,0.0864257141148,0.150458168835,0.557610509386,0.322802898315,0.708401093846,0.0659670032524,0.0199415661984
HBSER3,0.0182854533486,0.0659072031638,0.31796526465,0.160279332498,0.171788440943,0.118198555251,0.0770692019918,0.276896323026,0.038289657139,0.0462544896408,0.0553616846374,0.0649703427611,0.0220409020079
HBINH2,0.0183650669959,0.0511888128883,0.283587672059,0.189979494674,0.103361237545,0.0746294191238,0.0667946137272,0.222995196072,0.0394466299251,0.057172276492,0.0517415522015,0.0586480763703,0.0272515180323
MEINH9,0.0184939863424,0.0547409628504,0.255754612018,0.122682144425,0.12229565544,0.096897084119,0.15549257404,0.245859284506,0.0472920995095,0.0419475121627,0.0645497529461,0.0586944072709,0.0310735699051
OBINH5,0.0197191501759,0.025056119478,0.0612705667795,0.0624432252033,0.0419686853188,0.0308208110315,0.0358086184137,0.0868760145261,0.0189464943864,0.0228067100487,0.0302359236622,0.0431132249036,0.0438740779494
TEINH13,0.022049812855,0.0688277717945,0.244073085671,0.190820564225,0.122024632417,0.0631934089518,0.0705308499895,0.223593047028,0.0880088877037,0.104895807001,0.130751870615,0.488221624802,0.0351124920787
TEGLU5,0.0220976616583,0.0672757580477,0.2417585632,0.113876893412,0.107829758753,0.136370536257,0.153751330461,0.127807588519,0.424622785297,0.317106727016,0.615342141605,0.0673215614353,0.0275930693855
TEGLU20,0.0224893030348,0.0708706150151,0.14743496184,0.085677171784,0.094268246886,0.0925150231478,0.116782345725,0.127219547133,0.48764877778,0.389692460623,0.601917927813,0.0780248941233,0.0141321346112
TEGLU15,0.0232428575819,0.062020249153,0.18957029275,0.143291017342,0.102598095213,0.098843837383,0.130642280908,0.149630210126,0.561693209154,0.249682615762,0.530893462887,0.0802046901367,0.0314029686049
DEINH7,0.0235763734366,0.0289283643877,0.0519605427939,0.0410243545151,0.0410565960475,0.0369167677677,0.0342636499438,0.0386885818648,0.0254740118258,0.0255939594238,0.0338326675083,0.0313354277242,0.0254509548458
TEINH19,0.0239218826555,0.104102262551,0.360555851831,0.245269832385,0.193478425316,0.129277768808,0.101597830028,0.364281417108,0.113561708822,0.133115740194,0.171642195264,0.237147975652,0.0419971458801
DECHO1,0.024514722895,0.137123912871,0.457928140896,0.350487513174,0.229607235653,0.1727751163,0.122116278244,0.394820295983,0.123027322381,0.175244381523,0.136872499425,0.13657560166,0.0348124194355
MEGLU4,0.0257933214207,0.0998300741953,0.434852215471,0.137765224069,0.265082116209,0.219904543825,0.218328997634,0.242701787557,0.121237619891,0.0915609942409,0.153677542919,0.0628629566578,0.0256443696497
TEGLU13,0.0259305099031,0.0585432382241,0.14123373765,0.0890619115583,0.0822555863128,0.0990818120294,0.0896965898295,0.0975161921698,0.461698831613,0.345821894053,0.479414855427,0.0721978156424,0.0184161997846
HYPEP3,0.0270854430893,0.180325567712,0.749984445422,0.420140982802,0.412013828031,0.360267999927,0.190823643773,0.441676701846,0.103715180501,0.103577426661,0.152610944914,0.0802653373338,0.0169925425454
OBNBL1,0.027585145188,0.0568134377094,0.214365130914,0.151977572499,0.136088142519,0.121601415926,0.212097174085,0.188747634408,0.0964053661435,0.0545501233161,0.103923955944,0.0584529525704,0.0286275997439
TEINH3,0.0277409483066,0.0546975404264,0.100234092834,0.0993166132544,0.0731332394019,0.072122759884,0.0812804541094,0.1057530371,0.0397497307895,0.0454237045807,0.0415622665585,0.0634006506097,0.025488670084
TEGLU18,0.028586493387,0.0655084993994,0.155720384375,0.124534223776,0.10737351623,0.119446786273,0.133573471342,0.108599121717,0.697318994003,0.309900599551,0.549910145474,0.0771855046091,0.0192677908323
HBINH6,0.0306885877034,0.0744834242525,0.290638879045,0.217231482363,0.154221951173,0.0808279164659,0.0777156457913,0.256331243818,0.0614602133035,0.0720144956598,0.0763755349397,0.078550870351,0.0385262038633
HYPEP5,0.0314403527027,0.0639616132044,0.270026838589,0.123730287795,0.135394514404,0.168678201251,0.118817664702,0.155412209991,0.048483462309,0.0522833905105,0.0780105327952,0.0709698339805,0.0310250473738
MEINH6,0.0316086532824,0.101394136525,0.499615064888,0.369258575957,0.250149660956,0.134590645174,0.213431994178,0.495273326475,0.0609450680914,0.0564678542388,0.101209199318,0.094359894962,0.0492557714474
DGGRC1,0.0318239298255,0.044579406467,0.0554718639757,0.0327240484294,0.0492107991134,0.0962040304292,0.0804836328588,0.039342196286,0.306385576887,0.411003850044,0.212311273181,0.0686168885227,0.0231466520352
ENT9,0.0323347653539,0.0515686399594,0.129187759921,0.0742434956311,0.0864819556887,0.0810517068362,0.0914107322195,0.0896677032196,0.0628140124301,0.0703948113169,0.0611144671234,0.0569390348081,0.0283032177044
TEGLU12,0.0329519411408,0.121962827261,0.243073865375,0.121429777747,0.145172251942,0.120414451314,0.168734704714,0.158108668339,0.50098022015200006,0.459163807157,0.511425826814,0.07937660934,0.0302607299444
HBGLU7,0.0342570024152,0.121199395198,0.482766618341,0.400733757575,0.286578879607,0.125253095715,0.17629572722,0.502190071638,0.102881658736,0.124598159114,0.195181652142,0.106698777822,0.0356614433221
SCINH7,0.0368898942983,0.0571313383977,0.15292034254,0.077743444146,0.127300130633,0.130415347801,0.122762555956,0.138806629483,0.087633013753,0.0867889645484,0.0862158607699,0.0656458147876,0.0598963795108
SCGLU3,0.0401745193123,0.0769880652229,0.170747496194,0.102241413971,0.138982922958,0.130922563869,0.111113180826,0.117424318216,0.0825258188355,0.0739490026876,0.0787577814031,0.0728742428171,0.0444373207985
MEGLU5,0.0405324094833,0.124509083066,0.550338870841,0.250345911326,0.299004009304,0.229611809973,0.273251265788,0.344093970815,0.136957737148,0.103449634082,0.1867012463,0.0980666624607,0.0489222655034
TEINH5,0.0433549900266,0.077829396292,0.218034524667,0.136692142211,0.103415005524,0.144688862272,0.117477111758,0.162462439485,0.0770929309216,0.0856057827146,0.10352613462,0.271887922306,0.0311539300568
MEGLU14,0.0437781678836,0.12496233709,0.525090430665,0.33198087875,0.353441787701,0.273020371144,0.198310316283,0.356398790434,0.106357363106,0.114953542947,0.164492522859,0.134220103697,0.0370420262776
CBINH1,0.0439184073699,0.078392110799,0.203384995072,0.185007039171,0.134519757528,0.0703985506236,0.113397631267,0.308082346358,0.0812294994042,0.0684003233076,0.118413511371,0.102097582448,0.0676331435543
MEINH10,0.0448735857209,0.0959962073731,0.317132813945,0.195615243617,0.163304165953,0.170491280865,0.207046811868,0.291021281723,0.107388772471,0.110415555378,0.130468693096,0.112354342874,0.0625493862436
TEINH2,0.0480532394637,0.132461317439,0.379047080565,0.345484190536,0.22811664034,0.272732066427,0.184803763812,0.318870748739,0.2353713701,0.199004994027,0.200899192732,0.138499218608,0.056298394468
PSNP5,0.0484379798099,0.0888830591828,0.149951307483,0.110161679287,0.11753855966,0.084282215305,0.0711512535985,0.114075124111,0.0599906903208,0.0720477079156,0.0783871838354,0.0757572892911,0.0584150342313
DEINH4,0.0485475517179,0.172357123578,0.646546324908,0.393416168086,0.294567394748,0.420688739472,0.24044980385,0.407865304372,0.110094240321,0.122312033933,0.207973561818,0.142000402947,0.0719357251741
SCINH3,0.048816056159,0.0753146341745,0.120481483534,0.0836136350868,0.0953563713371,0.0961600085498,0.0959247536127,0.0939801887721,0.0680557334163,0.0659694301694,0.0649150978405,0.0714958980165,0.0494413294549
HBGLU6,0.0499965283404,0.15295354263,0.529648379913,0.401962420532,0.311183012345,0.174819016659,0.180263931888,0.509177575031,0.133992146206,0.152475771724,0.245186977885,0.146609333077,0.0550079050955
MBDOP1,0.0501118024238,0.0803105208846,0.109702297674,0.0868247135007,0.0985019061539,0.100279183869,0.0860085646604,0.0966127150614,0.0546621652239,0.066496214302,0.0576184947977,0.0704199981683,0.0690461708037
SEPNBL,0.050534929819,0.114415124604,0.305732945894,0.169817690326,0.151178173993,0.0924002655455,0.129919385202,0.195165186027,0.0653936915238,0.0884053998223,0.0912371628351,0.0778372664981,0.0890234954679
HBGLU1,0.0522279745301,0.120107148171,0.221707844748,0.206141820446,0.196238082541,0.105882122363,0.159606520772,0.215035235836,0.112788477729,0.126817661043,0.119345690349,0.110100463285,0.0586856195463
ENT8,0.0542214660897,0.0792288523424,0.118726753963,0.0831086872799,0.0955082420477,0.101802331758,0.0926276985416,0.0974166490001,0.0701548876745,0.0754861071398,0.0659782419506,0.0777045214665,0.0445993055447
DEINH2,0.0561957993099,0.153982659755,0.371004011149,0.332854256093,0.217754339464,0.113324333662,0.15140591805,0.379937050993,0.0986059953774,0.102873855957,0.115352507444,0.146761827338,0.0670135517524
MEINH11,0.0564836951268,0.0804142081407,0.270232541188,0.148724839059,0.136568609562,0.121752685136,0.145688777567,0.237235484946,0.0789015578655,0.0772891990661,0.118106516148,0.0969386101987,0.0908444402701
TEINH16,0.0605552643142,0.114464086269,0.300843558637,0.266855571616,0.18966260907,0.145423149503,0.204202919803,0.340047820544,0.215941255071,0.152805744441,0.246895764162,0.472314414907,0.0701649700422
SCGLU4,0.0616691880005,0.0884548242793,0.18432321982,0.113620857866,0.146950279736,0.155120467375,0.15141480385,0.142330030054,0.0973277899125,0.0932270777534,0.0890941487137,0.0816986674059,0.0731741722653
PSPEP1,0.0653069316285,0.133400905535,0.276886833241,0.186790948767,0.211464002728,0.116568536979,0.141125732299,0.214922928522,0.101668613835,0.132271627844,0.124753756035,0.135912498836,0.0772028127897
MSN5,0.0653643436241,0.129801083537,0.13228498762,0.118700146844,0.131669350001,0.189056991603,0.201086586239,0.13883942604400001,0.266594112358,0.219292616829,0.22714786834,0.127389922101,0.0920383645523
SCGLU6,0.0656021082061,0.0923736177516,0.280618167351,0.125658835149,0.175048684985,0.263539364037,0.227532850919,0.150052763455,0.134997012117,0.112180105946,0.139083577801,0.0781552623935,0.0562035515192
HBSER4,0.0710082376932,0.162456558636,0.382083780837,0.270419794146,0.259358247969,0.199026753822,0.179124625333,0.343948343538,0.128836778227,0.130438466803,0.156716989912,0.159327389515,0.0876767308811
HBSER2,0.0715025195343,0.242429263651,0.666786526231,0.481734811013,0.410335543496,0.354947161981,0.279042699085,0.600614734663,0.17086990278,0.207220028915,0.220943161739,0.24630081779,0.0673848312115
HYPEP4,0.0747646688736,0.15948906564,0.329293667053,0.22835270751,0.209660201355,0.231321958101,0.175406852635,0.273814450028,0.081862185211,0.10426439797,0.11948684374,0.122590254704,0.121952370905
TEINH10,0.0754359139674,0.149653972754,0.343317962147,0.298992828917,0.222150510949,0.178095631236,0.166467917705,0.3303919966,0.14237252106,0.171513504842,0.196325455421,0.753430185868,0.0761672711919
TEGLU22,0.0754782704287,0.182997240251,0.348469382944,0.24948917799,0.277593973554,0.320581734021,0.268052342178,0.259244597735,0.853050819095,0.830466873479,0.802684716046,0.180375075639,0.0569453701513
DEINH1,0.0771318327862,0.29344937371,0.755900872159,0.675658232957,0.453665581681,0.285518103381,0.360326976597,0.786322184988,0.201404901739,0.180650890126,0.274393807826,0.277921141639,0.0991349040567
MSN2,0.0780054812877,0.148007380221,0.188911288134,0.158895905363,0.199284271726,0.242715912212,0.268280973593,0.204449992146,0.472046360001,0.363489138561,0.478065855041,0.150424727152,0.100593663125
PSPEP4,0.0801943811257,0.13318197944,0.246708809434,0.197173171239,0.189939618344,0.141834914791,0.144034151671,0.201333214884,0.107910339214,0.155386141041,0.159166973811,0.145459381006,0.0718147179278
DEGLU3,0.0809305349816,0.47303873488,0.754884191429,0.572241280979,0.49509314777,0.395543664654,0.419209751871,0.590434863368,0.306758742712,0.327667445932,0.418191158085,0.235083814132,0.114405614603
SCINH9,0.082471038263,0.0937128380044,0.171711133285,0.121452603672,0.144226575312,0.158322044818,0.149187892716,0.152706498789,0.106212996799,0.107973622446,0.131705855531,0.119517874634,0.0846951894393
TEINH7,0.0831541461172,0.1206528116,0.237751511704,0.198650148174,0.171035327701,0.204767032914,0.177782888814,0.213800580742,0.138098439689,0.149449207275,0.150487816032,0.299672911078,0.0864113835622
TEINH8,0.0833632928611,0.112950073951,0.214770501243,0.16981084916,0.145572686501,0.19404523673,0.149701075719,0.166727126384,0.125106379207,0.141875571745,0.159592259743,0.224478007657,0.0836690210918
HYPEP2,0.0852245641907,0.151197433367,0.473324645126,0.276642274086,0.274484780989,0.359986712777,0.275721944007,0.314929665556,0.160978894656,0.156871164466,0.130451910388,0.149048631915,0.111547787279
HBSER1,0.0862525301029,0.292591513274,0.661288311092,0.516946022282,0.482791169486,0.377821998289,0.286160530058,0.658484897714,0.189715436574,0.241742241439,0.250280423497,0.275502955912,0.0739580211048
MEINH14,0.0867563797557,0.104918410188,0.144679253103,0.127508446769,0.122467366917,0.116190854637,0.117770385311,0.13198646048,0.102118116381,0.0983910821183,0.102458769779,0.11141763982,0.079453830726
TEGLU1,0.0893005409474,0.264350233713,0.433201477512,0.28109942825400003,0.29544259911,0.285424444768,0.284795194777,0.332142756868,0.445925747053,0.354315710954,0.683923042816,0.184161576017,0.116662138622
ENT1,0.0900786248303,0.101234952751,0.11650793412800001,0.10963647486,0.103096681044,0.112390935941,0.0962454836304,0.10691751538,0.0913765147746,0.0971377219935,0.0970831695156,0.105831910887,0.0832083346749
TEINH20,0.0920314960355,0.215514338933,0.443591292308,0.385214872812,0.314369071138,0.224017401539,0.24253471301,0.446620466523,0.242166696603,0.247676316121,0.31244244963,0.43375659304,0.127963738718
PSPEP2,0.0942750435984,0.160087938933,0.272375202416,0.235084905565,0.239983184265,0.166196819774,0.171600460234,0.253394651115,0.13801358854,0.180791468391,0.154972143917,0.176776051057,0.0917428478271
HBCHO1,0.0980289176682,0.165367027003,0.295550789995,0.195599750356,0.179529329384,0.157475744865,0.146753616224,0.221267081023,0.132937841264,0.140365459315,0.142791332676,0.143420040413,0.0934202329875
TEINH14,0.0984988921457,0.155306018347,0.342652272542,0.270598610761,0.215383106742,0.238454628122,0.230273578455,0.302907482085,0.315842833705,0.259674915827,0.379324842842,0.545243687555,0.143336067482
DEINH8,0.102746263115,0.162215184175,0.261125005066,0.209082359828,0.196626720259,0.211752289151,0.174276377581,0.190614881811,0.0981383982079,0.122346315438,0.116256871859,0.15899712884,0.0936088013344
DECHO2,0.103177727398,0.1926351387,0.524321486801,0.319421127753,0.286782633005,0.262253175544,0.214093408544,0.331303071353,0.129386898736,0.151932453538,0.137830152871,0.1704857793,0.083777452293
MEINH8,0.108904234445,0.156080611491,0.454420996749,0.339295040455,0.2859639552,0.26021589481,0.311404028919,0.441827589021,0.152207280485,0.17389424115,0.188095258291,0.201570537839,0.112515375874
PSNF3,0.109267059506,0.226381004744,0.445649681963,0.419908885987,0.345320772702,0.183408579702,0.235027404685,0.433616561904,0.181294332678,0.224651972472,0.251764285137,0.230581371117,0.1241818807
MSN4,0.110381640751,0.175885280679,0.186925256806,0.172723543685,0.205615517707,0.291734617894,0.278213709297,0.19984304773,0.532435082329,0.386223862957,0.475463645953,0.190184561986,0.131641931263
SCGLU2,0.110569979783,0.155508189716,0.31607807871,0.210119586223,0.23628452703,0.233885740719,0.213046216361,0.224692345708,0.159836909066,0.148126933236,0.148072546563,0.142538474695,0.103781769583
PSNF2,0.115465515765,0.211315409968,0.415892518757,0.407200745602,0.337859640402,0.233826617469,0.239767204553,0.413889585375,0.169696206832,0.19284155807,0.254207053986,0.212591673009,0.113648866261
SCINH11,0.120189798384,0.199178434699,0.269916146759,0.247306800101,0.241615285019,0.28245929692,0.260181958312,0.293715855078,0.155447573471,0.133749427155,0.149258038593,0.202541039263,0.15434609899
SCGLU7,0.124687794575,0.167143127607,0.250888767585,0.176049956963,0.264208970004,0.236920903436,0.200958245692,0.201110954081,0.183136646512,0.199667844704,0.189404598378,0.213018523068,0.106337557551
MEINH1,0.125561034415,0.202962310333,0.31897775457600003,0.326017006076,0.233398478909,0.171864504333,0.224521658665,0.441143193907,0.138205818742,0.142132354432,0.155569213303,0.218743542964,0.13953011227
HBADR,0.127968481229,0.243879164576,0.538768903487,0.35468786155,0.346701213571,0.381609695644,0.320530678201,0.41849823222,0.188825041124,0.165659031404,0.227501666575,0.236425391012,0.155788074159
SCGLU1,0.130667031898,0.232144913485,0.609328691102,0.433095865987,0.497850658505,0.417187017874,0.354031421238,0.423864961885,0.218093287851,0.229095327296,0.241446857767,0.239804627319,0.21093200004
PSPEP3,0.130677925606,0.201579491119,0.301377046795,0.257126451009,0.260170935366,0.192471649666,0.188258911729,0.242150407547,0.167253640641,0.210200389648,0.188051475343,0.202456262404,0.14374922195
OBINH4,0.136270614357,0.14924353436999999,0.197554857668,0.129327324798,0.166748766397,0.216768433535,0.236794642805,0.150175923077,0.20693701619,0.172147097926,0.200775357801,0.179330768939,0.19690227991
HBGLU8,0.138430154741,0.337392088797,0.729709822281,0.575193921523,0.486336556109,0.31283791621,0.344231585872,0.679749297186,0.271383964293,0.296907250807,0.365284458195,0.298914706154,0.161477186382
SCINH5,0.13880494385,0.286971269445,0.518347734935,0.377857201047,0.381407704523,0.301574826537,0.343142242898,0.532367495462,0.259486080345,0.257719046631,0.269061458944,0.25867416602,0.194922945387
HBGLU4,0.14093724112,0.339162884255,0.779731653961,0.603527807311,0.50163205484,0.350015960055,0.345658369269,0.699723043162,0.220053195845,0.250418565335,0.290042687752,0.269937914602,0.182748253145
PSPEP5,0.148720739754,0.185288030583,0.283057877121,0.245324382749,0.265491262047,0.214515496774,0.205883312367,0.257996610254,0.160433191497,0.210375626273,0.19463262787,0.196061227996,0.128938711899
HYPEP7,0.149252633993,0.253052979251,0.469011943159,0.358129988723,0.304802577344,0.343901129005,0.246139735109,0.362733485348,0.212843975747,0.216434028632,0.191606203574,0.235970455603,0.145081309825
SCGLU10,0.149623823084,0.30107148334,0.518175280849,0.347381349704,0.437606436056,0.320805134108,0.48348297589,0.436352166535,0.24080562951,0.213690481868,0.2711823432,0.20471634087,0.162757365942
PSNP6,0.15224896356,0.228069007647,0.35953029808,0.299275659373,0.305941352117,0.208921371392,0.22835573784,0.320245599047,0.189371098325,0.228660656597,0.205244495157,0.211868049397,0.150359162309
SCINH1,0.154675269916,0.271872990292,0.557153933911,0.522235973522,0.449975243237,0.302860005554,0.360306379101,0.61141551602,0.267137902113,0.247369060638,0.324486648501,0.284556663322,0.193141663288
HBGLU10,0.165840980579,0.325751365422,0.756659698544,0.418279769616,0.585605712847,0.547942312361,0.627562867631,0.567792806907,0.284016239446,0.324868776229,0.406077361663,0.248760682095,0.200065721295
CBINH2,0.16687714234,0.317096797283,0.519616509219,0.471733781879,0.427130510592,0.245300848884,0.316500578662,0.595416109512,0.241270305098,0.27255183985,0.309546572883,0.291342825687,0.16582283312
OBDOP1,0.170974616868,0.224972715541,0.328476003082,0.303736092882,0.236263800091,0.22816464136,0.25171855851,0.322918407828,0.185150972523,0.257841636944,0.214741770582,0.317051521155,0.267167929623
PSPEP8,0.172385999477,0.286890317289,0.453797125602,0.372557980895,0.390634076029,0.304195018243,0.398928070383,0.43834283655,0.222866863782,0.242606585243,0.292803242318,0.276341815932,0.237334356157
OBINH1,0.176481512896,0.181320548607,0.196076338451,0.199942420521,0.207161548218,0.259938778323,0.257315513331,0.197921415317,0.385637319248,0.298547054255,0.296834587936,0.283751141873,0.143994012883
TEGLU16,0.183841973158,0.332617475322,0.488667616163,0.376220927953,0.414323504758,0.495358407305,0.500223933347,0.390519945192,0.931951319201,0.756614606264,0.844940243492,0.31906992062,0.161173861761
CBNBL1,0.217540052303,0.313391319157,0.550147709771,0.39189323619600003,0.341980331018,0.348284792007,0.411352281316,0.46356658966,0.296597550409,0.296254652118,0.298968520451,0.295588134336,0.30380755915
TEINH21,0.21785774898,0.441644939708,0.693402263012,0.630914264084,0.63341447013,0.564579240121,0.51223113077,0.699409830577,0.380924823325,0.423475903625,0.443392611029,0.447578180111,0.231526716817
MSN3,0.249119875109,0.397353408931,0.415792279952,0.362909330847,0.436510291812,0.603594696115,0.536376161563,0.410091364631,0.805116833921,0.665771304939,0.73735375642,0.386078496598,0.320208716099
OBNBL5,0.258525030627,0.298389372117,0.357645215765,0.355206935904,0.261385595491,0.296476608402,0.278810019787,0.371492428618,0.258694523763,0.282821601767,0.324091892259,0.449358018554,0.397973446153
TEINH6,0.269479182864,0.393066852354,0.587468803188,0.538894785059,0.476173830522,0.538211381491,0.478050894974,0.551902374839,0.378857008825,0.422104630242,0.321169227407,0.753209366987,0.312319118781
HBINH1,0.300736311731,0.325594877667,0.458260313711,0.40828506575,0.422529930747,0.422645070753,0.44165009521,0.487970495906,0.385573335121,0.39065127989,0.337972239794,0.431284266463,0.404420340173
DEGLU2,0.301049369571,0.754207102954,0.913261243049,0.794258113651,0.754849772487,0.684087883083,0.759452118208,0.810399688745,0.619867938426,0.623054633062,0.692944466953,0.520310382311,0.403571906638
MEINH5,0.31022831892,0.575853418439,0.954497722256,0.881154932719,0.838283716999,0.70417045255,0.776834511682,0.977822357182,0.387046068046,0.386614835603,0.491642046492,0.575460416414,0.43114897996
SCINH6,0.330756930392,0.470210984377,0.751702978556,0.59659135139,0.674272610104,0.658681918875,0.652944599017,0.713356753847,0.498261307344,0.48438480869,0.508961404447,0.465369593767,0.38483675901
OBINH3,0.333412289255,0.357382790708,0.40033779206,0.349142339562,0.398883556537,0.409848656513,0.465192658035,0.426841144325,0.670296056307,0.536617109236,0.510525062109,0.507176480415,0.306715927783
PSNP1,0.335014181766,0.509726167896,0.586408239024,0.524616829514,0.544216802894,0.481687055594,0.469657693622,0.555626580802,0.450316619717,0.516736519847,0.486557834909,0.458788972573,0.37106632655
SCGLU9,0.340025167254,0.433439831934,0.619010351532,0.430880928793,0.572608447901,0.644477111085,0.653433804269,0.479076599461,0.464409477024,0.469331986401,0.450803188264,0.403235231863,0.33302025337
ENT5,0.351027293128,0.399134630028,0.47186312626,0.455981161963,0.431751023149,0.427961419707,0.439791777735,0.477908661332,0.371009830493,0.420265489812,0.375398909325,0.441503908438,0.30593472866
NFOL1,0.35968986786,0.29434777322,0.220093412383,0.275327908351,0.266857966124,0.281214797573,0.28170750775,0.210126351233,0.307955380028,0.298092466156,0.25897781286,0.291906937489,0.330024012947
SCGLU5,0.374701765236,0.48976408076,0.768599810934,0.576360796205,0.707396210296,0.759714957808,0.709677421494,0.639213933169,0.580418310102,0.543209240498,0.549297725164,0.491742150617,0.333094051549
TEGLU14,0.375125712612,0.600772401025,0.758022989443,0.72952962454,0.690531648668,0.638882832172,0.719503134028,0.716057167704,0.923894011975,0.895258417877,0.912826922569,0.591466820105,0.36132402495
SCGLU8,0.385682240221,0.50233484325,0.62506674183,0.472639744239,0.579837568232,0.529698561541,0.539957840635,0.548022694019,0.514046648779,0.516659702193,0.51281207548,0.435702222943,0.358132457552
DGNBL2,0.396726543088,0.443520853101,0.463656852023,0.382246698016,0.410523810168,0.550277585371,0.504905509141,0.367521741694,0.60364883211,0.72605937103,0.516896273477,0.529929369718,0.405517681215
MSN6,0.406559769573,0.464090248997,0.558476182027,0.500820707924,0.526034730713,0.589964344708,0.592534962252,0.540268880176,0.664558721175,0.596789476544,0.637171599372,0.475661541136,0.457105384973
OBNBL4,0.420816260126,0.447387383511,0.434272496985,0.486366851235,0.395392810157,0.471593184308,0.44706614287,0.493418007415,0.428243585041,0.473116864997,0.413143915591,0.532516056991,0.574026312528
OBINH2,0.421327092879,0.466982165294,0.518242683224,0.515210435734,0.517053864647,0.489756358306,0.564143032182,0.58672367443,0.725767997082,0.651879968606,0.645925119023,0.599201658117,0.379097545933
MBDOP2,0.42174128901,0.683807176466,0.915626329992,0.86713306141,0.82275916334,0.807193107994,0.763485542516,0.878796884072,0.589998820379,0.611753651322,0.627209417229,0.684214850162,0.567059321567
NFOL2,0.425003998345,0.339176227295,0.234819988113,0.319100017051,0.332367306982,0.319418643277,0.360210927279,0.250332293914,0.327865993169,0.338269893181,0.314760886015,0.357687137452,0.383880612434
CBNBL2,0.49517510026,0.480099603495,0.545646746924,0.487309258181,0.555987345879,0.583851162631,0.589392963044,0.514191729114,0.53979406426,0.620261650615,0.527993844142,0.600894840514,0.6090206917
CR,0.497063353154,0.561294285454,0.72558123311,0.610012112293,0.68574999189,0.665461502108,0.668403202888,0.595355346639,0.569216414482,0.622174701664,0.590334357274,0.572051037952,0.471673325627
PSNP4,0.514307214438,0.601908579084,0.683140296945,0.607249134378,0.648395276865,0.57330835562,0.542135166098,0.634588817288,0.533984805746,0.574637995991,0.559212754297,0.574952694803,0.569581394729
SZNBL,0.523217351531,0.491552817071,0.473056823975,0.507972736553,0.505398230515,0.538468432097,0.508056325484,0.493952165259,0.502108862627,0.513742521807,0.438478237293,0.520000264743,0.518380726559
SYCHO2,0.561581696531,0.606198612827,0.781273970867,0.664976224474,0.672676257267,0.659398890751,0.617673851863,0.678303861015,0.59390649765,0.592373953373,0.629451756127,0.610629933221,0.540350228409
SYNOR2,0.586912113952,0.670537664252,0.778014272962,0.693227613229,0.744101967213,0.701207480225,0.734395057157,0.792895240872,0.670300373766,0.66604753639,0.720730279964,0.720453521047,0.587769911332
MFOL2,0.596575596119,0.503488686307,0.41893564618,0.486423950704,0.509786529521,0.494962713103,0.525302256663,0.4282751801,0.499654517986,0.48123495606,0.487596534433,0.554988950541,0.541949598965
ENT6,0.59907187545,0.665613370999,0.782459632795,0.75913935844,0.752633698697,0.759883941591,0.718146762522,0.759549229549,0.66520189613,0.655801425536,0.690140499338,0.707045253778,0.553905921274
PSPEP6,0.611415916081,0.709780177174,0.837880423399,0.764533219595,0.793332882459,0.752550992832,0.761831478459,0.778805394393,0.615978653875,0.697559012071,0.671331930544,0.721064458748,0.596650183524
HYPEP6,0.625064768444,0.841006278716,0.966880160757,0.929412882101,0.918494474382,0.930524513135,0.894355493598,0.925914969162,0.798036005067,0.812466363663,0.819839480076,0.806078443363,0.681220798147
SYNOR1,0.631452304913,0.714954496978,0.831388093391,0.736575885395,0.76710628419,0.756620871227,0.758367209714,0.797995364903,0.713770889642,0.722479484398,0.717515179198,0.766044227074,0.603582040992
ENT2,0.632504690365,0.688247664173,0.798735870469,0.779768434178,0.727248633497,0.703353395608,0.702302077872,0.789042063394,0.62926592574,0.693078006742,0.652967745799,0.772275944739,0.643756679872
PSPEP7,0.632802992144,0.747804998921,0.86099079212,0.787864797033,0.82859996408,0.783162861577,0.822633316639,0.830214283168,0.640902816453,0.731843928118,0.696259991425,0.763566847526,0.657006906774
OBNBL3,0.644470137736,0.642458776626,0.603721556898,0.625565085315,0.595364923509,0.665605730043,0.644500919352,0.61469057187,0.673883045012,0.678696124174,0.613494380082,0.765388540264,0.660981714595
PSNP3,0.648419040005,0.741794368253,0.836743640664,0.816019472085,0.804232299669,0.744933744623,0.732722779016,0.818778021671,0.68699113087,0.723902772778,0.725371092645,0.720495531887,0.594515823408
PSNP2,0.649251694575,0.749325065313,0.812707119224,0.796893863186,0.805265295213,0.727128404781,0.717160885457,0.796090051451,0.678782400373,0.714062114656,0.712640912013,0.698951260404,0.606413627777
DGNBL1,0.65125256183,0.646672041161,0.630458524378,0.559918863972,0.604167141442,0.649196955891,0.675780143602,0.563970675307,0.681159196603,0.774017809276,0.653972015272,0.703541730012,0.694430695936
MOL2,0.710443537186,0.597318620845,0.4287941096,0.537138866861,0.566905421194,0.521816363912,0.573505640477,0.502735036176,0.503968332136,0.540466559671,0.508578096521,0.653449015585,0.684502117154
OBDOP2,0.711963814199,0.748323218766,0.722946100686,0.767236441265,0.746049058102,0.78972705964,0.805418117552,0.773130478096,0.847970308989,0.82222082932,0.772105797272,0.854337063238,0.723778770558
COP2,0.72295014993,0.70336171718,0.582988271323,0.611874758832,0.625325380514,0.62738798261,0.602757429869,0.585460175615,0.670342996577,0.686539610681,0.646342424493,0.648610978507,0.682007826712
OPC,0.742411272039,0.737569437296,0.759883074444,0.724649247649,0.743673791727,0.784922880702,0.776849302357,0.722900607966,0.71810065642,0.721868848774,0.640172187503,0.685886490568,0.783234521622
SYNOR5,0.755114952793,0.850735238492,0.884242913006,0.854904521214,0.838462408272,0.817887165928,0.818021987114,0.863939481015,0.812825061776,0.826029971067,0.825128399764,0.834386294913,0.743153060671
HYPEP8,0.763854509319,0.826563880674,0.897653061617,0.866686097063,0.85560911732,0.884109071542,0.886547063335,0.904550291823,0.804503262226,0.814777512518,0.83232702703500006,0.846700697767,0.759176463645
SYCHO1,0.773794089236,0.855996743434,0.932298932867,0.896221227444,0.905360823311,0.875015585382,0.889153787598,0.91044858443,0.816402360789,0.793495043469,0.834312613628,0.868452714306,0.735220013964
MOL1,0.775349901679,0.683303200257,0.587311345908,0.654914326939,0.682860900872,0.67311517970800006,0.688225829928,0.628307291663,0.632278154067,0.624769706831,0.626149754656,0.728596069019,0.756507170636
MFOL1,0.813785780718,0.676622704429,0.499106599412,0.662260559927,0.662421923719,0.653760674674,0.666871840473,0.615416584113,0.618051709662,0.625058499923,0.611967705056,0.741590909658,0.801922595537
ENT4,0.814697985463,0.832384113768,0.832966233083,0.82828429744,0.823204994851,0.830790867786,0.829999595148,0.82813540338,0.782754106923,0.811630031289,0.749680532843,0.842614152598,0.776642380528
ENT7,0.825102119764,0.839137730416,0.919791346857,0.875994443863,0.90088465007,0.910749509274,0.894385262061,0.91685872530800006,0.818439592785,0.83502943814,0.842550295075,0.856026340668,0.812608801042
ACNT2,0.862740740319,0.812939476627,0.733649147434,0.782746332683,0.759457183831,0.77532619,0.757431190415,0.808355960286,0.741969257412,0.776180970075,0.774484370146,0.830926222091,0.882599051024
RGSZ,0.867627702914,0.819814626831,0.75141164722,0.819195758876,0.783807786727,0.804330101694,0.737679714078,0.788956728655,0.794026822969,0.80264479737,0.790668176618,0.834525942856,0.907218197826
CBPC,0.874633182426,0.908128152275,0.974816325179,0.95545765739,0.956380397523,0.923863433968,0.953593193836,0.975601729944,0.921884325771,0.919004506624,0.944502412053,0.914248170985,0.945523934367
ENT3,0.875911967203,0.876375771797,0.922452290214,0.914232544916,0.89457267115,0.879008082675,0.881062591154,0.919865613049,0.857580623268,0.888000931515,0.842104938219,0.915121341178,0.856112723965
DETPH,0.903465002469,0.906406594851,0.948695178638,0.928260912739,0.947363164027,0.943114094794,0.951751020572,0.934822873121,0.893363752259,0.919093117486,0.892786491494,0.908098507473,0.897638609057
MGL1,0.90961216772,0.880153179475,0.877007800772,0.866650948299,0.885143956326,0.899049205081,0.888506432729,0.856384529715,0.905047653185,0.893360181727,0.882890759649,0.88359558666,0.89473855239
ACNT1,0.914881122731,0.883607364782,0.845095038378,0.855027913406,0.851017329891,0.86653841412,0.851299657255,0.889528584037,0.822338013444,0.843651680747,0.838808048011,0.881158572957,0.931846333868
COP1,0.918595061887,0.919645838834,0.879887536197,0.878473883736,0.897853456209,0.901653316512,0.882750409188,0.875701646151,0.89757900211,0.900422806342,0.895686175182,0.870296946179,0.913911066352
MGL2,0.926826059386,0.904688295917,0.913024087005,0.898700291619,0.916907166771,0.921483010759,0.911716005403,0.899074298796,0.920691432721,0.910106347764,0.916051640507,0.905347544922,0.91547937027
VSMCA,0.928361887348,0.908339804019,0.908893071522,0.898402520765,0.923410761065,0.921845279093,0.920319556127,0.89808315996700006,0.928810118543,0.925001994465,0.884924516397,0.893461140887,0.920725751458
MOL3,0.951886116401,0.923639741185,0.881824668063,0.903774841074,0.923481316674,0.901802896627,0.907677555884,0.893644350833,0.892760203071,0.904658688202,0.89687602594,0.939520590707,0.941456781452
ACOB,0.954162278614,0.935965671079,0.85907125198,0.873095848259,0.876059453086,0.910399227563,0.880962978452,0.892995059347,0.909276258776,0.914803856612,0.897523118618,0.93333275751,0.96851198183
SYNOR3,0.969866780085,0.987041418513,0.995593344314,0.986464201562,0.989866369527,0.988126939625,0.988671084932,0.993912806748,0.981482795213,0.986156726046,0.987144909218,0.988547504093,0.968748233927
OEC,0.973285450123,0.960647096253,0.958266643611,0.936612499582,0.942267175945,0.968474484061,0.957496437971,0.93335940637,0.954716398583,0.958066241764,0.945413517126,0.966330211332,0.967136277891
ACMB,0.97466221639,0.963657585871,0.95692379699,0.956583149583,0.950981267883,0.962472555453,0.944916109278,0.963216689157,0.936894705511,0.956369165446,0.94196332224,0.961472204032,0.978166144503
MGL3,0.979166114754,0.969407849686,0.973335441295,0.969772756853,0.973792407163,0.976746830079,0.972892114485,0.966301614192,0.978869597487,0.972094167957,0.974839808552,0.971736526452,0.97619592022
ACTE2,0.980617749108,0.972711775276,0.938682887816,0.950141208646,0.961245531989,0.963631701886,0.956525203112,0.959279070039,0.95942646469,0.962910404625,0.95685721061,0.968231944433,0.98618457454
ACTE1,0.985478030739,0.975928248241,0.94393267449,0.958689737785,0.959819628474,0.968930676187,0.960593692152,0.958034320792,0.967858896226,0.971882164619,0.967389179716,0.976621960637,0.990476545305
EPSC,0.986653435597,0.980491705618,0.983541854012,0.98423605625,0.9858107285,0.987068773523,0.983815892247,0.987492725377,0.983548626774,0.985376434259,0.980124323165,0.983154152579,0.989339694401
ACBG,0.987285551046,0.979598541471,0.973622870624,0.974888151603,0.976827947832,0.980939794443,0.976248365997,0.98045788056,0.967884956223,0.97304950135,0.966850551273,0.983678957247,0.990673847512
PVM2,0.988960895154,0.983961666362,0.984640227157,0.981006340359,0.985034155722,0.984301361196,0.983100839481,0.981322584439,0.986519582751,0.985894120282,0.981422222828,0.982598995117,0.987364669438
PVM1,0.991377970013,0.986055415317,0.987543584354,0.983749768329,0.987810459757,0.985847648209,0.984728703557,0.985287306881,0.987643157244,0.987876029117,0.984526401313,0.985733414454,0.989607263694
SCHW,0.993020988988,0.992313859822,0.992925230697,0.993113131755,0.991599136114,0.989764596924,0.990478510535,0.99272826269,0.990057977722,0.988404570815,0.991880290338,0.992947780829,0.991852568759
SYNOR4,0.993091039584,0.99767261391,0.999260309003,0.998282362561,0.998932550704,0.998115799664,0.998062901062,0.998917546811,0.99641507005,0.997574133135,0.997897826975,0.997636526564,0.990744343269
RGDG,0.995252867944,0.992402252718,0.985607650359,0.988240622832,0.986655209713,0.990927442895,0.98637968515,0.989668934126,0.99035208293,0.991867873937,0.99172856253,0.993262158619,0.996418610896
HYPEN,0.995643914499,0.995259022197,0.996239128197,0.995636830288,0.99618987081,0.997516267852,0.996449552022,0.995985788103,0.992689276654,0.992882269039,0.990370970587,0.993656844532,0.995567491122
EPEN,0.99616013733,0.994194495971,0.996302443079,0.99533817122,0.996908772859,0.996335472117,0.995104357678,0.997152086034,0.995365026312,0.995864130887,0.994956553411,0.995605056188,0.996486003138
VECA,0.997151440753,0.995961816009,0.992671320541,0.992559852759,0.995652703057,0.99404192149,0.992666952915,0.992493631212,0.990835236366,0.992268741492,0.989721565784,0.993160243716,0.996730803819
VLMC1,0.997599793691,0.997330321872,0.996053895164,0.994896904773,0.996062651954,0.996913802194,0.996311374636,0.994683712727,0.995804621984,0.996549342586,0.993687430598,0.995188106259,0.99744632917
ENTG2,0.998238378368,0.996463845407,0.994481283711,0.994148089063,0.995074572622,0.995348835575,0.993153623143,0.992981574046,0.992898862698,0.993253505456,0.991191556408,0.997650544583,0.997556785881
ENTG3,0.998869580501,0.997706352092,0.99528585845,0.996207801517,0.997428197973,0.99750138686,0.996314766977,0.995142350767,0.995086396714,0.994964318457,0.993906928752,0.998355771874,0.998420774072
ENTG4,0.998922412591,0.997837968124,0.995256859079,0.995821130704,0.996685881268,0.997317994844,0.996253918743,0.995071511985,0.994768758025,0.995210577986,0.99330667949,0.998592199276,0.998715648062
ABC,0.999220656037,0.999099408439,0.999443464221,0.999264711392,0.99939789181,0.999318190317,0.999010062699,0.999499787956,0.998660437094,0.998838694314,0.998441008543,0.999000432869,0.999385919188
ENTG1,0.999342689447,0.998842090848,0.997551171155,0.997736351754,0.998131139334,0.99846848386,0.996788961859,0.997154912862,0.996656123298,0.996715701102,0.996870001666,0.999012526973,0.999019882401
VECV,0.999401186409,0.999091702788,0.998592766441,0.998664520881,0.998939133244,0.999086227225,0.998735039434,0.998653258763,0.998761587449,0.99893783929,0.998455962855,0.998692003226,0.999378265663
EPMB,0.99963196097,0.999654597675,0.999651697708,0.999511240907,0.999611680591,0.999772822703,0.999777212511,0.999573188316,0.998759400666,0.999481128747,0.998326274622,0.99933387704,0.999444362152
ENTG5,0.99965596708,0.999316329416,0.998307739956,0.998693727607,0.998863483348,0.999124171367,0.998508696502,0.998250953714,0.997904959847,0.998175976489,0.997399400077,0.999477049152,0.999464770155
VECC,0.999764647166,0.999688551441,0.999460284321,0.999398590383,0.999555920867,0.999692410162,0.999592448499,0.999364728354,0.999523155113,0.999496989497,0.999152495769,0.999491971867,0.999789852928
ENTG6,0.999859730403,0.999652488234,0.999339027676,0.999480296906,0.999613983193,0.99967401256,0.999405816489,0.999284329852,0.999173530816,0.999336841422,0.998861386062,0.999740989156,0.999767447573
ENTG7,0.999886746707,0.99973457721,0.999442174567,0.99956562742,0.999618252838,0.99973415907,0.999559065167,0.999546830866,0.999235213663,0.999474917547,0.999013200141,0.999790480232,0.999850298268
SATG2,0.999970502163,0.999928590637,0.999959974138,0.999940797415,0.999939533041,0.999957613357,0.999919776944,0.999945895493,0.999885395606,0.999923020564,0.999875151632,0.999945805176,0.999959952857
VLMC2,0.999979434527,0.999970319543,0.999978035545,0.999946363149,0.999974962497,0.999981662471,0.999975064859,0.999962761553,0.99995972668,0.999970744425,0.99990952768,0.999940585994,0.999973792003
CHOR,0.999986669807,0.999968688269,0.999971332148,0.99997665496199994,0.99997624163,0.999979914439,0.999947849301,0.999974111294,0.999963268306,0.999977525861,0.999923937237,0.999955232095,0.999981607838
SATG1,0.999995716233,0.999992747748,0.999994031872,0.999995265465,0.999996162611,0.999996024088,0.999993905066,0.999995692417,0.999988316629,0.99999091545,0.999987674788,0.999994519335,0.999997228881
PER2,0.999995800324,0.999993775795,0.999979608003,0.999985855202,0.999988431294,0.999992092155,0.999991177334,0.999988045813,0.999982345848,0.999988347719,0.99996173872,0.999988095616,0.999995401188
PER1,0.999999495933,0.999999057271,0.999997443192,0.999997690126,0.999998637894,0.999998297389,0.999997893851,0.999998068573,0.999997165446,0.999998360491,0.999995848239,0.999998340459,0.999999258812
PER3,0.999999869187,0.99999978047,0.999999800093,0.999999452955,0.999999756109,0.999999641029,0.999999503396,0.9999997857,0.999999630082,0.999999663983,0.999999219487,0.99999967418,0.999999841391
ENMFB,0.99999991353,0.999999802348,0.99999969124,0.999999408874,0.999999756671,0.999999885226,0.999999840784,0.9999997771,0.999999774552,0.999999758747,0.999999409091,0.999999870582,0.999999891992
