Annotation,Coefficient p-value,Coefficient,Coefficient std error,Annotation size,h2g prop.,h2g enrichment,h2g enrichment P-value,"AD (Jansen, 2019)","ADHD (Demontis, 2017)","AN (Duncan, 2017)","ASD (Grove, 2018)","BIP (PGC, 2018)","CAD (Schunkert, 2011)","CVD (Loh, 2018)","CELIAC (Dubois, 2010)","CROHNS (Jostins, 2012)","DEP (Nagel, 2018)","BP_DIA (Loh, 2018)","EA3 (Lee, 2018)","FG_F (Lagou, 2018)","FI_F (Lagou, 2018)","HBA1C (Wheeler, 2017)","HEIGHT (Loh, 2018)","IBD (Jostins, 2012)","INS (Jansen, 2018)","INT (Savage, 2018)","HDL (Teslovich, 2010)","LDL (Teslovich, 2010)","TG (Teslovich, 2010)","SLE (Bentham, 2015)","MDD (Howard, 2019)","MS (Patsopoulos, 2011)","NEU (Nagel, 2018)","PBC (Cordell, 2015)","RA (Okada, 2014)","RT (Linner, 2019)","SCZ (Pardinas, 2018)","SWB (Okbay, 2016)","BP_SYS (Loh, 2018)","T1D (Bradfield, 2011)","T2D (Loh, 2018)","UC (Jostins, 2012)","WHR (Pulit, 2019)","WHRadjBMI (Loh, 2018)","WORRY (Nagel, 2018)"
n29.Nr5a1-Adcyap1,1.47982209287e-4,1.81750099071e-8,5.02237633248e-9,NA,NA,NA,NA,0.683726939461,0.569908010397,0.15364243515,0.0668411449838,5.32196574686e-8,0.33889573118,0.246180160095,0.896949484658,0.42193008775,0.0519200820619,0.350016711851,3.05313442645e-4,0.0837624450053,0.944991564379,0.327945051854,0.993567509557,0.361786570717,0.00113113313325,4.32313830754e-5,0.402315863551,0.736111225594,0.866899999462,0.503230247163,0.00482811767212,0.0712813114899,4.49610290619e-4,0.303298915349,0.63036348901000006,0.00443093398155,5.81388614236e-5,0.256785999707,0.414357897176,0.841627878582,0.458518663009,0.408320892387,0.0589117274775,0.780922202247,2.83268291573e-6
n30.Nr5a1-Nfib,0.00121175538808,1.56436570396e-8,5.15827290116e-9,NA,NA,NA,NA,0.768009479805,0.199084868932,0.576855310262,0.528659525348,6.85725955519e-4,0.530626150969,0.800857513043,0.890781744093,0.0643453340817,9.49656494389e-4,0.82277698015,0.00216347518762,0.249900898889,0.860805617848,0.349819736512,0.808368540085,0.218465288955,0.0125131520409,0.00132165107709,0.797610492974,0.291538012949,0.745709559562,0.791741733525,3.9164082348e-4,0.328186322321,1.3871835537e-4,0.419574455871,0.934954977453,0.0061374896477,0.00157360710448,0.0415294055416,0.839433040656,0.779155221324,0.794716124604,0.365249215152,0.522103716576,0.986256098122,1.183898106e-4
n34.unassigned(2),0.00158564898166,1.55585361732e-8,5.27295960637e-9,NA,NA,NA,NA,0.246736505879,0.245774766896,0.0255595626832,0.0197734831407,1.77547666921e-5,0.250387282661,0.0483037009987,0.529440388331,0.454174423003,0.00273139232435,0.2652663288,0.0010873954311,0.563049874261,0.643248134195,0.135592426246,0.999972757318,0.406349672801,1.24272364513e-4,1.07225143943e-4,0.807533141184,0.178122712706,0.841991696172,0.861313052175,0.0144745714241,0.0785749254597,7.9374379412e-4,0.207175014968,0.891718676403,0.438435773271,0.00103658700216,0.561833057063,0.175438714581,0.305552146708,0.332908907502,0.287659233613,0.229619863129,0.968850983173,6.50562775771e-4
n11.Th-Cxcl12,0.003672004824,1.44637627187e-8,5.39525806004e-9,NA,NA,NA,NA,0.158394700688,0.412146763109,0.338199167274,0.559319440078,0.126577431519,0.0133745676776,0.168125710815,0.562496600292,0.0594847357189,0.734403096749,0.625058923296,0.114583070504,0.395091601212,0.24711079713,0.862947806869,0.462250270485,0.0398152851027,0.0470251330294,0.641080536715,0.899306628977,0.234701945074,0.0992671302066,0.63571270726,0.177312623698,0.746908163804,0.216182996285,0.998396636022,0.895058650069,0.327983101232,0.287635680944,0.724745929386,0.459590054586,0.216222398589,0.248343882658,0.147605406445,0.057082378024,0.342981203174,0.0850012127888
n10.Ghrh,0.00394913117368,1.25663396797e-8,4.73061107678e-9,NA,NA,NA,NA,0.897070929013,0.0199502390898,0.12559373094,0.698432397124,0.159167275173,0.228515919756,0.218728802998,0.879768223786,0.985133544025,0.302942014639,0.352415762722,0.00943308286582,0.0580190713739,0.101057936994,0.192287155339,0.34581571828,0.950357310192,0.421346750165,0.286868618637,0.584316605213,0.237979444463,0.200576294761,0.826984197673,0.226446910036,0.833147120767,0.344374770662,0.674673974469,0.876809368332,0.0692762697999,0.627413964354,0.364792730097,0.411334217986,0.800787810774,0.01057710869,0.937792979156,0.578677577216,0.796315166515,0.148869440211
n26.Htr3b,0.00510242130211,1.47150467807e-8,5.72835182187e-9,NA,NA,NA,NA,0.208669382779,0.0202882274112,0.118319221828,0.383116953447,0.00803493914409,0.900975070223,0.414250631765,0.281808517656,0.478175814195,0.527993770283,0.841721734738,2.2157477968e-5,0.675457873334,0.309421253008,0.289789722114,0.970965547054,0.36813134525,0.0823463907063,4.58421492641e-4,0.16671560324,0.273392776919,0.529139991505,0.441393583198,0.1747187793,0.467782705747,0.129210987216,0.701624062852,0.506252854988,0.0402566135378,0.00289507153115,0.154271004776,0.766169198219,0.213790216405,0.171156640274,0.0698715666524,0.582424272827,0.906289157202,0.0217600035667
n31.Fam19a2,0.0052509532079,1.631444922e-8,6.3756959689e-9,NA,NA,NA,NA,0.330752956816,0.101387528383,0.154569336058,0.391491668516,0.044206698382,0.526248985775,0.17550957165,0.965065435518,0.8783029181,0.157141721232,0.267574347737,0.0255107994414,0.670755961136,0.0825754311821,0.999235326601,0.999097409848,0.494466929206,0.074310411956,0.0367533805839,0.0576874679027,0.768798140047,0.883822268422,0.45034051493,0.263358847293,0.287598660973,0.00232654924919,0.055410021866,0.4657363367,0.125538467365,0.0756908347471,0.233750395728,0.317360978627,0.351149294033,0.454788094532,0.112593926625,0.18336001417,0.649607138417,0.0011340606494
n09.Th-Slc6a3,0.00683315075223,2.22708545475e-8,9.03146981898e-9,NA,NA,NA,NA,0.859912167694,0.271559983409,0.21346032042,0.627417082383,0.164848575697,0.470977966272,0.0506790734935,0.209220970806,0.130074445476,0.0888704928132,0.316245412881,5.52204592164e-4,0.648620938441,0.671063703725,0.475933381909,0.935607218886,0.329467975574,0.235829062209,0.00947532015091,0.525234571769,0.983668142968,0.753967390847,0.750544715945,0.0980899195933,0.412428988589,0.140554664422,0.767111406734,0.842913005887,0.0572937401587,0.0454040797281,0.328847995206,0.11175453343,0.101737969509,0.116293708143,0.891974260419,0.0849562208156,0.340732140554,0.0254226089313
n32.Slc17a6-Trhr,0.00775629328906,2.15554322121e-8,8.90652026065e-9,NA,NA,NA,NA,0.821984164373,0.448882143302,0.072579220406,0.0691017076699,0.0201876723608,0.496197089022,0.373367837883,0.756250492237,0.689093224701,0.0257809135429,0.505685131172,0.00617595277324,0.0586295979415,0.667760160495,0.736141821717,0.982561217289,0.125419117194,0.0677910891576,1.3352472117e-4,0.547449257653,0.497616643954,0.309363993146,0.25426955633,0.0152832552642,0.166969732868,0.0145192034747,0.339071486547,0.327496452245,0.424409116843,0.0131607758643,0.0430567504556,0.565842779343,0.694122465885,0.35475394542,0.0494480577351,0.27377035663,0.943538540871,0.0377302723257
n23.Sst-Unc13c,0.0085335394372,1.39928238925e-8,5.86637388907e-9,NA,NA,NA,NA,0.266283716837,0.146936591579,0.393491418018,0.44946656465,0.0425826008904,0.00367190131741,0.189443550075,0.863673771506,0.61770364354,0.00199559644031,0.30909339184,1.6483709651e-4,0.897461213638,0.920190313529,0.788425438359,0.559218653224,0.273443798912,0.0610944747939,0.00336411654722,0.219730123504,0.672781132111,0.377935352312,0.463013909862,0.00118626108692,0.525852024576,7.49629058816e-4,0.374995926615,0.755925092341,0.00842790524719,0.00138071773516,0.201504631122,0.486972668947,0.21516226469,0.255700147207,0.11699006471,0.0541524067277,0.554764915708,0.00276368288089
n21.Pomc-Glipr1,0.0247916961326,1.88307743249e-8,9.59021390681e-9,NA,NA,NA,NA,0.543306640631,0.0858013053021,0.00965709424568,0.414572616045,0.0215629779037,0.146467217736,0.160305181527,0.565144079801,0.509021483885,0.00612251108037,0.32430299293,0.0435955759628,0.87624502459,0.486507179141,0.458909946003,0.6030485275,0.173128427165,0.0880358715096,0.0039786280836,0.843641425768,0.778404356135,0.216968804352,0.826770296189,0.00614566965299,0.402824273577,0.0357874983348,0.773567970158,0.758620201054,0.0624559910814,0.0585091671706,0.0468663321613,0.195432683371,0.451230147396,0.0889129507009,0.0957610192847,0.218863814334,0.651140970159,0.0964170407668
n24.Sst-Pthlh,0.0290519879991,1.02559497849e-8,5.41236020894e-9,NA,NA,NA,NA,0.639244463315,0.109676222699,0.221143837079,0.0441381258954,0.00149074344337,0.0328907497858,0.050061056954,0.559692678261,0.380111425071,0.0151270055779,0.0757422846594,1.81183976738e-5,0.848077738423,0.760291780283,0.572070606142,0.999965711428,0.073670709774,2.63405985312e-4,3.16700844325e-4,0.716770729221,0.931468029298,0.933468276213,0.829661313213,0.00657725899261,0.298996331937,8.43981846895e-5,0.627548080552,0.403939952286,0.00977641099104,0.00929120577195,0.150973152198,0.129614923578,0.376619884033,0.0924232119988,0.0853144463445,0.224255107399,0.671396596107,1.28521868523e-4
n06.Oxt,0.0365038132907,1.24980214084e-8,6.9712961979e-9,NA,NA,NA,NA,0.46726459307,0.519839128897,0.0434310064211,0.72243228734,0.148646440549,0.342066206685,0.593839952651,0.119805842634,0.127961368412,0.211375523631,0.348278632297,0.171564730501,0.563656165749,0.636962038563,0.199512416452,0.860292116131,0.414349240403,0.121646985137,0.15964660304,0.850014377078,0.802490313492,0.453398995001,0.0668742263572,0.151903496725,0.21818287103,0.0199785000943,0.254734976146,0.83017749967,0.0377636976373,0.439913699112,0.422597722921,0.701704547227,0.711587027585,0.886314734643,0.67140098844,0.249797622061,0.952817784295,0.0383037459315
n05.Nfix-Htr2c,0.0401417032312,1.34110624172e-8,7.66765277642e-9,NA,NA,NA,NA,0.141475274344,0.244807421995,0.117997662057,0.407784207453,0.04167087817,0.0169934274773,0.309982018854,0.754376615503,0.254492715219,0.0207473901141,0.366230878879,0.0365085849919,0.976997640495,0.775819530642,0.190808384301,0.963915666429,0.149318006494,0.552232960333,0.0283061311812,0.162955232963,0.326694237562,0.317500657743,0.345297198429,0.0397849280377,0.153236669124,0.00745208177768,0.0400278520354,0.325973577191,0.0716586898738,0.0762754230371,0.234640508423,0.65118322047,0.176767815002,0.0342426085897,0.0225307089811,0.231288583117,0.268370278826,0.00142116321365
n22.Tmem215,0.0406479427505,2.1628210629e-8,1.24070741616e-8,NA,NA,NA,NA,0.245649638177,0.0225138383572,0.0171022130809,0.602793707519,0.00892759728274,3.2735049637e-4,0.351952242931,0.68115093757,0.876674512387,0.00193290998093,0.374619327463,0.0376160729428,0.593007126531,0.382439922,0.085312774633,0.253521841455,0.827951444983,0.0586147930995,0.00909846328155,0.261653012805,0.0590744125496,0.0828809858441,0.931687883597,0.0316220489772,0.510838151556,0.0306090501765,0.612815874133,0.501778807668,0.328902220389,0.34150005619,0.769884500178,0.217041930461,0.545995266107,0.0152453615114,0.280119417058,0.456902519013,0.750358476084,0.421564741292
n25.Th-Lef1,0.0406770289837,1.18825589771e-8,6.81776064535e-9,NA,NA,NA,NA,0.986889854794,0.843635725772,0.607655769242,0.173548593106,0.0420096702497,0.656035417068,0.90327237946,0.12706507477,0.633568574077,0.180968723407,0.995314526722,0.497616842747,0.186037697095,0.409641934446,0.109148501409,0.81825469474,0.114190960633,0.0221018491903,0.206549522288,0.117261570474,0.922730330649,0.667608687038,0.0486526905051,0.181134210166,0.276214518119,0.00616252598871,0.374888467982,0.295279569614,0.413584968939,0.375829097262,0.270344027045,0.995954187,0.122969485669,0.256593368275,0.267912445164,0.0120560506795,0.566731268051,0.0184747303452
n08,0.0411674433294,1.3074732616e-8,7.52590834162e-9,NA,NA,NA,NA,0.930814536508,0.175802956327,0.329400113194,0.782212953607,0.096070945958,0.455389801736,0.00183416760432,0.688325519174,0.178691097667,0.00421497154645,0.121727975076,4.78664335316e-5,0.345209806324,0.307938661689,0.472428319623,0.37700246987,0.291597032764,0.467564052899,0.00191527341737,0.512433219756,0.773031498485,0.919555806031,0.690481162749,0.137857250382,0.982125919043,0.0109220195432,0.928151945057,0.511184545916,0.189500407631,0.0601948772449,0.179945325516,0.034527016772,0.147118327631,0.0701379140095,0.736068095024,0.0705172498721,0.563227273252,0.026922422219
n16.Rgs16-Vip,0.0427639920269,8.85776859642e-9,5.15143897011e-9,NA,NA,NA,NA,0.585877901612,0.471556673754,0.977392011776,0.414398055951,0.00184725156652,0.299556427345,0.626365759217,0.042257837179,0.0859189534783,0.788871155311,0.741517937965,0.0132549948638,0.906297475537,0.460400299535,0.99153265621,0.830255175229,0.228190811402,0.0363008407426,0.194896994459,0.924838860904,0.477239677629,0.884770420661,0.841278518617,0.520297627236,0.439274865732,0.525798880482,0.325803157071,0.538794335604,0.414204624947,0.00543863475106,0.688406221405,0.379463178603,0.0485602097444,0.741008528564,0.678156974412,0.271637325072,0.534581877038,0.305599079625
n02.Gm8773-Tac1,0.0491224311657,1.05188910535e-8,6.36188854466e-9,NA,NA,NA,NA,0.341973156117,0.773981699991,0.0429463336131,0.627151319368,0.16422152830200001,0.319511621882,0.167803202111,0.54937496302,0.314031376774,0.675469039451,0.713910206827,0.0856000365262,0.562671790858,0.594212849194,0.0110143231535,0.648993943098,0.153531425824,0.272562968271,0.0332198669853,0.171930394497,0.494770449649,0.876993700475,0.121615247739,0.905610977494,0.0276344774614,0.259199522222,0.281225343873,0.0761244114475,0.459493487737,0.215117233395,0.416537059162,0.424838390259,0.843115448318,0.202593721565,0.281568665631,0.371219410066,0.469653986227,0.0757174713184
n19.Gpr50,0.0645540011234,2.363478997e-8,1.55734985827e-8,NA,NA,NA,NA,0.503388034464,0.652923334239,0.0901258063491,0.467966333295,0.00903045477751,0.254425822237,0.731144561888,0.934361107615,0.809854630196,0.337506378912,0.189723160957,0.0453770538147,0.0451837707843,0.060349627287,0.801716080017,0.673017172952,0.586627353399,0.521027506141,0.004860272035,0.0272073423815,0.0855789498222,0.0368173606401,0.73067648659,0.0925903207923,0.49074506092,0.146856035413,0.754227199391,0.640237018097,0.612420583849,0.196877145301,0.270726662025,0.462890518119,0.475675627583,0.0817420629261,0.53227061128,0.204409314403,0.618120439018,0.0150879529519
n33.unassigned(1),0.0929108774064,1.20867196655e-8,9.13555965054e-9,NA,NA,NA,NA,0.356692535916,0.488310022733,0.858822286181,0.184147168353,0.0533087014185,0.489479205474,0.905037968992,0.380164973652,0.881382971809,0.0126494163354,0.832885906508,0.0228055192591,0.509801077376,0.461672363626,0.169777886332,0.999251504206,0.755801972059,7.54424278411e-4,0.042438314213,0.463046044247,0.234112361179,0.560027107907,0.963577216862,0.109639444116,0.252756070055,4.84969899608e-4,0.86526960724,0.795484544398,0.0385797586494,0.0998110165585,0.275131267182,0.985738002343,0.585003179419,0.578862176741,0.518293422121,0.231788465037,0.829569906818,4.04847671848e-4
n20.Kiss1-Tac2,0.0981933377309,5.4381319874e-9,4.20935829167e-9,NA,NA,NA,NA,0.772335346274,0.0547061013118,0.169675815637,0.18744923502,0.00617328627818,0.0747047282111,0.0732142009783,0.828213465998,0.369162433998,0.013237095038,0.0166060169772,3.3088079922e-4,0.764043228129,0.835054419612,0.120949715238,0.321880639479,0.123091362429,0.0841797214648,2.67271251148e-4,0.475131428626,0.910887065583,0.35515336784,0.886308826627,0.0169690340079,0.388892593398,0.0241343597043,0.505805928471,0.88346295648,0.0606097642857,0.0202953748227,0.0109372309965,0.0185029228778,0.0444583403517,0.107745077977,0.264375227365,0.225947955469,0.689113362774,0.0897952590695
n27,0.12064139245,8.21328397413e-9,7.00919833823e-9,NA,NA,NA,NA,0.130894665606,0.581199364043,0.283203304065,0.332678141088,0.0422153549935,0.107815863436,0.271503556864,0.577904804618,0.961886464605,0.27100181182,0.449720326563,0.0090372459244,0.914306786024,0.526253957415,0.882465354834,0.99318960125,0.592776359625,0.33904564556,0.078916415059,0.641660739485,0.711683489429,0.234389805396,0.530218390034,0.649052898396,0.633278611161,0.493213044426,0.906880116692,0.714050761986,0.288470090584,0.728218399906,0.627291656191,0.42180150818,0.208648146321,0.39222019215,0.558040548261,0.353755020996,0.803346375318,0.416521229556
n14.Pomc-Ttr,0.123339616772,9.11303262924e-9,7.86655381551e-9,NA,NA,NA,NA,0.903362352153,0.0516027465364,0.15068032297,0.857136478114,0.567579065221,0.523257265969,0.0931807233008,0.701132732469,0.794361416093,0.041818270878,0.528985565761,0.00959562574262,0.32818522126,0.253216069448,0.680555881444,0.309536813091,0.607181586666,0.0443985836193,0.152633941493,0.748312236604,0.444125254505,0.833881975496,0.0253312568303,0.0540724860294,0.560242752694,0.0997144163148,0.353767985582,0.713865594859,0.11430684704,0.952238807594,0.185348404298,0.134724692391,0.460836622716,0.353801180832,0.603616369185,0.516710771351,0.787896392565,0.174411289115
n15.Pomc-Anxa2,0.145861864265,6.39708851909e-9,6.06734204903e-9,NA,NA,NA,NA,0.389885532733,0.0305048322484,0.0253045321945,0.545034393629,0.16675052339,0.810750759781,0.506846898717,0.208124712934,0.589056940431,0.125029453206,0.860296052772,0.0968472272047,0.161844182557,0.0219682398318,0.803335681947,0.950778227683,0.148246909308,0.193707818115,0.0273895500388,0.202592296144,0.649638180638,0.499901356927,0.356262156148,0.151269774512,0.235772858648,0.142957407216,0.172916279517,0.374460451794,0.382027206822,0.905869587157,0.136272550212,0.876633955077,0.160905525815,0.465902531254,0.0235122822308,0.62345891949,0.891120013748,0.183825094993
n07,0.156583613582,5.75881954174e-9,5.70972447769e-9,NA,NA,NA,NA,0.570610573241,0.635201508452,0.313996092386,0.83913530258,1.61942389873e-7,0.724475818679,0.72806560938,0.476287001857,0.3166255919,0.0583084165289,0.632995313652,0.0284501503262,0.241541848976,0.773943925514,0.441514161777,0.762445690999,0.224986745611,0.203722451803,0.147426253982,0.640014705965,0.313530255801,0.759039578596,0.950299222429,0.046487528674,0.636520006434,0.159271941941,0.596217221909,0.203708705373,0.227099608909,0.00641227368263,0.12551681487,0.709681225415,0.22321643969,0.918766875013,0.263481707756,0.634400832548,0.771084499033,0.00853464839394
n17.Rgs16-Dlx1,0.157520373964,7.24722852858e-9,7.21331724802e-9,NA,NA,NA,NA,0.704687407152,0.709531513775,0.0889628253971,0.217321592501,0.0162410273556,0.367862759997,0.286075341636,0.902535726055,0.0400163181896,0.669672441673,0.749519115429,0.00372176634164,0.393968814256,0.16419659546,0.767886698884,0.913677694364,0.00133370196571,0.0981255876865,0.188804136156,0.88945942183,0.249425871062,0.799211310267,0.382771410971,0.285631925311,0.702691288756,0.30907429678,0.752630686414,0.884263237321,0.413019104333,0.267377406165,0.0179913900738,0.315148536295,0.384069199326,0.0534201542195,0.120483407564,0.901990818302,0.860345964733,0.195619657139
n12.Agrp-Sst,0.188892525448,4.59255302597e-9,5.20706621606e-9,NA,NA,NA,NA,0.164977562542,0.0259960146386,0.284144660796,0.112467214103,0.0765855434602,0.394226504597,0.0610425485337,0.63177520545700006,0.698006544446,0.091292592078,0.148629818971,0.00510629840749,0.338132776508,0.587815134438,0.82410352718,0.206642653078,0.634301893402,0.00607609290044,0.0173846021827,0.368619877231,0.729503574613,0.535317408477,0.0307787809789,0.0811898375502,0.157437440524,0.194342614911,0.108210610507,0.657051978792,0.416685880123,0.336134327408,0.300801766572,0.198871888503,0.139572796289,0.659447125502,0.420004293737,0.809820822942,0.713970919404,0.120434313896
n04.Sst-Nts,0.21163392562,5.57541628499e-9,6.96261455816e-9,NA,NA,NA,NA,0.0868724324928,0.581100952621,0.303366116534,0.0172997393619,0.163785317327,0.301868341638,0.0227413060524,0.866423917454,0.341845813402,0.111759172911,0.150168562128,0.271470808617,0.973315113993,0.662300171669,0.651297887394,0.939150581645,0.11271619348,0.00394080398744,0.0480608575104,0.158328283436,0.344177081832,0.112410417544,0.680252636107,0.0200386925087,0.124214636679,0.0304766676159,0.398486564065,0.961389472539,0.147843174502,0.0335651488015,0.376767032836,0.107299221268,0.566471637092,0.918731665582,0.0636271816172,0.275105862386,0.197539217158,0.070400998394
n03,0.225572917087,5.24079034159e-9,6.95520605876e-9,NA,NA,NA,NA,0.0348397151258,0.987651551612,0.496398934063,0.634020428451,0.022867919501,0.072734689138,0.136131891189,0.328171896584,0.314195430398,0.129207855733,0.339175290853,0.463181079259,0.0292937447699,0.240572140644,0.176731830625,0.789779211964,0.649918136363,0.222013568781,0.337150610693,0.21207118059,0.311651204903,0.0598526133563,0.823917420265,0.478358517364,0.0474750882494,0.0763164930385,0.203457203662,0.233785324462,0.558139299665,0.0862739207048,0.900691903135,0.0961117216128,0.0846023127686,0.202231965873,0.855357206793,0.25532420961,0.821552583599,0.261035556867
n28.Qrfp,0.259140603754,4.47292909889e-9,6.92406950565e-9,NA,NA,NA,NA,0.28295575567,0.425569931784,0.236939167063,0.0227863419502,0.531956333711,0.838491760843,0.76050666749,0.297672774998,0.21625736086,0.439764882766,0.443242282643,0.298530066188,0.933160160433,0.959280169508,0.978949898842,0.86432709854,0.359502306481,0.131888687541,0.268383619864,0.830570470428,0.752654602422,0.831660730071,0.100108105845,0.290032911303,0.437706820216,0.123761717008,0.377642962866,0.493206572818,0.252512368533,0.139540888639,0.327045918076,0.785409324281,0.170439063213,0.845791980632,0.391552869681,0.125332235545,0.401658688105,0.255920333962
s19.Parstuber2A,0.347761794697,1.80320880445e-9,4.60742447314e-9,NA,NA,NA,NA,0.140339512195,0.664638886481,0.936063539612,0.567334135385,0.0668980665013,0.634786074571,0.144252342885,0.777650456976,0.721553344082,0.980015534523,0.111029465839,0.93187969194,0.748880881872,0.180378404184,0.435704053353,0.0308154660469,0.130504980028,0.922732126039,0.758690647499,0.196147348046,0.541767209589,0.320576578456,0.0752990387419,0.612678836182,0.414458147074,0.801941556615,0.665697761126,0.832449178187,0.494700512071,0.2375429519,0.357776530275,0.104372486543,0.2316639749,0.929356284225,0.0560163917164,0.960715275074,0.788186779961,0.358969754469
s20.Parstuber2B,0.349879631424,2.567278075e-9,6.65709404788e-9,NA,NA,NA,NA,0.621245962605,0.441420566896,0.413800033962,0.67219269195,0.528112991057,0.647678100847,0.167711215262,0.490100215421,0.362302652665,0.987906797647,0.164551186707,0.900346183332,0.129200259389,0.0474409467346,0.676888271926,0.167015730222,0.119834313052,0.814353187177,0.76090886021,0.250849401474,0.302763009963,0.139306470202,0.0571461223296,0.650013062968,0.24458919728,0.94268918869,0.187888041657,0.231267855848,0.391634513534,0.361908238938,0.332640637259,0.137268924032,0.104888174309,0.718666209864,0.085136684727,0.429099465896,0.502819831455,0.890179992199
s03.Oligodendro1,0.394106955863,1.67758900475e-9,6.24496462997e-9,NA,NA,NA,NA,0.590428837646,0.770320926718,0.510649319859,0.509353717713,0.526918268747,0.911923860475,0.897418038923,0.42221712059,0.328634201159,0.981555749406,0.893323114496,0.241569549181,0.262731561824,0.263141343509,0.61951959371,0.992806968056,0.119674936736,0.282250585209,0.615729939271,0.865789741793,0.073662225471,0.961632473188,0.716434113638,0.562725773157,0.815719293803,0.829528843453,0.543966578152,0.0724997442809,0.253565544876,0.624787994183,0.721244500239,0.847222526868,0.958824963927,0.281972923001,0.413813079829,0.46332780497,0.673592984366,0.392408858532
n01.Hdc,0.433628831786,1.06459858834e-9,6.36939415488e-9,NA,NA,NA,NA,0.728323332561,0.825771823066,0.40538351255,0.758076156427,0.354011220145,0.553956818738,0.855655968076,0.63179321552,0.0644416718979,0.773486834088,0.972622261246,0.696072767538,0.826975545348,0.793253069928,0.265158359922,0.805274361596,0.0379222438954,0.0445089904212,0.112512202412,0.252236356322,0.363560270215,0.694686248622,0.125081788071,0.966317885404,0.336210875126,0.67571385046,0.319798657748,0.176253194047,0.833045083355,0.785104917793,0.219253389613,0.933387287422,0.428768816806,0.2052138592,0.0378799543165,0.490734327088,0.744110829661,0.322121577627
n13.Agrp-Gm8773,0.511565647205,-1.34834532316e-10,4.65029399082e-9,NA,NA,NA,NA,0.181016933509,0.0852156826281,0.680135999466,0.173732093074,2.16847936085e-4,0.595585516882,0.363105312172,0.167784054774,0.670204015223,0.104120643446,0.636852650329,0.00678526897416,0.046496282498,0.850267813732,0.636037782996,0.177302755009,0.644363577794,0.0156353975893,0.082757751182,0.454925916742,0.564431669637,0.535879090478,0.107294843877,0.250024141905,0.0816548592048,0.284947900088,0.498626927222,0.603064573537,0.842712595674,0.25070894399,0.0511904344611,0.751073722712,0.207948306537,0.368168195759,0.59276611768,0.926339954426,0.55433213032,0.29056662079
s28.NG2_OPC1,0.528255380659,-4.27552641801e-10,6.03163315913e-9,NA,NA,NA,NA,0.845679629731,0.535464284185,0.598838643114,0.810341802084,0.0297244714575,0.81623871876,0.13362003333,0.951234625488,0.97615045334,0.999862459651,0.211831916046,0.625660856762,0.47689146891,0.309791118672,0.458891603185,0.106904712618,0.859230489585,0.713387497907,0.780762113162,0.529784704542,0.097645862699,0.315678304707,0.956038951102,0.82887176793,0.489571083195,0.855652156458,0.649618453483,0.306928596685,0.605397338803,0.235517786128,0.999771340711,0.165344141152,0.565664062435,0.318097101013,0.532748214879,0.616229664719,0.198600319799,0.915042779162
s15.Microglia,0.588196411726,-1.40138829937e-9,6.28684855393e-9,NA,NA,NA,NA,0.0388711154528,0.45309521366,0.0598010464665,0.19039613586,0.536367903909,0.507974227815,0.0673428346517,0.011238183099,5.04064794631e-5,0.961477081566,0.191827725896,0.773667736419,0.823348526495,0.912009144115,0.692103065821,0.904593238044,1.45279752787e-4,0.940914287577,0.521190599923,0.0288311316821,0.00371951041056,0.286762748759,1.178897607e-4,0.979209139504,0.00116070743541,0.991460707643,0.0012319851719,0.0104071218933,0.997471279679,0.729953443345,0.58871764915,0.393260501152,0.00114301116677,0.417224270697,0.00319294463994,0.749752030344,0.352308375582,0.987166493858
s06.Oligodendro4,0.589146067121,-1.00435575551e-9,4.45689232192e-9,NA,NA,NA,NA,0.583906019101,0.825424096358,0.377610298668,0.375510504264,0.717206549165,0.828784100549,0.984392950619,0.600704555667,0.503182230226,0.922284535019,0.897657360967,0.273455087245,0.252355465188,0.937554702997,0.9514584313,0.95780852475,0.46600069171,0.0435073741779,0.457613617799,0.792490618983,0.255624012354,0.71452093152,0.538202715678,0.459571654867,0.602755935393,0.830322333312,0.214493810015,0.444251059465,0.953217052375,0.0939209935859,0.691443555705,0.924992573086,0.962888303048,0.926369151162,0.549792860302,0.832155703189,0.918061925582,0.372084348143
s04.Oligodendro2,0.640376644018,-2.23678572753e-9,6.22252847433e-9,NA,NA,NA,NA,0.830334293264,0.837661560988,0.418431868791,0.0605629390204,0.479828742396,0.668171110187,0.991382783014,0.219478117395,0.40822836163,0.927629115826,0.953704381917,0.787782528281,0.451781293688,0.68768000161,0.982271901884,0.993038786387,0.637820111595,0.0965488243873,0.68739463976,0.754843156817,0.295400856393,0.827396998825,0.438125448126,0.595535582239,0.423519959779,0.975283234967,0.228976040315,0.124023856554,0.774540518654,0.0791655718604,0.511931275313,0.971227265293,0.878584995649,0.921240383324,0.778850388817,0.878727976071,0.932969143842,0.685385192414
s07.Oligodendro5,0.65184324203,-2.79430169172e-9,7.15933897211e-9,NA,NA,NA,NA,0.854272273752,0.629326660293,0.183648912175,0.678460160989,0.289777053598,0.934542375005,0.990778825511,0.182470206244,0.69891450645,0.994945047615,0.91529981491,0.982320348817,0.773309731721,0.606804056179,0.952320968157,0.999650397415,0.310673985723,0.207889341234,0.466726470045,0.851538678359,0.437719730841,0.985432827498,0.538098264366,0.704282040381,0.67023994181,0.846654147894,0.893793075336,0.273942797115,0.626487411546,0.228810812683,0.893997845737,0.877209084976,0.965982122011,0.530257486052,0.518148407023,0.434637925121,0.441709219862,0.216964954193
s08.Pars_Tuber1A,0.683248090499,-2.31854522021e-9,4.86271027254e-9,NA,NA,NA,NA,0.206573807089,0.727333060021,0.917358010064,0.693791162732,0.341175881355,0.885538258663,0.0109646660668,0.825797124268,0.555381990598,0.912489211034,0.0585825869557,0.987127902238,0.805845738793,0.366614397098,0.289295262744,0.0189144630418,0.369892078642,0.994613941202,0.848037641354,0.065886861668400007,0.263882008143,0.265027420803,0.144980849302,0.607986841705,0.381924835775,0.937504607362,0.703828027953,0.396700738626,0.919220931142,0.742132236431,0.379594913764,0.0448061194881,0.653328953594,0.606491941825,0.405731706867,0.933407637801,0.717922039507,0.879379534286
s05.Oligodendro3,0.744014573208,-3.37131388754e-9,5.14098503518e-9,NA,NA,NA,NA,0.635580309856,0.891461587104,0.298243947081,0.487081850641,0.591645795632,0.755882707705,0.908368551166,0.533832339409,0.179744123898,0.890065956315,0.881244532519,0.45436391336,0.474041692182,0.785355278163,0.973994387411,0.983882968543,0.245521959782,0.0818742916381,0.916268771228,0.483336110533,0.337562053609,0.738224124381,0.747530952743,0.254532096632,0.937982488812,0.470799648889,0.48528765262,0.12751553631,0.709045376144,0.0310320524114,0.718394419638,0.814556361732,0.965953499476,0.689697600526,0.642649633883,0.650771725985,0.790875424148,0.246726430194
s16.Fibroblasts1,0.767851314545,-6.46829998952e-9,8.83902339153e-9,NA,NA,NA,NA,0.145439616607,0.93616707125,0.929502049104,0.211636416682,0.997760916076,0.0917098285177,0.49892537553,0.108415108836,0.0312901221104,0.915601477884,0.230543842292,0.999913375615,0.989499689291,0.976688360302,0.918282548578,0.118425360077,0.0141894365413,0.978428769776,0.982926676091,0.157571404048,0.240492628657,0.174646961856,0.00214849671006,0.938199835973,0.00159175420989,0.938421603925,0.0213729480172,0.110412860484,0.968788081846,0.975644693179,0.13072413579,0.233563098977,0.019804853839,0.811424853465,0.0999188516833,0.163479439593,0.0118392099824,0.996597786643
s32.Astrocytes,0.782190083594,-3.5912012331500002e-09,4.60640097444e-9,NA,NA,NA,NA,0.0928329677567,0.980374294412,0.779028823376,0.71326799302,0.527204195582,0.787271450354,0.930403572861,0.806235138269,0.30712607465,0.997551844607,0.855947615104,0.967812133767,0.859298054904,0.824998603732,0.70758737791,0.217596599006,0.233624703773,0.183311085423,0.827421514285,0.239396580347,0.157926050809,0.747941885986,0.821540761226,0.779232779206,0.0340760922999,0.871700011119,0.21636197888,0.950282905795,0.461618080256,0.604836595114,0.492355989705,0.564831260481,0.16717601057,0.542435063841,0.0571611109717,0.465471045072,0.157525583782,0.496004422777
s29.NG2_OPC2,0.793291555202,-3.17854569782e-9,3.88624940308e-9,NA,NA,NA,NA,0.312708834679,0.970979472355,0.502978220545,0.908940076565,0.495633431086,0.817601403057,0.272242700064,0.107723133097,0.9093902083,0.995202965675,0.499767744198,0.754747162176,0.735299436622,0.153170616798,0.443515044911,0.190629317516,0.508996263566,0.804107184182,0.960760756375,0.622104804246,0.161085240853,0.138059969932,0.953541683632,0.600027626176,0.171652430552,0.405962824379,0.665187639556,0.450877363474,0.369663247297,0.384367432247,0.99542143925,0.583943505058,0.180188927496,0.261658831557,0.75605963177,0.633485051826,0.36878203477,0.366859751221
n18.Rgs16-Slc17a6,0.834726398725,-6.13505331103e-9,6.30521678217e-9,NA,NA,NA,NA,0.697522822802,0.72342430204,0.266873991435,0.5700935104,0.163731907426,0.0223267684457,0.0770797464264,0.833898972928,0.51768979503300006,0.440558816553,0.252112423705,0.0349583445359,0.490289810258,0.32950776446,0.249286806362,0.176471608959,0.424041809862,0.201972325884,0.0765014092279,0.490841694668,0.617720524568,0.442797737565,0.481241287322,0.555402080507,0.794938455901,0.0533740266026,0.993009825852,0.807655806933,0.349078878622,0.595767396022,0.121594311199,0.190907588794,0.0755558289079,0.162565625785,0.591660386845,0.584132948359,0.356802446946,0.105355390538
s27.Oligodendro6,0.844203022498,-5.06565895584e-9,5.00617018059e-9,NA,NA,NA,NA,0.409623815089,0.832123789749,0.534258983268,0.698735702157,0.389906238378,0.623041948346,0.691647169985,0.448062252527,0.591654338807,0.96908619928,0.53353510036,0.613825588242,0.618760975537,0.253280221487,0.652730107591,0.900807428183,0.404503903541,0.589130763087,0.484578661864,0.479696169276,0.772991578339,0.754037539897,0.871519299399,0.972945750992,0.870988032761,0.973683101634,0.928427547897,0.569631403706,0.559869085253,0.0799489294493,0.765732752809,0.351620207676,0.439553916747,0.180276967516,0.682281560824,0.158631622162,0.0946099399323,0.634861557971
s14.PVMs,0.904475063456,-9.04467284816e-9,6.91763965687e-9,NA,NA,NA,NA,0.0759726838309,0.366729621855,0.47000601914,0.405574331966,0.330323324224,0.253860062615,0.387345496769,0.0253078489497,0.00113244009139,0.940398644936,0.319338627048,0.676610310944,0.458452918455,0.795875695184,0.55563522676,0.922789232645,1.09594398182e-4,0.704004879199,0.552628651905,0.0230825226488,0.0349525361036,0.432427186549,2.00836874077e-4,0.887573361421,3.73614433095e-5,0.850978994877,0.00912130476504,0.00157480838816,0.953084597224,0.897341295042,0.342872909954,0.615699154076,0.00199701098293,0.331844373558,8.20396164859e-4,0.910220378786,0.702223253018,0.987368604368
s36.a2_tanycytes,0.914032614903,-5.89537999547e-9,4.31575573815e-9,NA,NA,NA,NA,0.203166614769,0.568237147721,0.430573770473,0.77801813134,0.999935004256,0.826817943749,0.4899292635,0.248922616871,0.608201682977,0.97905505049,0.697867782985,0.914039314825,0.988631066277,0.719298444813,0.514688010746,0.560102069581,0.303884958337,0.912972647407,0.851222565499,0.119381238206,0.040571666675,0.459767370957,0.138294037559,0.884851509275,0.298245448117,0.787516419946,0.537462449915,0.41999439964,0.604429714339,0.981700585623,0.649217271026,0.366805561346,0.408513803314,0.622073219817,0.202225778221,0.939182519741,0.806870937425,0.898691837852
s09.Pars_Tuber1B,0.922775123041,-9.2610932082e-9,6.50362846934e-9,NA,NA,NA,NA,0.125489810066,0.97007931079,0.958940489404,0.882234255485,0.350940197859,0.650329978539,0.475567179969,0.366740767173,0.827682239663,0.982983762007,0.190663450044,0.992384311849,0.979909306268,0.90201349285,0.570700624908,0.102956136367,0.353165413173,0.513397639186,0.995485648609,0.868951184279,0.47023077969,0.916654334779,0.484955030076,0.999663294473,0.728247071099,0.99993676704,0.887354296862,0.272004104164,0.781265808946,0.997503134937,0.841207768596,0.190243707312,0.107443216807,0.399146030275,0.333032523546,0.908988040505,0.80753051665,0.999988447235
s17.Fibroblasts2,0.958637848386,-1.39717065559e-8,8.05242437e-9,NA,NA,NA,NA,0.93648002081,0.993727984653,0.866523837644,0.567928326681,0.999998624118,0.401635441744,0.621201255657,0.426424019195,0.606303778275,0.996854270728,0.107949492531,0.999988240379,0.76870006667,0.295477434214,0.40825322541,5.43218899326e-4,0.349651541964,0.895326032189,0.999440949274,0.393235366688,0.243370808741,0.176593686193,0.438070363037,0.999685119395,0.348389874341,0.997980036536,0.549570292222,0.254918882661,0.998078462387,0.999408501561,0.90483005717,0.125802609329,0.0600609658321,0.68894638924,0.13479026552,0.105425604267,0.00353337313897,0.999953193955
s35.b1_tanycytes,0.960671063054,-6.93056066145e-9,3.94111690142e-9,NA,NA,NA,NA,0.164474977944,0.483229935734,0.542011181199,0.894320826728,0.999033406152,0.784826832908,0.57238200955,0.347188495182,0.733499426975,0.977883177035,0.745884077793,0.988858748355,0.975477554709,0.75953720565,0.37978086756,0.23190683261700001,0.532139258365,0.93927722149,0.951581080102,0.0631210364471,0.117415288855,0.193697833603,0.174611678553,0.894101066276,0.37790850755,0.984103149291,0.362268269495,0.440238966518,0.854064232594,0.994248082805,0.703859062121,0.391768945526,0.443897535986,0.770530856488,0.161203897238,0.730777613455,0.642098229098,0.998847517034
s34.a1_tanycytes1,0.975955525371,-8.25472531771e-9,4.1762634657e-9,NA,NA,NA,NA,0.104588002191,0.634673036687,0.721539838018,0.946936713817,0.993094918301,0.543516689853,0.708646851634,0.123006976466,0.965021560297,0.992955288348,0.649755131022,0.757937124357,0.861805282959,0.314312637562,0.121064032267,0.311352760601,0.417165702027,0.784748733079,0.986269209075,0.450870612388,0.0182736335681,0.871437948763,0.0569119624902,0.995738841969,0.695756486517,0.971086957149,0.339792373209,0.774972948717,0.734838286074,0.984152435317,0.327863787571,0.515068682283,0.767162255298,0.629193430123,0.107930357647,0.716384154736,0.469277704239,0.994160111906
s33.a1_tanycytes2,0.988143470759,-1.07827195991e-8,4.767430263e-9,NA,NA,NA,NA,0.286527811753,0.888965321891,0.723478605224,0.347068120955,0.769737920222,0.87304076568,0.527897391444,0.80900203417,0.28636059273,0.87927220779,0.576132250461,0.929025562112,0.749895069977,0.129890072468,0.728071389708,0.681480623188,0.0319511497608,0.638389652925,0.664868380976,0.182599767624,0.0826921478239,0.386493421527,0.0172440276158,0.977813605028,0.174630856047,0.650431196923,0.151569665417,0.749360781905,0.757852780624,0.350280553793,0.450798153586,0.459656218037,0.0467671874505,0.777280382135,0.0191597240132,0.44744708171,0.230505990996,0.920871464864
s10.Pars_Tuber1C,0.992737276161,-1.03447292366e-8,4.2327051796e-9,NA,NA,NA,NA,0.146671807078,0.824820855317,0.614686644189,0.960080315068,0.965804487699,0.79464948612,0.242508073234,0.715120484381,0.761391221868,0.999309918551,0.13014050935,0.994696035358,0.844426819919,0.0744661635361,0.464970423605,0.091706527341,0.331317965062,0.952416144832,0.987675383987,0.0833144803711,0.120798827324,0.216492854965,0.495789788335,0.997613421815,0.80058871037,0.999655526924,0.641739201004,0.533838597267,0.948853574828,0.999847727476,0.96240323463,0.302068048286,0.43472153672,0.71400655667,0.14726611629,0.993027958408,0.82449281375,0.999999771014
s01.Ependymocy1,0.999257536787,-1.38008027166e-8,4.3431346987e-9,NA,NA,NA,NA,0.293849375058,0.756888615541,0.582499930919,0.993959745887,0.997411141095,0.350659510616,0.790766905748,0.114673804942,0.99710871461,0.99857524337,0.736261732766,0.716915694931,0.97184855078,0.443392572063,0.0647849641555,0.920567013212,0.742662655898,0.610956135016,0.999510900249,0.271844263902,0.037953164839,0.763489972121,0.18652520288,0.99955162594,0.652551109695,0.999983094337,0.527290349181,0.450445844085,0.977653656641,0.998795348042,0.54881070394,0.710303255438,0.739135556265,0.676866098361,0.0781116337188,0.88623030948,0.321078681245,0.999929490518
s02.Ependymocy2,0.99959045376,-1.28499866513e-8,3.84010288886e-9,NA,NA,NA,NA,0.706224364954,0.538962135369,0.619100222625,0.993851553761,0.998824187854,0.558393693234,0.424710597698,0.113351181867,0.988527377965,0.999043474433,0.297836612527,0.624035239305,0.990260078412,0.169332886601,0.269036689614,0.837979821514,0.374142935567,0.78331873557,0.999954979442,0.216864464998,0.119125633166,0.960026463301,0.467343193993,0.966459021309,0.880410516941,0.999976724555,0.808639457303,0.175538934738,0.961236405844,0.995410822366,0.74092737983800006,0.569258874119,0.895314769604,0.776638658245,0.0350781006442,0.998379422242,0.627924064493,0.999959326225
s11.Endothelial,0.99968128547,-1.48589429333e-8,4.3508685589e-9,NA,NA,NA,NA,0.298477197346,0.893873729913,0.815590491782,0.997599687547,0.998749361502,0.385249656337,0.0291940428711,0.0797297228795,0.217759527289,0.999996936377,1.97734731508e-4,0.999999985229,0.964276779171,0.38773376201,0.688554089975,0.0617166508253,0.0354842732561,0.897077174677,0.999987099323,0.486326546561,0.215302212002,0.313699436849,0.0390386459461,0.99728532167,0.114518313986,0.999999743894,0.526904385656,0.731788944775,0.992756414163,0.995015425618,0.999831452783,0.00565762366381,0.49088067983,0.925666226319,0.00640205018732,0.984532425807,0.37024023364,0.999998239146
s18.Fibroblasts3,0.999877763019,-1.92631935639e-8,5.25171666443e-9,NA,NA,NA,NA,0.94531322343,0.999975000201,0.692265665177,0.794939751992,0.999999830606,0.688837564227,0.904810335332,0.0145220939575,0.145634689857,0.991895454584,0.190940909421,0.999999999999,0.752223406276,0.501676913852,0.764413258972,8.01899669061e-5,0.0580392269002,0.982013632164,0.999987266439,0.325042832448,0.208295547165,0.121993987015,0.112081140385,0.990199228402,0.0360262480928,0.999753105006,0.694988882807,0.298716685575,0.995907346768,0.995080739257,0.921432001922,0.583297902231,0.0443266601859,0.825387203841,0.0352497349633,0.162369657296,6.80797286326e-4,0.999989749153
s13.Mural_Cells2,0.999929558933,-1.68835572712e-8,4.43532111599e-9,NA,NA,NA,NA,0.287238989371,0.990052744442,0.487707562677,0.970769104779,0.997856546998,0.382974393629,0.0567638118518,0.169751993047,0.951648310918,0.999999862563,7.58026136866e-5,0.999998100877,0.957521135558,0.166753192345,0.851813560703,0.00776387956134,0.240219088679,0.943755009548,0.999999979458,0.614461409828,0.385327707622,0.172644362653,0.403175784019,0.995451950186,0.535745753465,0.999989193687,0.860098037927,0.948907341019,0.999992469152,0.999986585453,0.999837896322,0.00508038516562,0.212685742596,0.991683373781,0.187889921145,0.983637469348,0.0420171829857,0.999993207087
s31.b2_tanycytes2,0.999932879996,-1.45599444574e-8,3.81295409904e-9,NA,NA,NA,NA,0.240593336569,0.744385430165,0.215857619587,0.466822941779,0.996303513982,0.637734220472,0.366722593363,0.921259972488,0.380759209101,0.9991946256,0.163362227163,0.999953047069,0.275841078101,0.917300824583,0.256195942262,0.00151098495241,0.333950605678,0.963949927227,0.999956234184,0.035516201408,0.0462230523538,0.113683266753,0.236321503519,0.985694339497,0.645698553464,0.992461750738,0.480981039198,0.321454772593,0.966182457001,0.999969780566,0.993126199679,0.173838953078,0.159346811452,0.604700595501,0.153241256957,0.466850523734,0.0163652644727,0.99973115633
s30.b2_tanycytes1,0.999997437047,-1.77691031819e-8,3.89710273117e-9,NA,NA,NA,NA,0.170274036446,0.553922062786,0.67043888596,0.85888994698,0.999382082632,0.251354582767,0.613934637906,0.585637953872,0.580025652176,0.981944015084,0.303805936668,0.99996034228,0.569831016961,0.985534557252,0.111539215363,3.06447879811e-4,0.486911860287,0.864600108479,0.999888139111,0.0442639139344,0.226254638788,0.197250437093,0.186900999826,0.998830727011,0.312192031389,0.982249054372,0.363378104877,0.44863309654,0.927731966287,0.999943054121,0.97431958513,0.220090766674,0.0856324214532,0.426745880777,0.303851448498,0.80527774305,0.10573569628,0.999969048626
s12.Mural_Cells1,0.999999759456,-2.08860593141e-8,4.14924116999e-9,NA,NA,NA,NA,0.261677874286,0.775635956442,0.902973915057,0.970881866408,0.99429534295,0.370104338453,0.00240351295106,0.00329637890533,0.586195802624,0.999774277413,1.07495750204e-5,0.999940388036,0.967050735349,0.815644085205,0.479804639822,0.0290976076281,0.148891223576,0.880577318985,0.999146004181,0.899322857283,0.638722257487,0.258526790704,0.273043073066,0.987349242502,0.194270477893,0.999991904685,0.543142613812,0.392300240896,0.969596223801,0.999093968857,0.929579276999,6.8413764663e-4,0.0827393727989,0.870055700478,0.151914565227,0.941142275878,0.140156613095,0.999998903385
