gwas,specificity_id,annotation,tau,se,pvalue
BMI_UKBB_Loh2018,mousebrain190306,MEGLU10,2.17246030681191e-08,4.790845405455184e-09,2.885536418045807e-06
BMI_UKBB_Loh2018,mousebrain190306,DEINH3,2.2476638839133227e-08,5.026741103331791e-09,3.885211522235497e-06
BMI_UKBB_Loh2018,mousebrain190306,MEGLU1,2.085540184472364e-08,4.876877525763423e-09,9.497665901610893e-06
BMI_UKBB_Loh2018,mousebrain190306,MEINH2,2.5716057771753395e-08,6.017192636917154e-09,9.610048578319326e-06
BMI_UKBB_Loh2018,mousebrain190306,MEGLU11,2.3023478678518185e-08,5.593543447042628e-09,1.9268434501192166e-05
BMI_UKBB_Loh2018,mousebrain190306,DEGLU5,3.150117084653449e-08,7.779097410938962e-09,2.5667594232503166e-05
BMI_UKBB_Loh2018,mousebrain190306,TEGLU23,1.4691117303541777e-08,3.828533286423891e-09,6.220474047059261e-05
BMI_UKBB_Loh2018,mousebrain190306,TEINH12,1.6936787921942016e-08,4.532055597243544e-09,9.307394408044969e-05
BMI_UKBB_Loh2018,mousebrain190306,TEGLU17,1.6513174111315303e-08,4.452356190072519e-09,0.00010409647885383869
BMI_UKBB_Loh2018,mousebrain190306,DEGLU4,1.7000505647457402e-08,4.696199094192066e-09,0.00014726939642990383
BMI_UKBB_Loh2018,mousebrain190306,TEGLU4,1.791157957845466e-08,5.108196391272477e-09,0.000227072670010354
BMI_UKBB_Loh2018,mousebrain190306,HBSER5,1.655931847456573e-08,4.770675811283334e-09,0.00025920073829228767
BMI_UKBB_Loh2018,mousebrain190306,MEGLU3,2.4532324693134103e-08,7.292815932843231e-09,0.0003842428728114141
BMI_UKBB_Loh2018,mousebrain190306,TEGLU21,2.2244515279644145e-08,6.633883599385595e-09,0.0003994633622629806
BMI_UKBB_Loh2018,mousebrain190306,MEINH3,1.9057326701432405e-08,5.781367246687942e-09,0.0004897746202469254
BMI_UKBB_Loh2018,mousebrain190306,HBGLU2,1.9665254060070312e-08,5.9913219515450036e-09,0.0005148388769540226
BMI_UKBB_Loh2018,mousebrain190306,HBINH5,1.6194008709593774e-08,4.957809578754516e-09,0.0005446913870302701
BMI_UKBB_Loh2018,mousebrain190306,MEGLU2,2.4076996529149542e-08,7.392104732505422e-09,0.0005627376739159502
BMI_UKBB_Loh2018,mousebrain190306,TEINH1,1.7327209873237322e-08,5.396525804299417e-09,0.0006618109925471827
BMI_UKBB_Loh2018,mousebrain190306,DEINH5,2.3154027316600834e-08,7.349397534155987e-09,0.00081505104316691
BMI_UKBB_Loh2018,mousebrain190306,MEGLU7,1.6131519776930446e-08,5.1383778761623595e-09,0.0008464167986617437
BMI_UKBB_Loh2018,mousebrain190306,HBGLU3,1.999135019805569e-08,6.42648871732525e-09,0.0009329903293163556
BMI_UKBB_Loh2018,mousebrain190306,HBGLU5,1.704032850741211e-08,5.535357658813157e-09,0.0010403979796919703
BMI_UKBB_Loh2018,mousebrain190306,MEGLU8,2.1696556914687216e-08,7.100586518985255e-09,0.0011230509345898588
BMI_UKBB_Loh2018,mousebrain190306,MEINH13,1.850918873319589e-08,6.099474812421783e-09,0.001204456142224852
BMI_UKBB_Loh2018,mousebrain190306,HBINH3,2.1323679625637963e-08,7.358604122228922e-09,0.001879018621543705
BMI_UKBB_Loh2018,mousebrain190306,TEINH11,1.370249175973438e-08,4.744295784942516e-09,0.0019372454949593933
BMI_UKBB_Loh2018,mousebrain190306,HBCHO2,1.8402660779597452e-08,6.41125732554061e-09,0.002049978854624637
BMI_UKBB_Loh2018,mousebrain190306,TEGLU24,1.2385675408378509e-08,4.447073435798358e-09,0.0026753174579945108
BMI_UKBB_Loh2018,mousebrain190306,TEGLU10,1.1245733396770218e-08,4.039832693777511e-09,0.002687031027772049
BMI_UKBB_Loh2018,mousebrain190306,TEGLU19,1.4805467594723704e-08,5.3475774712860946e-09,0.0028146193989750986
BMI_UKBB_Loh2018,mousebrain190306,CBGRC,1.722654059604501e-08,6.2491479971990625e-09,0.002920088586779079
BMI_UKBB_Loh2018,mousebrain190306,HBGLU9,1.2026439712165702e-08,4.437167974999741e-09,0.003360243319470889
BMI_UKBB_Loh2018,mousebrain190306,MEINH7,1.5767583006730632e-08,5.836738373243828e-09,0.003452024370320373
BMI_UKBB_Loh2018,mousebrain190306,TEINH15,1.1969668461933432e-08,4.450540084163642e-09,0.0035780996954904187
BMI_UKBB_Loh2018,mousebrain190306,HBCHO4,1.9408503708276677e-08,7.240637665141091e-09,0.0036756519812186717
BMI_UKBB_Loh2018,mousebrain190306,TECHO,1.5469465997177588e-08,5.777659652193764e-09,0.0037091098343116414
BMI_UKBB_Loh2018,mousebrain190306,MEINH4,2.6507032428890323e-08,9.923021595136166e-09,0.0037782844042309046
BMI_UKBB_Loh2018,mousebrain190306,MEGLU6,1.3948925380598676e-08,5.248376310395901e-09,0.003933092736996025
BMI_UKBB_Loh2018,mousebrain190306,HBINH8,1.5130989133283948e-08,5.778084455243442e-09,0.004413457200370959
BMI_UKBB_Loh2018,mousebrain190306,HBNOR,2.4484664825176403e-08,9.360463472172309e-09,0.004451540645336043
BMI_UKBB_Loh2018,mousebrain190306,HBCHO3,1.7212607606426628e-08,6.607554728682733e-09,0.004593860031614118
BMI_UKBB_Loh2018,mousebrain190306,MEGLU9,1.3229636299947638e-08,5.092700051242513e-09,0.0046916387335118786
BMI_UKBB_Loh2018,mousebrain190306,HBINH9,1.5064044323659444e-08,5.852505421987307e-09,0.005027269918907306
BMI_UKBB_Loh2018,mousebrain190306,TEINH17,1.5808275626037403e-08,6.171805821829033e-09,0.005213019081031546
BMI_UKBB_Loh2018,mousebrain190306,DGGRC2,9.950313946689694e-09,3.90602054717365e-09,0.005425981023371826
BMI_UKBB_Loh2018,mousebrain190306,MSN1,9.133732823016327e-09,3.618831348386748e-09,0.005802297144311346
BMI_UKBB_Loh2018,mousebrain190306,TEGLU9,1.1632242935934204e-08,4.678412248950791e-09,0.006452766662711263
BMI_UKBB_Loh2018,mousebrain190306,SCINH8,1.6539262522154834e-08,6.706013887269184e-09,0.006825220580777239
BMI_UKBB_Loh2018,mousebrain190306,SCINH2,3.565981830267033e-08,1.4502993549597224e-08,0.006970303031402845
BMI_UKBB_Loh2018,mousebrain190306,SCINH10,1.8011121809203407e-08,7.331505172913188e-09,0.007011483969479274
BMI_UKBB_Loh2018,mousebrain190306,HBINH4,1.2180705602833432e-08,4.959680889883151e-09,0.007025724702591814
BMI_UKBB_Loh2018,mousebrain190306,TEGLU2,1.0449891825619482e-08,4.348758518087916e-09,0.008131487930678536
BMI_UKBB_Loh2018,mousebrain190306,DEGLU1,9.002035227621559e-09,3.75403499745068e-09,0.008243276013148327
BMI_UKBB_Loh2018,mousebrain190306,TEGLU3,9.928367737627608e-09,4.171052395483905e-09,0.008649208282969176
BMI_UKBB_Loh2018,mousebrain190306,HBINH2,1.5718223597796507e-08,6.671418398667697e-09,0.009235110300524471
BMI_UKBB_Loh2018,mousebrain190306,TEGLU6,1.110036726379999e-08,4.723451215907161e-09,0.009385334014687578
BMI_UKBB_Loh2018,mousebrain190306,TEINH18,1.0374014937745944e-08,4.493654223329183e-09,0.010483111531488924
BMI_UKBB_Loh2018,mousebrain190306,HBSER3,1.4036174995652375e-08,6.090524345805093e-09,0.010594711180329869
BMI_UKBB_Loh2018,mousebrain190306,TEGLU20,1.0908011923030483e-08,4.74790300764529e-09,0.010796903261189596
BMI_UKBB_Loh2018,mousebrain190306,HYPEP1,1.376590356787862e-08,5.9920097888830224e-09,0.010798645394909429
BMI_UKBB_Loh2018,mousebrain190306,MEGLU4,1.2024746709826886e-08,5.2740210732327934e-09,0.011303964212867106
BMI_UKBB_Loh2018,mousebrain190306,TEGLU11,9.707277653576129e-09,4.283308692694011e-09,0.01171640241564911
BMI_UKBB_Loh2018,mousebrain190306,HBINH7,1.3950494633804595e-08,6.1569980777824056e-09,0.01173197294217882
BMI_UKBB_Loh2018,mousebrain190306,TEINH19,9.829345733695514e-09,4.3428408070237e-09,0.011807224333483373
BMI_UKBB_Loh2018,mousebrain190306,OBNBL2,1.2922907058481972e-08,5.7112521401465286e-09,0.01182678745502132
BMI_UKBB_Loh2018,mousebrain190306,DEINH6,1.730209186769211e-08,7.646731189516727e-09,0.011827767197918806
BMI_UKBB_Loh2018,mousebrain190306,MEINH12,3.115741818683848e-08,1.3846293456168893e-08,0.012217006572059094
BMI_UKBB_Loh2018,mousebrain190306,TEINH4,1.2000772656077457e-08,5.366451870298138e-09,0.012667427410923993
BMI_UKBB_Loh2018,mousebrain190306,TEGLU5,9.186136663695123e-09,4.154360185045362e-09,0.013510866716079172
BMI_UKBB_Loh2018,mousebrain190306,PSNF1,1.1770621861694912e-08,5.355173284537088e-09,0.013974879114611616
BMI_UKBB_Loh2018,mousebrain190306,DECHO1,9.608081493216797e-09,4.416588285002938e-09,0.014798082590391722
BMI_UKBB_Loh2018,mousebrain190306,MEINH9,1.0645313947133396e-08,4.931294973608179e-09,0.015435720932414644
BMI_UKBB_Loh2018,mousebrain190306,TEGLU13,1.0013056776988522e-08,4.645942569411691e-09,0.015572071948061431
BMI_UKBB_Loh2018,mousebrain190306,TEINH9,1.2597875552501611e-08,5.849161401542968e-09,0.01562825361724113
BMI_UKBB_Loh2018,mousebrain190306,SCINH4,1.226121865308469e-08,5.711022026328827e-09,0.015899050054843756
BMI_UKBB_Loh2018,mousebrain190306,TEGLU15,9.601579670905691e-09,4.4894598532129696e-09,0.016230240090304632
BMI_UKBB_Loh2018,mousebrain190306,ENT8,1.5154336641151196e-08,7.11369878266213e-09,0.016573286880524483
BMI_UKBB_Loh2018,mousebrain190306,TEGLU18,9.692719292032927e-09,4.556844781594967e-09,0.016707211559602354
BMI_UKBB_Loh2018,mousebrain190306,HBGLU6,1.038240173934456e-08,4.8879442943315894e-09,0.016831581713344403
BMI_UKBB_Loh2018,mousebrain190306,OBINH5,1.8913556063437967e-08,8.950549494510648e-09,0.017295388162368256
BMI_UKBB_Loh2018,mousebrain190306,OBNBL1,1.1085489256036236e-08,5.2462983549392926e-09,0.017299887723195836
BMI_UKBB_Loh2018,mousebrain190306,HBINH6,1.4356678800960442e-08,6.803236245783089e-09,0.017417467960045098
BMI_UKBB_Loh2018,mousebrain190306,TEINH13,1.1100478619882534e-08,5.272813438572706e-09,0.01763569894615518
BMI_UKBB_Loh2018,mousebrain190306,TEINH3,2.1961138547627706e-08,1.0577449252552624e-08,0.018936686791957303
BMI_UKBB_Loh2018,mousebrain190306,HBGLU1,1.3188229927534496e-08,6.471953111684421e-09,0.020787412741207063
BMI_UKBB_Loh2018,mousebrain190306,TEGLU8,7.928669923988067e-09,3.916159176268302e-09,0.02145404271059157
BMI_UKBB_Loh2018,mousebrain190306,MEGLU14,1.1209833822124637e-08,5.587025068544468e-09,0.022406539197687127
BMI_UKBB_Loh2018,mousebrain190306,DEINH7,2.052503565954773e-08,1.0278065593159457e-08,0.02291397255967639
BMI_UKBB_Loh2018,mousebrain190306,MBCHO1,1.2655056906004092e-08,6.355258846656028e-09,0.023225427605330987
BMI_UKBB_Loh2018,mousebrain190306,MEINH6,1.2608236886346996e-08,6.334286126998574e-09,0.023269328860030757
BMI_UKBB_Loh2018,mousebrain190306,DGGRC1,8.679395398739745e-09,4.367069010976775e-09,0.023435463303581105
BMI_UKBB_Loh2018,mousebrain190306,PSPEP3,9.969126135130164e-09,5.1384162882625286e-09,0.02618276765750473
BMI_UKBB_Loh2018,mousebrain190306,HYPEP5,1.1459651911268418e-08,5.9777179663723115e-09,0.02761507076853051
BMI_UKBB_Loh2018,mousebrain190306,ENT9,8.403120833595308e-09,4.3901265210811625e-09,0.02780398571655617
BMI_UKBB_Loh2018,mousebrain190306,TEGLU12,7.388614479818559e-09,3.868359960180885e-09,0.02806582522411917
BMI_UKBB_Loh2018,mousebrain190306,DEINH1,8.460841255968355e-09,4.474961792113988e-09,0.02933173866775741
BMI_UKBB_Loh2018,mousebrain190306,HYPEP3,1.0027652072594084e-08,5.305881920387423e-09,0.029384837949887613
BMI_UKBB_Loh2018,mousebrain190306,MEGLU5,1.1321855692460756e-08,5.997658400241807e-09,0.029532267926295926
BMI_UKBB_Loh2018,mousebrain190306,SCGLU3,1.845697652067877e-08,9.833710163236787e-09,0.030265301612193925
BMI_UKBB_Loh2018,mousebrain190306,HBGLU7,8.636095254739308e-09,4.604947680436222e-09,0.03036921020814088
BMI_UKBB_Loh2018,mousebrain190306,TEINH16,8.059859678132128e-09,4.329104767272783e-09,0.031316743843355074
BMI_UKBB_Loh2018,mousebrain190306,PSPEP1,9.176966015854696e-09,4.9387888920392875e-09,0.03157449856582783
BMI_UKBB_Loh2018,mousebrain190306,TEINH2,9.620546464930072e-09,5.243519174894175e-09,0.033271374886525915
BMI_UKBB_Loh2018,mousebrain190306,TEINH5,1.0211831524235985e-08,5.605196566790692e-09,0.034238818042197534
BMI_UKBB_Loh2018,mousebrain190306,TEGLU7,7.128293211427546e-09,3.953259750552544e-09,0.03568286854441575
BMI_UKBB_Loh2018,mousebrain190306,SCINH3,2.701984090617193e-08,1.507949294835315e-08,0.03658035024936565
BMI_UKBB_Loh2018,mousebrain190306,DEINH4,9.172292179604806e-09,5.128055999649008e-09,0.03683568148584749
BMI_UKBB_Loh2018,mousebrain190306,MEINH10,9.24707779075371e-09,5.187953257886655e-09,0.037340914905984735
BMI_UKBB_Loh2018,mousebrain190306,DEINH2,1.3634496970533052e-08,7.782410329468025e-09,0.03989006281893434
BMI_UKBB_Loh2018,mousebrain190306,SCINH7,9.452262479927032e-09,5.406747989225085e-09,0.040211729151498
BMI_UKBB_Loh2018,mousebrain190306,CBINH1,9.181890295104865e-09,5.287303229920728e-09,0.04122957616352573
BMI_UKBB_Loh2018,mousebrain190306,MBDOP1,2.2742005728607862e-08,1.3328525827668272e-08,0.04397931564290671
BMI_UKBB_Loh2018,mousebrain190306,SEPNBL,1.1761147359694337e-08,6.904267591917486e-09,0.044240958817164534
BMI_UKBB_Loh2018,mousebrain190306,HBSER2,8.149898431675491e-09,4.825663238365902e-09,0.045622558876982536
BMI_UKBB_Loh2018,mousebrain190306,DEGLU3,6.57770887064531e-09,3.935484011825261e-09,0.04732283026564883
BMI_UKBB_Loh2018,mousebrain190306,MEINH11,1.1796632662162069e-08,7.35353370174967e-09,0.0543335805275518
BMI_UKBB_Loh2018,mousebrain190306,PSPEP2,7.380476384071274e-09,4.606733164337006e-09,0.054566048738972514
BMI_UKBB_Loh2018,mousebrain190306,SCGLU6,8.340983781931761e-09,5.296917543497257e-09,0.05766442940930245
BMI_UKBB_Loh2018,mousebrain190306,MSN2,5.831153763605371e-09,3.7334786744497125e-09,0.05916103068710266
BMI_UKBB_Loh2018,mousebrain190306,TEINH10,7.93173176154295e-09,5.0791900046810446e-09,0.059189531731844935
BMI_UKBB_Loh2018,mousebrain190306,MSN5,7.963916582947233e-09,5.123581212120655e-09,0.06004865886550721
BMI_UKBB_Loh2018,mousebrain190306,HBSER4,1.0057570508619292e-08,6.476196061741701e-09,0.060210865952035016
BMI_UKBB_Loh2018,mousebrain190306,SCGLU4,1.5607267086591832e-08,1.0053611984746496e-08,0.06028279791750987
BMI_UKBB_Loh2018,mousebrain190306,PSNP5,8.424915423735609e-09,5.530086929102423e-09,0.06382071846404913
BMI_UKBB_Loh2018,mousebrain190306,TEINH20,8.8929268302447e-09,5.865404687313302e-09,0.06473869863879901
BMI_UKBB_Loh2018,mousebrain190306,PSNP6,6.716264889184591e-09,4.478687093662344e-09,0.06685827951797732
BMI_UKBB_Loh2018,mousebrain190306,TEINH7,9.801616205238491e-09,6.546659938918926e-09,0.06717146807430859
BMI_UKBB_Loh2018,mousebrain190306,TEINH8,1.217024645895786e-08,8.132555118704572e-09,0.06726366156135853
BMI_UKBB_Loh2018,mousebrain190306,TEGLU1,6.451863801236996e-09,4.320424455319985e-09,0.06767407036537036
BMI_UKBB_Loh2018,mousebrain190306,SCINH9,1.2321749621330984e-08,8.578207339052372e-09,0.07544406772782476
BMI_UKBB_Loh2018,mousebrain190306,MSN4,6.8878627335005686e-09,4.800035622472793e-09,0.07564914081668908
BMI_UKBB_Loh2018,mousebrain190306,TEINH14,6.517947864690831e-09,4.632405918826212e-09,0.07970880604044472
BMI_UKBB_Loh2018,mousebrain190306,HBCHO1,1.444778480786669e-08,1.0299630116598344e-08,0.08034600982852791
BMI_UKBB_Loh2018,mousebrain190306,SCGLU1,9.284697015844636e-09,6.67422188166084e-09,0.0820933059930899
BMI_UKBB_Loh2018,mousebrain190306,HYPEP4,8.989955698419976e-09,6.531598650720822e-09,0.08435215168684151
BMI_UKBB_Loh2018,mousebrain190306,HYPEP2,8.39853892003855e-09,6.147052198564448e-09,0.08592696586286375
BMI_UKBB_Loh2018,mousebrain190306,TEGLU22,5.107135881571769e-09,3.7897995303507945e-09,0.0888934489195648
BMI_UKBB_Loh2018,mousebrain190306,ENT1,1.5582506144521303e-08,1.1609581665450108e-08,0.08976382435140551
BMI_UKBB_Loh2018,mousebrain190306,MEINH14,2.685207630832612e-08,2.0089577569220637e-08,0.09067379956690767
BMI_UKBB_Loh2018,mousebrain190306,PSPEP4,5.706720816781688e-09,4.318076276736468e-09,0.09315257397612142
BMI_UKBB_Loh2018,mousebrain190306,SCGLU2,2.1025534502451516e-08,1.6082187041236298e-08,0.09554179243834597
BMI_UKBB_Loh2018,mousebrain190306,HBADR,7.468257366114853e-09,5.7126731048964415e-09,0.09555305049277556
BMI_UKBB_Loh2018,mousebrain190306,DEINH8,9.877962059348398e-09,7.58743037390444e-09,0.0964778444336537
BMI_UKBB_Loh2018,mousebrain190306,MEINH8,9.549055241496994e-09,7.356820837372632e-09,0.09714596103720567
BMI_UKBB_Loh2018,mousebrain190306,SCINH5,7.836360550866981e-09,6.145520902772192e-09,0.10113096893481316
BMI_UKBB_Loh2018,mousebrain190306,DECHO2,6.5069388517071034e-09,5.266746824715408e-09,0.10832671741271176
BMI_UKBB_Loh2018,mousebrain190306,PSNF3,6.773190807380003e-09,5.527225325693344e-09,0.11020788252986836
BMI_UKBB_Loh2018,mousebrain190306,PSNF2,6.855780262699635e-09,5.761007503445697e-09,0.1170170104553982
BMI_UKBB_Loh2018,mousebrain190306,SCINH11,7.508186326051623e-09,6.337336347110609e-09,0.11805730820380765
BMI_UKBB_Loh2018,mousebrain190306,DEGLU2,5.095963613274318e-09,4.309314584631736e-09,0.11849452140205635
BMI_UKBB_Loh2018,mousebrain190306,HBSER1,6.097871297952637e-09,5.22263678580664e-09,0.12148714329102855
BMI_UKBB_Loh2018,mousebrain190306,MEINH1,7.3449044088859305e-09,6.341798095963435e-09,0.12339655866317754
BMI_UKBB_Loh2018,mousebrain190306,HYPEP7,7.564401028360696e-09,6.617136835427951e-09,0.1264874984195795
BMI_UKBB_Loh2018,mousebrain190306,SCGLU10,6.622823868847427e-09,5.79385259393785e-09,0.12650315991388522
BMI_UKBB_Loh2018,mousebrain190306,HBGLU10,5.090425481869823e-09,4.484314472822306e-09,0.12815362605583275
BMI_UKBB_Loh2018,mousebrain190306,HBGLU8,6.441855355749193e-09,5.74795210519453e-09,0.13120314522302073
BMI_UKBB_Loh2018,mousebrain190306,SCGLU7,8.571538979009353e-09,7.902366455937605e-09,0.1390317007730046
BMI_UKBB_Loh2018,mousebrain190306,TEGLU16,5.057044056694823e-09,4.693166599483479e-09,0.14062100482706175
BMI_UKBB_Loh2018,mousebrain190306,OBINH4,5.444916278151004e-09,5.173080357444507e-09,0.1462740605345207
BMI_UKBB_Loh2018,mousebrain190306,PSPEP5,6.109670585652066e-09,5.882214119327062e-09,0.14947946520126698
BMI_UKBB_Loh2018,mousebrain190306,CBINH2,6.221838653579583e-09,6.1426027565931795e-09,0.15555410724035612
BMI_UKBB_Loh2018,mousebrain190306,OBDOP1,5.879332631394541e-09,5.811319807834234e-09,0.15583991903994038
BMI_UKBB_Loh2018,mousebrain190306,OBINH1,6.278433725324421e-09,6.325264320933982e-09,0.16045337341012875
BMI_UKBB_Loh2018,mousebrain190306,SCINH1,6.349813015072947e-09,6.450245995102339e-09,0.16245216774175547
BMI_UKBB_Loh2018,mousebrain190306,TEINH21,5.039974011788778e-09,5.170173479423602e-09,0.16482547294395455
BMI_UKBB_Loh2018,mousebrain190306,HBGLU4,5.441379667976198e-09,5.934879558032315e-09,0.17961127091002133
BMI_UKBB_Loh2018,mousebrain190306,CBNBL1,5.114124846121911e-09,5.849755919288365e-09,0.1909921903456407
BMI_UKBB_Loh2018,mousebrain190306,PSPEP8,4.254514092801233e-09,5.6146114616248534e-09,0.22429807679818875
BMI_UKBB_Loh2018,mousebrain190306,MSN3,2.400923753578557e-09,3.555502268535774e-09,0.2497521436681947
BMI_UKBB_Loh2018,mousebrain190306,TEINH6,3.5583480004291438e-09,5.446259901513535e-09,0.2567633151429822
BMI_UKBB_Loh2018,mousebrain190306,OBNBL5,3.727843004337786e-09,5.779867949756271e-09,0.25947322536712225
BMI_UKBB_Loh2018,mousebrain190306,MBDOP2,2.9692543035744765e-09,4.643705296177895e-09,0.26127653300974746
BMI_UKBB_Loh2018,mousebrain190306,MEINH5,2.9933789231577227e-09,4.7409671655239e-09,0.26389417841012663
BMI_UKBB_Loh2018,mousebrain190306,HBINH1,3.67301395302568e-09,6.459889285094185e-09,0.2848179679568512
BMI_UKBB_Loh2018,mousebrain190306,SCGLU9,3.072954407197589e-09,5.8768813413560045e-09,0.3005258802328216
BMI_UKBB_Loh2018,mousebrain190306,TEGLU14,2.493804552097029e-09,4.929295299141887e-09,0.3064581522435882
BMI_UKBB_Loh2018,mousebrain190306,OBINH3,2.4755774761220005e-09,5.219792114981175e-09,0.317654601304819
BMI_UKBB_Loh2018,mousebrain190306,SCINH6,2.036273657394873e-09,4.630502765145802e-09,0.3300583050151129
BMI_UKBB_Loh2018,mousebrain190306,SCGLU5,1.9070853986286488e-09,5.037166506556029e-09,0.3524914172290299
BMI_UKBB_Loh2018,mousebrain190306,SCGLU8,2.52015260198537e-09,7.742163867088331e-09,0.3723975166051156
BMI_UKBB_Loh2018,mousebrain190306,DGNBL2,1.2685999315130476e-09,4.38761845372225e-09,0.386240267545005
BMI_UKBB_Loh2018,mousebrain190306,SYNOR2,1.6013520836713647e-09,5.611166805743712e-09,0.3876739680387973
BMI_UKBB_Loh2018,mousebrain190306,NFOL1,9.940162480429751e-10,4.004727161083954e-09,0.4019856827635725
BMI_UKBB_Loh2018,mousebrain190306,PSNP1,1.0011610621119847e-09,4.1839352324365994e-09,0.40544154553892864
BMI_UKBB_Loh2018,mousebrain190306,MSN6,1.3611047386757173e-09,6.157729409954946e-09,0.4125306293066747
BMI_UKBB_Loh2018,mousebrain190306,OBINH2,9.374154164228359e-10,4.356975785264004e-09,0.41482410565401695
BMI_UKBB_Loh2018,mousebrain190306,OBNBL4,1.2654244933157176e-09,6.450108080729872e-09,0.42223207498251225
BMI_UKBB_Loh2018,mousebrain190306,ENT5,9.67738847851062e-10,5.0287848394962984e-09,0.4236988206688214
BMI_UKBB_Loh2018,mousebrain190306,HYPEP6,7.974174675092463e-10,4.849087044691344e-09,0.4346896616384004
BMI_UKBB_Loh2018,mousebrain190306,SYCHO2,8.689347003255876e-10,7.837428607379462e-09,0.4558597687823712
BMI_UKBB_Loh2018,mousebrain190306,NFOL2,4.5438161662245237e-10,4.1751299270102745e-09,0.4566684527821074
BMI_UKBB_Loh2018,mousebrain190306,CBNBL2,4.071492012856797e-10,5.389403220991653e-09,0.4698900503665256
BMI_UKBB_Loh2018,mousebrain190306,CR,3.1019235555077303e-10,5.492131117225085e-09,0.4774799466839838
BMI_UKBB_Loh2018,mousebrain190306,PSNP2,-3.594521152396388e-10,4.542457726636662e-09,0.5315360400819565
BMI_UKBB_Loh2018,mousebrain190306,SZNBL,-6.151628543152176e-10,4.835547378984063e-09,0.5506155947541304
BMI_UKBB_Loh2018,mousebrain190306,ENT6,-6.063783319143101e-10,4.072753349748759e-09,0.5591784360079057
BMI_UKBB_Loh2018,mousebrain190306,PSPEP7,-1.2000798826076984e-09,4.966831215582852e-09,0.5954622299172143
BMI_UKBB_Loh2018,mousebrain190306,PSPEP6,-1.3183008769470944e-09,4.858228991624675e-09,0.6069406908055753
BMI_UKBB_Loh2018,mousebrain190306,MFOL2,-1.2079133150517728e-09,4.188713295729722e-09,0.6134695200852267
BMI_UKBB_Loh2018,mousebrain190306,PSNP4,-1.658774443133354e-09,5.201254384172227e-09,0.6251057108994476
BMI_UKBB_Loh2018,mousebrain190306,OBNBL3,-2.634576318065273e-09,6.829931485944313e-09,0.6501553034574303
BMI_UKBB_Loh2018,mousebrain190306,ENT3,-1.6709241654352284e-09,3.729633914887665e-09,0.6729280623954355
BMI_UKBB_Loh2018,mousebrain190306,DGNBL1,-2.4300394759026772e-09,5.407020265212962e-09,0.6734367424797276
BMI_UKBB_Loh2018,mousebrain190306,OBDOP2,-2.702025030824127e-09,5.778378241787302e-09,0.6799680941034613
BMI_UKBB_Loh2018,mousebrain190306,SYNOR1,-2.467928589172399e-09,5.0376798860946645e-09,0.6878955060983252
BMI_UKBB_Loh2018,mousebrain190306,MOL2,-1.9208538888109554e-09,3.5318448013177777e-09,0.7067335055358841
BMI_UKBB_Loh2018,mousebrain190306,OPC,-2.134220388186461e-09,3.756336457779424e-09,0.7150386668065372
BMI_UKBB_Loh2018,mousebrain190306,COP2,-2.543228700430936e-09,4.222478000112056e-09,0.7265151496435609
BMI_UKBB_Loh2018,mousebrain190306,ENT2,-2.4879579273921285e-09,3.9676505843188e-09,0.7346902909148595
BMI_UKBB_Loh2018,mousebrain190306,ENT7,-3.1793168393113417e-09,5.044422210945054e-09,0.7357390066808659
BMI_UKBB_Loh2018,mousebrain190306,SYNOR5,-3.5759631580383165e-09,5.6248168619022185e-09,0.7375294886378111
BMI_UKBB_Loh2018,mousebrain190306,MOL1,-2.5611395674044223e-09,3.9610247266774295e-09,0.7410497479280104
BMI_UKBB_Loh2018,mousebrain190306,HYPEP8,-4.25290220485236e-09,6.141485126122477e-09,0.7556844101805731
BMI_UKBB_Loh2018,mousebrain190306,PSNP3,-3.288059240853486e-09,4.060239880849638e-09,0.7909778832748733
BMI_UKBB_Loh2018,mousebrain190306,SYCHO1,-4.2765171124298776e-09,5.212318427367007e-09,0.7940240407093155
BMI_UKBB_Loh2018,mousebrain190306,ENT4,-3.931951424139296e-09,4.561741580884967e-09,0.8056399664073977
BMI_UKBB_Loh2018,mousebrain190306,MFOL1,-2.872923852226041e-09,3.265065823480422e-09,0.8105426299288107
BMI_UKBB_Loh2018,mousebrain190306,RGSZ,-5.0682451981659394e-09,4.687393434172056e-09,0.8602070886209354
BMI_UKBB_Loh2018,mousebrain190306,ACNT2,-4.064709348281249e-09,3.7454502616684755e-09,0.8610921309718265
BMI_UKBB_Loh2018,mousebrain190306,CBPC,-5.6385011864666145e-09,4.799115723066168e-09,0.8799834760720551
BMI_UKBB_Loh2018,mousebrain190306,MGL1,-7.1303814932197825e-09,5.3916130248127394e-09,0.9069983203568814
BMI_UKBB_Loh2018,mousebrain190306,DETPH,-8.273592261825356e-09,6.169309357860013e-09,0.9100542036085078
BMI_UKBB_Loh2018,mousebrain190306,ACNT1,-5.100277135604666e-09,3.780049340584837e-09,0.9113735952845912
BMI_UKBB_Loh2018,mousebrain190306,MOL3,-5.24891457321122e-09,3.755984864799838e-09,0.9188653953671042
BMI_UKBB_Loh2018,mousebrain190306,COP1,-5.676979671454854e-09,4.033017319886854e-09,0.9203790643415516
BMI_UKBB_Loh2018,mousebrain190306,MGL2,-7.654837708263601e-09,5.280354627365041e-09,0.9264264612897772
BMI_UKBB_Loh2018,mousebrain190306,VSMCA,-6.200715843165944e-09,4.212831751359428e-09,0.9294712110547226
BMI_UKBB_Loh2018,mousebrain190306,ACOB,-5.448612583386591e-09,3.395207934436617e-09,0.9457305323118148
BMI_UKBB_Loh2018,mousebrain190306,SYNOR3,-7.2040931522590785e-09,4.0103052819186e-09,0.9637841565105238
BMI_UKBB_Loh2018,mousebrain190306,ACMB,-7.3453002075454815e-09,3.8026738339388694e-09,0.9732964523254768
BMI_UKBB_Loh2018,mousebrain190306,SYNOR4,-8.89906600427615e-09,4.478727589752312e-09,0.9765367513437321
BMI_UKBB_Loh2018,mousebrain190306,OEC,-7.996136016869313e-09,3.9518837031705086e-09,0.9784826632066648
BMI_UKBB_Loh2018,mousebrain190306,ACTE2,-7.3671317376389865e-09,3.640688728451148e-09,0.9784919901361478
BMI_UKBB_Loh2018,mousebrain190306,MGL3,-1.0535207075665228e-08,5.167109525166461e-09,0.9792698744546048
BMI_UKBB_Loh2018,mousebrain190306,EPEN,-7.0432762657339275e-09,3.395358106207514e-09,0.9809781653528556
BMI_UKBB_Loh2018,mousebrain190306,ACTE1,-7.784883648010351e-09,3.6499965102825897e-09,0.9835313552058572
BMI_UKBB_Loh2018,mousebrain190306,ACBG,-9.645388054204784e-09,4.331952458126165e-09,0.9870119304910364
BMI_UKBB_Loh2018,mousebrain190306,EPSC,-8.35443120447734e-09,3.6821048430650495e-09,0.98836365119026
BMI_UKBB_Loh2018,mousebrain190306,PVM2,-1.25585244852671e-08,5.469270843202008e-09,0.9891676961771544
BMI_UKBB_Loh2018,mousebrain190306,PVM1,-1.2125832151109857e-08,5.1389620548291375e-09,0.9908523744335498
BMI_UKBB_Loh2018,mousebrain190306,RGDG,-1.1234612555392778e-08,4.33309983152313e-09,0.9952393000014164
BMI_UKBB_Loh2018,mousebrain190306,ENTG1,-9.909171572387417e-09,3.783343214598881e-09,0.9955926374147368
BMI_UKBB_Loh2018,mousebrain190306,HYPEN,-1.0010549416518729e-08,3.8215228277322346e-09,0.9955972990652826
BMI_UKBB_Loh2018,mousebrain190306,SCHW,-1.4836082044295892e-08,5.636735314965778e-09,0.9957562383226602
BMI_UKBB_Loh2018,mousebrain190306,ENTG2,-1.1159886434587848e-08,3.9159083486762156e-09,0.9978132444839458
BMI_UKBB_Loh2018,mousebrain190306,VECA,-1.1228113115876418e-08,3.85053459892955e-09,0.9982271799487468
BMI_UKBB_Loh2018,mousebrain190306,VLMC1,-1.389266748320589e-08,4.708369824340669e-09,0.9984143783584594
BMI_UKBB_Loh2018,mousebrain190306,ABC,-1.2200853857744627e-08,4.075599135891775e-09,0.9986216197839874
BMI_UKBB_Loh2018,mousebrain190306,ENTG4,-1.1256149757186508e-08,3.73905507092974e-09,0.99869559378321
BMI_UKBB_Loh2018,mousebrain190306,ENTG3,-1.2778352676601622e-08,4.0888662366408435e-09,0.9991114518384364
BMI_UKBB_Loh2018,mousebrain190306,VECV,-1.3753184858643201e-08,4.222156508658232e-09,0.9994377788763606
BMI_UKBB_Loh2018,mousebrain190306,ENTG5,-1.2912833545913053e-08,3.8863835846619934e-09,0.9995540599568784
BMI_UKBB_Loh2018,mousebrain190306,EPMB,-1.3019708504073816e-08,3.871553910443385e-09,0.9996143801101186
BMI_UKBB_Loh2018,mousebrain190306,ENTG6,-1.3380061092109207e-08,3.907256897802231e-09,0.999691935392946
BMI_UKBB_Loh2018,mousebrain190306,ENTG7,-1.322985791758396e-08,3.692238518152449e-09,0.9998302646056058
BMI_UKBB_Loh2018,mousebrain190306,VECC,-1.4424546574790782e-08,3.9980194075885426e-09,0.9998456710306612
BMI_UKBB_Loh2018,mousebrain190306,SATG2,-1.5728929975433813e-08,4.172643858494066e-09,0.9999182242416641
BMI_UKBB_Loh2018,mousebrain190306,VLMC2,-1.6153124739199332e-08,3.825860110703087e-09,0.9999878976153876
BMI_UKBB_Loh2018,mousebrain190306,CHOR,-1.3826027709574816e-08,3.263515295260696e-09,0.9999886507014091
BMI_UKBB_Loh2018,mousebrain190306,PER2,-1.604137121782821e-08,3.6863352121743674e-09,0.9999932419056003
BMI_UKBB_Loh2018,mousebrain190306,SATG1,-2.096079069256022e-08,4.631624434743425e-09,0.999996988507057
BMI_UKBB_Loh2018,mousebrain190306,PER1,-1.6614717563532875e-08,3.42924510549761e-09,0.9999993669648762
BMI_UKBB_Loh2018,mousebrain190306,PER3,-2.0910476201009802e-08,4.0877790393642215e-09,0.9999998434314384
BMI_UKBB_Loh2018,mousebrain190306,ENMFB,-2.2291949260602963e-08,4.0501814003146e-09,0.9999999814300402
