annotation,r.squared,adj.r.squared,sigma,statistic,p.value,df,logLik,AIC,BIC,deviance,df.residual,estimate,std.error,p.value.orig,fdr_significant
Brain_Non-Myeloid.neuron,0.004214748062155291,0.004139628474652435,2.2072552015637603,56.10717793138987,3.648218124931847e-14,2,-29308.305228078476,58622.61045615695,58645.087525425355,64582.907557150145,13256,0.5948206967706365,0.07941030403392926,7.296436249863694e-14,TRUE
Pancreas.type_B_pancreatic_cell,0.0010225254238364324,9.471650229179174e-4,2.21079030720122,13.568471125063715,1.1546576949938037e-4,2,-29329.52204915959,58665.04409831918,58687.52116758758,64789.943179691436,13256,0.31530443426553373,0.0855981978047281,2.3093153899876075e-4,TRUE
Brain_Non-Myeloid.oligodendrocyte_precursor_cell,9.681111047023531e-4,8.927465989015948e-4,2.210850517273145,12.845716885098721,1.6973335102090005e-4,2,-29329.883121062678,58665.766242125355,58688.24331139376,64793.472288940226,13256,0.30537716411799665,0.08520349009786754,3.394667020418001e-4,TRUE
Pancreas.pancreatic_A_cell,9.035370930073606e-4,8.281677159021061e-4,2.210921967034601,11.988119415472854,2.685484717332668e-4,2,-29330.311583151502,58666.623166303005,58689.10023557141,64797.66031785487,13256,0.31006229851356465,0.08955161696534153,5.370969434665336e-4,TRUE
Brain_Non-Myeloid.oligodendrocyte,7.530925533356097e-4,6.777118270646643e-4,2.211088421741078,9.990518672232861,7.885119677516164e-4,2,-29331.30970676745,58668.6194135349,58691.0964828033,64807.41758808878,13256,0.2935558469959242,0.0928745488398548,0.0015770239355032327,FALSE
Pancreas.pancreatic_PP_cell,6.011537784662355e-4,5.257615903083712e-4,2.211256516980511,7.973687899957787,0.0023766466771981743,2,-29332.317591370014,58670.63518274003,58693.11225200843,64817.27176882969,13256,0.30148658703541537,0.10676732921396899,0.004753293354396349,FALSE
Brain_Non-Myeloid.brain_pericyte,4.3449171278737856e-4,3.590869520536666e-4,2.2114408864228032,5.762125740591816,0.008194473688197482,2,-29333.422966594393,58672.845933188786,58695.32300245719,64828.08084715263,13256,0.2682381458479094,0.11174527608618941,0.016388947376394965,FALSE
Brain_Non-Myeloid.astrocyte,4.149426742090185e-4,3.395364387439592e-4,2.211462511484628,5.502763420684068,0.00950055109645895,2,-29333.55261223387,58673.10522446774,58695.582293736144,64829.34872468836,13256,0.21719908796708276,0.09259074456116533,0.0190011021929179,FALSE
Pancreas.pancreatic_D_cell,2.1873404139328094e-4,1.433130044320441e-4,2.2116795449135744,2.900172819230822,0.044296749260912045,2,-29334.853691496803,58675.707382993605,58698.18445226201,64842.07408286211,13256,0.15263051431692268,0.08962505365594868,0.08859349852182409,FALSE
Marrow.common_lymphoid_progenitor,1.937698079680417e-4,1.1834688776646285e-4,2.211707157223208,2.569110390451367,0.05449641085407517,2,-29335.019213539417,58676.038427078835,58698.51549634724,64843.6931696847,13256,0.15380202434864834,0.09595567590228452,0.10899282170815033,FALSE
Tongue.basal_cell_of_epidermis,1.8528571202943608e-4,1.0986215180863734e-4,2.211716541189489,2.456602572018934,0.058527769955198906,2,-29335.075465272665,58676.15093054533,58698.62799981373,64844.24341641977,13256,0.13523911115207252,0.08628491122928589,0.11705553991039781,FALSE
Marrow.Slamf1-negative_multipotent_progenitor_cell,1.71452067222608e-4,9.602746342562973e-5,2.2117318420221204,2.273158340799546,0.06582761831242791,2,-29335.16718486401,58676.33436972802,58698.811438996425,64845.14061488902,13256,0.14164483563688327,0.09394764555954527,0.13165523662485581,FALSE
Marrow.megakaryocyte-erythroid_progenitor_cell,1.6509905630871188e-4,8.967397325621018e-5,2.21173886879398,2.1889144781429666,0.06951550764706817,2,-29335.209306061333,58676.41861212267,58698.89568139107,64845.55264741888,13256,0.16059103979421932,0.10854427274212772,0.13903101529413633,FALSE
Pancreas.pancreatic_acinar_cell,1.4891924229626984e-4,7.349293867853213e-5,2.2117567644379177,1.9743674971910492,0.08000423627468972,2,-29335.316578891234,58676.63315778247,58699.11022705087,64846.60200964897,13256,0.18079717610352053,0.12867010235777626,0.16000847254937944,FALSE
Heart.smooth_muscle_cell,1.4473319538307013e-4,6.930657598025469e-5,2.211761394381348,1.918860960876341,0.08300279523700911,2,-29335.344332271146,58676.68866454229,58699.165733810696,64846.873500997426,13256,0.18260869323072015,0.13182558127550462,0.16600559047401822,FALSE
Brain_Non-Myeloid.Bergmann_glial_cell,1.1326284794760166e-4,3.783385449918075e-5,2.211796201595024,1.5015823858908617,0.1102249088625889,2,-29335.552976118957,58677.105952237915,58699.58302150632,64848.91455004416,13256,0.14168466294514265,0.115624071640499,0.2204498177251778,FALSE
Marrow.Slamf1-positive_multipotent_progenitor_cell,8.081867407821168e-5,5.387233121156854e-6,2.2118320853185285,1.0714189342384215,0.15032202207573028,2,-29335.768069420377,58677.536138840755,58700.01320810916,64851.018757831625,13256,0.10463677672651844,0.10108918483840613,0.30064404415146057,FALSE
Marrow.granulocyte_monocyte_progenitor_cell,4.156951511494543e-5,-3.3864886701984176e-5,2.2118754946754327,0.5510684000099003,0.22894731401544988,2,-29336.028268017788,58678.056536035576,58700.53360530398,64853.56431150406,13256,0.08200242521404048,0.11046480819948178,0.45789462803089975,FALSE
Large_Intestine.enteroendocrine_cell,2.232998688646493e-5,-5.310586631313008e-5,2.211896773178132,0.29601291613151454,0.2932009896535176,2,-29336.155810925386,58678.31162185077,58700.788691119174,64854.81211535595,13256,0.06759503472825924,0.12423943418260645,0.5864019793070352,FALSE
Thymus.immature_T_cell,1.809338603187828e-5,-5.7342786766501064e-5,2.2119014587396775,0.2398502649420119,0.31216119329435305,2,-29336.1838959201,58678.3677918402,58700.844861108606,64855.08688544399,13256,0.059055578240585965,0.12058431620511731,0.6243223865887061,FALSE
Marrow.late_pro-B_cell,1.405356024497783e-5,-6.138291730772849e-5,2.21190592666428,0.18629661273809664,0.33301198781271296,2,-29336.21067635569,58678.42135271138,58700.898421979786,64855.34889343701,13256,0.04348227774026347,0.10074182322352615,0.6660239756254259,FALSE
Marrow.basophil,4.2226006792813586e-6,-7.121461849690647e-5,2.2119167993692224,0.055975030964757456,0.40648910089980983,2,-29336.27584638219,58678.55169276438,58701.02876203278,64855.986492710144,13256,0.038013777997518275,0.16067335522495335,0.8129782017996197,FALSE
Marrow.macrophage,2.16666297073119e-6,-7.327071130025509e-5,2.211919073159233,0.02872134656949074,0.4327133083031641,2,-29336.28947523679,58678.57895047358,58701.05601974198,64856.11983314144,13256,0.020552304118323733,0.12127132396310185,0.8654266166063282,FALSE
Skin.keratinocyte_stem_cell,9.722520139714454e-7,-7.44652123605416e-5,2.211920394131889,0.012888185227769525,0.4548075784168129,2,-29336.29739299945,58678.5947859989,58701.071855267306,64856.19729816943,13256,0.010852545869877354,0.09559512503477098,0.9096151568336258,FALSE
Limb_Muscle.skeletal_muscle_satellite_stem_cell,8.205035095038753e-7,-7.46169723124801e-5,2.2119205619598516,0.01087660344627467,0.45847001641980145,2,-29336.298398941188,58678.596797882376,58701.07386715078,64856.20714000994,13256,0.013651251678102114,0.13089583447626574,0.9169400328396029,FALSE
Bladder.bladder_cell,5.055836034335763e-7,-7.493191597540694e-5,2.211920910249018,0.006702019635546724,0.4673773080556465,2,-29336.30048654663,58678.60097309326,58701.07804236166,64856.22756453736,13256,0.007675584029467912,0.09375805353708143,0.934754616111293,FALSE
Skin.stem_cell_of_epidermis,2.0763230736150068e-7,-7.522988974817402e-5,2.211921239771511,0.0027523744378659086,0.4790802528422544,2,-29336.302461666473,58678.60492333295,58701.08199260135,64856.24688854419,13256,0.0060422117899115975,0.1151707476359605,0.9581605056845088,FALSE
Limb_Muscle.skeletal_muscle_satellite_cell,1.890953829738373e-7,-7.524842807082877e-5,2.2119212602726233,0.0025066488706969154,0.48003509693366686,2,-29336.30258454777,58678.60516909554,58701.082238363946,64856.24809077978,13256,0.005458604724924286,0.10902720920359323,0.9600701938673337,FALSE
Large_Intestine.large_intestine_goblet_cell,3.175071311827294e-8,-7.540578461040504e-5,2.2119214342896596,4.208874664593033e-4,0.4918162113391055,2,-29336.3036275857,58678.6072551714,58701.084324439806,64856.25829556666,13256,0.0018655020538607169,0.09093116074737417,0.983632422678211,FALSE
Mammary_Gland.basal_cell,3.3464582679415726e-9,-7.543419100808357e-5,2.2119214657036506,4.436065094828455e-5,0.4973429628948648,2,-29336.30381587752,58678.60763175504,58701.08470102344,64856.2601377604,13256,6.083225229033886e-4,0.09133451798961989,0.9946859257897296,FALSE
Large_Intestine.epithelial_cell_of_large_intestine,3.359650777369036e-10,-7.543720172842328e-5,2.211921469033138,4.453553071976633e-6,0.49915811093444096,2,-29336.30383583408,58678.60767166816,58701.08474093656,64856.26033300973,13256,1.8426171265713466e-4,0.08731357840680472,0.9983162218688819,FALSE
Heart.unknown_cell_type,1.0022510269728339e-8,-7.542751445233087e-5,2.2119214583201994,1.328583974670935e-4,0.5045981884147431,2,-29336.30377162196,58678.60754324392,58701.08461251232,64856.25970477664,13256,-0.0015665749286068488,0.1359116443803895,0.9908036231705137,FALSE
Marrow.granulocytopoietic_cell,4.067809634024129e-7,-7.503072606884764e-5,2.211921019520883,0.005392290644343569,0.529268355774443,2,-29336.30114150963,58678.60228301926,58701.07935228766,64856.2339725071,13256,-0.00824641137428137,0.11229963626136917,0.941463288451114,FALSE
Tongue.keratinocyte,1.290633679000671e-6,-7.414680667761075e-5,2.2119200420140697,0.01710866212984844,0.5520322795465331,2,-29336.295282445008,58678.590564890015,58701.06763415842,64856.176649125264,13256,-0.012549137976938815,0.0959413597924822,0.8959354409069339,FALSE
Marrow.pre-natural_killer_cell,6.837546788091111e-6,-6.859947512305453e-5,2.211913907333506,0.09063913997229617,0.6183145447297218,2,-29336.25851180857,58678.51702361714,58700.99409288554,64855.8168970845,13256,-0.04081143047918536,0.1355576181756795,0.7633709105405564,FALSE
Spleen.macrophage,1.2742073599145974e-5,-6.269450288898248e-5,2.2119073771267312,0.16891107990769091,0.6594559862471474,2,-29336.219370317147,58678.438740634294,58700.9158099027,64855.43395155637,13256,-0.06843958905165635,0.16652457114222782,0.6810880275057053,FALSE
Marrow.hematopoietic_precursor_cell,1.4211345522728806e-5,-6.122512012707304e-5,2.2119057521587258,0.18838827350014017,0.6678657469242508,2,-29336.209630382302,58678.419260764604,58700.89633003301,64855.33866007396,13256,-0.04452443889357395,0.10258208503708431,0.6642685061514985,FALSE
Marrow.immature_B_cell,1.643522841402539e-5,-5.900106947165362e-5,2.211903292612725,0.21786896858258353,0.6796619261769761,2,-29336.194888036716,58678.38977607343,58700.866845341836,64855.19442734616,13256,-0.055979449705241956,0.11993085676113378,0.6406761476460479,FALSE
Mammary_Gland.luminal_epithelial_cell_of_mammary_gland,2.3557603079770105e-5,-5.1878157511398015e-5,2.2118954154672488,0.3122869431572864,0.7118551778624235,2,-29336.147672870928,58678.295345741855,58700.77241501026,64854.732496760495,13256,-0.0542034210430159,0.09699509764065944,0.5762896442751531,FALSE
Marrow.naive_B_cell,2.847063336070169e-5,-4.696475660348476e-5,2.2118899817779933,0.3774174611436218,0.7305004191002564,2,-29336.115103545926,58678.23020709185,58700.707276360255,64854.413855989464,13256,-0.09211243720924335,0.14993646901930338,0.538999161799487,FALSE
Heart.myofibroblast_cell,3.2864545792164104e-5,-4.257051270606382e-5,2.211885122208856,0.43566673701035596,0.7453835727658613,2,-29336.085975407135,58678.17195081427,58700.649020082674,64854.12888326083,13256,-0.07525789072997761,0.1140183732892983,0.5092328544682775,FALSE
Skin.basal_cell_of_epidermis,3.705518678419555e-5,-3.837955558250172e-5,2.2118804874434495,0.4912217583253034,0.7583024431655003,2,-29336.058194676785,58678.11638935357,58700.593458621974,64853.8570939576,13256,-0.06940522400079698,0.09902694074971036,0.48339511366899945,FALSE
Brain_Myeloid.microglial_cell,3.9004228047618205e-5,-3.643036728817606e-5,2.211878331839353,0.517060214533749,0.7639444564146907,2,-29336.04527399088,58678.09054798176,58700.56761725016,64853.730686429975,13256,-0.08044765731934961,0.11187752256118426,0.47211108717061856,FALSE
Liver.B_cell,4.064092863190606e-5,-3.4793543235212e-5,2.211876521676729,0.5387580455718267,0.7685195646322442,2,-29336.034423870624,58678.06884774125,58700.54591700965,64853.62453615076,13256,-0.13716315010480937,0.18687042195108008,0.4629608707355114,FALSE
Skin.epidermal_cell,4.412591231842375e-5,-3.130829665010104e-5,2.21187266733993,0.5849589055384009,0.7778056293453524,2,-29336.011320934587,58678.022641869175,58700.49971113758,64853.39851314146,13256,-0.07453055423974579,0.09744771774361448,0.4443887413092953,FALSE
Lung.natural_killer_cell,5.279988302530704e-5,-2.2633671600269523e-5,2.2118630740364518,0.6999522067781113,0.7985925823891318,2,-29335.953818396032,58677.907636792064,58700.38470606047,64852.835951838984,13256,-0.14616508560445665,0.17470665624062534,0.40281483522173633,FALSE
Lung.monocyte,6.860129573378483e-5,-6.831066872159397e-6,2.2118455977640252,0.9094411650893706,0.8298599368082249,2,-29335.849064472564,58677.69812894513,58700.17519821353,64851.81113130239,13256,-0.1390222337089212,0.14577966839893008,0.3402801263835503,FALSE
Kidney.leukocyte,6.939900042562545e-5,-6.033302003549679e-6,2.2118447155035197,0.92001699790212,0.8312559985078974,2,-29335.843776123267,58677.687552246534,58700.16462151494,64851.759395159206,13256,-0.18360442587412248,0.19141907807772587,0.3374880029842051,FALSE
Spleen.B_cell,7.504855865805543e-5,-3.833175823420021e-7,2.2118384670883,0.9949183607601403,0.8407192725996143,2,-29335.80632249669,58677.61264499338,58700.08971426178,64851.392985939594,13256,-0.13835309015180872,0.13870596585899703,0.3185614548007713,FALSE
Pancreas.pancreatic_stellate_cell,9.399361070231814e-5,1.8563163630025414e-5,2.2118175137191023,1.2460964285725342,0.8678402081126739,2,-29335.680725131067,58677.361450262135,58699.83851953054,64850.164280711775,13256,-0.13587446680487164,0.12172002340755089,0.2643195837746522,FALSE
Lung.T_cell,9.501100896767677e-5,1.9580638645488868e-5,2.2118163884633986,1.2595856093751512,0.8691250643780729,2,-29335.67398016055,58677.3479603211,58699.825029589505,64850.09829606499,13256,-0.1971784618111854,0.17568942814603017,0.2617498712438541,FALSE
Limb_Muscle.B_cell,1.071220215062585e-4,3.1692564809060464e-5,2.211802993482164,1.420161647673527,0.883300933369412,2,-29335.593688143596,58677.18737628719,58699.664445555594,64849.31282108263,13256,-0.20042472016550322,0.1681831164977308,0.23339813326117617,FALSE
Lung.ciliated_columnar_cell_of_tracheobronchial_tree,1.0948179437758447e-4,3.40525156957705e-5,2.21180038352469,1.451449573573023,0.8858414966208927,2,-29335.578043514884,58677.15608702977,58699.63315629817,64849.159775038905,13256,-0.14288757903469243,0.11860240670632682,0.22831700675821442,FALSE
Bladder.bladder_urothelial_cell,1.238224948220057e-4,4.839429796732464e-5,2.2117845223479433,1.6415942576569762,0.8999353587911153,2,-29335.482967920867,58676.965935841734,58699.44300511014,64848.229690837215,13256,-0.1213848809603736,0.09473963007386371,0.2001292824177693,FALSE
Spleen.T_cell,1.4127392485033602e-4,6.584704448853174e-5,2.2117652204723104,1.8729917527121724,0.9144219920986283,2,-29335.36726705527,58676.73453411054,58699.21160337894,64847.09785634773,13256,-0.19291203413572489,0.14095853839838673,0.1711560158027433,FALSE
Fat.unknown_cell_type,1.4955520813407947e-4,7.41289524919253e-5,2.211756061032183,1.9828003771484501,0.9204404226986526,2,-29335.312362444445,58676.62472488889,58699.101794157294,64846.560763283014,13256,-0.17007957866939333,0.12078490857165636,0.1591191546026949,FALSE
Marrow.regulatory_T_cell,1.543322083671569e-4,7.890631309015461e-5,2.2117507774560776,2.046143539966191,0.9236920728485676,2,-29335.280690897605,58676.56138179521,58699.038451063614,64846.25094491218,13256,-0.2615015886600313,0.1828126664535462,0.15261585430286492,FALSE
Heart.cardiac_muscle_cell,1.6014305292149324e-4,8.471759600026108e-5,2.2117443503848566,2.1231963246686982,0.9274464150678218,2,-29335.242164751293,58676.484329502586,58698.96139877099,64845.87407526489,13256,-0.1602534877997814,0.10997967032943004,0.14510716986435648,FALSE
Lung.epithelial_cell_of_lung,1.689080041262455e-4,9.348320841140456e-5,2.2117346558954543,2.239422759126149,0.9327224992709037,2,-29335.18405232879,58676.36810465758,58698.84517392598,64845.30561330755,13256,-0.186976758603852,0.12494520181086943,0.13455500145819269,FALSE
Limb_Muscle.T_cell,1.7386451516464678e-4,9.844009335679971e-5,2.2117291737190596,2.305148796600461,0.9355151101846043,2,-29335.151189984957,58676.302379969915,58698.77944923832,64844.984152537196,13256,-0.3086699205344327,0.2033034872092003,0.12896977963079134,FALSE
Lung.B_cell,1.8734718844848257e-4,1.1192378374025314e-4,2.2117142610650915,2.48393968919013,0.9424811507017345,2,-29335.061797198898,58676.123594397795,58698.6006636662,64844.10971676842,13256,-0.2674811659608574,0.16971595967155007,0.11503769859653082,FALSE
Trachea.endothelial_cell,1.887977172068098e-4,1.1337442192294045e-4,2.2117126566863634,2.5031751330443583,0.9431795586852773,2,-29335.052179835,58676.10435967,58698.5814289384,64844.01564089762,13256,-0.18524402480143587,0.11708428022108386,0.11364088262944552,FALSE
Marrow.mature_natural_killer_cell,1.901577444844679e-4,1.1473455179777936e-4,2.2117111524070756,2.5212104885859867,0.9438259094167368,2,-29335.043162505586,58676.08632501117,58698.563394279576,64843.92743461441,13256,-0.26478563301296887,0.16675922359773301,0.11234818116652635,FALSE
Marrow.granulocyte,1.9302993558202564e-4,1.1760695956630762e-4,2.211707975572154,2.559298847366974,0.94516448295543,2,-29335.0241191022,58676.0482382044,58698.5253074728,64843.74115504079,13256,-0.1786362654924088,0.11166295853802574,0.10967103408914007,FALSE
Marrow.B_cell,1.947067700155443e-4,1.1928392049609382e-4,2.21170612087932,2.5815355857816433,0.945929725572623,2,-29335.013001211337,58676.026002422674,58698.50307169108,64843.632401830204,13256,-0.2791609841386332,0.17374633912109758,0.1081405488547539,FALSE
Marrow.precursor_B_cell,1.9695434229182547e-4,1.2153166232364843e-4,2.2117036349092074,2.611341076384637,0.946937100904266,2,-29334.998099136432,58675.996198272864,58698.47326754127,64843.48663269749,13256,-0.19707449694067417,0.12195472367602857,0.10612579819146807,FALSE
Lung.unknown_cell_type,2.0618178741910472e-4,1.3075980354670946e-4,2.2116934286885392,2.7337094151211465,0.9508627380314517,2,-29334.936918070533,58675.873836141065,58698.35090540947,64842.888175113905,13256,-0.2960513559849483,0.17905682538390177,0.09827452393709656,FALSE
Fat.mesenchymal_stem_cell_of_adipose,2.2734170527416862e-4,1.5192131765384698e-4,2.211670024113496,3.0143269273382938,0.9587225278618542,2,-29334.79661856351,58675.59323712702,58698.07030639542,64841.5158219724,13256,-0.16199628432115792,0.09330606552490565,0.08255494427629159,FALSE
Kidney.endothelial_cell,2.2864147232827108e-4,1.5322118275917784e-4,2.2116685864582735,3.031564498553969,0.9591587788807907,2,-29334.788000442848,58675.576000885696,58698.0530701541,64841.431523941945,13256,-0.23314852376110354,0.13390576152134329,0.0816824422384186,FALSE
Fat.natural_killer_cell,2.4683505296840683e-4,1.714161358782329e-4,2.2116484626802237,3.2728533170710783,0.9647711687744993,2,-29334.667366517475,58675.33473303495,58697.81180230335,64840.251556339164,13256,-0.3153243253220871,0.1742987226619626,0.07045766245100149,FALSE
Lung.stromal_cell,2.575319881986855e-4,1.8211387805899815e-4,2.2116366307978805,3.414723436077417,0.9676802491082829,2,-29334.596438646997,58675.192877293994,58697.6699465624,64839.55779312287,13256,-0.1842184237651946,0.09969084895125757,0.06463950178343422,FALSE
Trachea.mesenchymal_cell,2.721632560535611e-4,1.9674624966070642e-4,2.211620447046878,3.608778299098263,0.9712514952933397,2,-29334.499422277833,58674.99884455567,58697.47591382407,64838.60886380555,13256,-0.17418699516469052,0.09169288260143801,0.057497009413320796,FALSE
Trachea.epithelial_cell,2.72787194514073e-4,1.9737023518962005e-4,2.2116197569014098,3.6170537364197166,0.9713941372951246,2,-29334.49528506248,58674.99057012496,58697.46763939336,64838.568397490315,13256,-0.2133435709503591,0.11217655012996312,0.057211725409750766,FALSE
Marrow.monocyte,2.9700888394863567e-4,2.2159375184882535e-4,2.211592964847193,3.938319481496947,0.9763907557275404,2,-29334.334673725356,58674.66934745071,58697.146416719115,64836.99746929411,13256,-0.24239472688642053,0.12214275062420374,0.04721848854491916,FALSE
Marrow.immature_NK_T_cell,3.05564637876771e-4,2.3015015120186888e-4,2.211583501093533,4.051802927388732,0.9779278120324746,2,-29334.277940539618,58674.555881079235,58697.03295034764,64836.442575089815,13256,-0.3556612298476671,0.17669016201651477,0.044144375935050884,FALSE
Pancreas.pancreatic_ductal_cell,3.0811825272333474e-4,2.327039586869084e-4,2.211580676462391,4.085674428966775,0.9783658771335614,2,-29334.261007431014,58674.52201486203,58696.99908413043,64836.27695718048,13256,-0.19701323966044132,0.09746833208241948,0.04326824573287732,FALSE
Mammary_Gland.endothelial_cell,3.1218195061100926e-4,2.3676796312988024e-4,2.211576181474975,4.1395762382843095,0.9790442421005919,2,-29334.234060820225,58674.46812164045,58696.94519090885,64836.01340093228,13256,-0.30771608480568674,0.15124194554915135,0.04191151579881621,FALSE
Marrow.immature_natural_killer_cell,3.2415012046564564e-4,2.4873703583372375e-4,2.211562943042872,4.29832730020476,0.9809154255941097,2,-29334.15469857189,58674.30939714378,58696.78646641218,64835.23719019221,13256,-0.38935289787732774,0.18779917077977085,0.03816914881178062,FALSE
Marrow.immature_T_cell,3.4690783923567084e-4,2.714964713900203e-4,2.2115377696759495,4.600206164488614,0.9840068839822234,2,-29334.003787018955,58674.00757403791,58696.484643306314,64833.76120965859,13256,-0.33900493058191883,0.15805832197414377,0.03198623203555324,FALSE
Skin.leukocyte,3.537933001628313e-4,2.783824517395006e-4,2.2115301532922045,4.691543823730748,0.9848354152965028,2,-29333.958127301554,58673.91625460311,58696.39332387151,64833.31464441203,13256,-0.37196306221775616,0.17172832174857994,0.03032916940699445,FALSE
Thymus.DN1_thymic_pro-T_cell,3.751017813959826e-4,2.996925404320505e-4,2.211506582653122,4.974215051111864,0.987127725607619,2,-29333.816821881042,58673.633643762085,58696.11071303049,64831.93265600541,13256,-0.3693801523729856,0.1656194268906424,0.025744548784761973,FALSE
Limb_Muscle.endothelial_cell,3.79188427782048e-4,3.03779495104628e-4,2.2115020621301555,5.0284285205837636,0.9875245118119137,2,-29333.789721281297,58673.57944256259,58696.056511831,64831.66761140341,13256,-0.2792860818587577,0.1245469660988416,0.024950976376172534,FALSE
Liver.natural_killer_cell,3.896498759090892e-4,3.142417324174529e-4,2.211490489954802,5.167212158627292,0.988483472697595,2,-29333.72034567234,58673.44069134468,58695.91776061308,64830.989121,13256,-0.3590570929477547,0.15795572223566487,0.023033054604810105,FALSE
Heart.fibroblast,4.182267505078375e-4,3.4282076278535634e-4,2.211458878668425,5.546333429739446,0.9907330326696812,2,-29333.5308330192,58673.0616660384,58695.5387353068,64829.135731780894,13256,-0.2323123493026211,0.09864368993925816,0.01853393466063779,FALSE
Fat.T_cell,4.3332114742110307e-4,3.579162983827766e-4,2.2114421813030947,5.746595251462271,0.9917327996868377,2,-29333.430729640644,58672.86145928129,58695.33852854969,64828.15676564479,13256,-0.3287579834096314,0.1371421655744625,0.01653440062632453,FALSE
Fat.endothelial_cell,4.5818880623019567e-4,3.827858331467704e-4,2.211414672517115,6.076535015712339,0.9931442495187891,2,-29333.265808415934,58672.53161683187,58695.00868610027,64826.54394229065,13256,-0.2931567547049701,0.11892465574052104,0.013711500962421703,FALSE
Kidney.macrophage,4.662624039559521e-4,3.908600399249451e-4,2.2114057413707013,6.183657633913731,0.9935471206560121,2,-29333.212263786914,58672.42452757383,58694.90159684223,64826.020318934556,13256,-0.4319261139277015,0.17369477075734827,0.01290575868797582,FALSE
Kidney.epithelial_cell_of_proximal_tubule,4.6698185436424384e-4,3.9157954460666833e-4,2.2114049455010925,6.193203575142391,0.9935818193031191,2,-29333.207492323683,58672.41498464737,58694.89205391577,64825.97365807156,13256,-0.3025501117647263,0.12157370153400117,0.012836361393761798,FALSE
Pancreas.endothelial_cell,4.66997647946948e-4,3.915953393809346e-4,2.21140492802993,6.193413130549474,0.9935825788633467,2,-29333.207387579117,58672.414775158235,58694.89184442664,64825.97263375885,13256,-0.33626017748494935,0.13511713022597613,0.012834842273306737,FALSE
Brain_Myeloid.macrophage,4.8371425145299194e-4,4.083132039462978e-4,2.2113864357270994,6.415219250238397,0.9943369646445599,2,-29333.09652051315,58672.1930410263,58694.670110294705,64824.88845736961,13256,-0.37905002774111934,0.14965484481383684,0.011326070710880225,FALSE
Kidney.kidney_collecting_duct_epithelial_cell,4.981154818462888e-4,4.227155207330302e-4,2.2113705046208643,6.606309532410366,0.9949136884817982,2,-29333.001007868297,58672.002015736594,58694.479085005,64823.95444742179,13256,-0.3580227293144825,0.13929359265976288,0.010172623036403709,FALSE
Lung.leukocyte,5.212230327681976e-4,4.458248148316857e-4,2.211344942061814,6.912935703688035,0.9957163427702554,2,-29332.8477498023,58671.6954996046,58694.172568873,64822.455778083044,13256,-0.41632018720616254,0.1583420310688916,0.008567314459489132,FALSE
Brain_Non-Myeloid.endothelial_cell,5.31959965872244e-4,4.5656255790349487e-4,2.2113330643076154,7.055414505662111,0.996043969194621,2,-29332.776537172787,58671.553074345575,58694.03014361398,64821.759420754235,13256,-0.2958857130466106,0.11139423844981575,0.00791206161075792,FALSE
Thymus.leukocyte,5.467327814883872e-4,4.71336487944507e-4,2.211316721745858,7.251454359221714,0.9964533662436823,2,-29332.678555331917,58671.357110663834,58693.83417993224,64820.80131117846,13256,-0.49325603211770747,0.18317232000503067,0.007093267512635314,FALSE
Lung.lung_endothelial_cell,5.583673603635408e-4,4.8297194450352965e-4,2.2113038508020453,7.405852915522777,0.9967451553121808,2,-29332.601387069222,58671.202774138445,58693.67984340685,64820.046735901815,13256,-0.31443143682915187,0.11554161110789112,0.006509689375638484,FALSE
Fat.B_cell,5.756231966874381e-4,5.002290825653066e-4,2.211284761111977,7.6348558954454635,0.997133504319299,2,-29332.486933235443,58670.973866470886,58693.45093573929,64818.92758688855,13256,-0.41036176761152954,0.14851368346333113,0.005732991361401844,FALSE
Large_Intestine.Brush_cell_of_epithelium_proper_of_large_intestine,5.992507750895627e-4,5.238584433737703e-4,2.2112586222594155,7.9484313782514064,0.997589977643526,2,-29332.33021395551,58670.66042791102,58693.13749717942,64817.39519051215,13256,-0.37699861834192466,0.13372082396790336,0.0048200447129479644,FALSE
Large_Intestine.enterocyte_of_epithelium_of_large_intestine,6.542681352567389e-4,5.788799539150347e-4,2.2111977561421408,8.678656569413535,0.9983874090533936,2,-29331.96527514602,58669.93055029204,58692.40761956044,64813.826970277114,13256,-0.27676283515832295,0.09394669781237006,0.0032251818932126468,FALSE
Lung.classical_monocyte,6.604918750160597e-4,5.851041631780296e-4,2.2111908706667847,8.761267040908255,0.9984588016042169,2,-29331.923990835672,58669.847981671344,58692.32505093975,64813.4233217909,13256,-0.4835890868830818,0.16337779589271353,0.0030823967915662286,FALSE
Trachea.blood_cell,7.264243193562832e-4,6.510415812995829e-4,2.211117926676005,9.636480951503076,0.9990442395916539,2,-29331.48662136458,58668.97324272916,58691.45031199756,64809.14719001494,13256,-0.38756471742273646,0.12484898036673595,0.001911520816692237,FALSE
Lung.myeloid_cell,7.948991713319216e-4,7.195215988493597e-4,2.211042167359306,10.545566076911717,0.9994162162825613,2,-29331.032356028398,58668.064712056796,58690.5417813252,64804.706167187454,13256,-0.5404729454854376,0.16643283488730531,0.0011675674348773737,FALSE
Pancreas.leukocyte,8.036306541663219e-4,7.282537403653366e-4,2.211032506820699,10.661495856518327,0.9994516677914786,2,-29330.974428729427,58667.948857458854,58690.42592672726,64804.13987586347,13256,-0.5226298952959887,0.160060871508015,0.0010966644170427296,FALSE
Limb_Muscle.mesenchymal_stem_cell,8.14612054605311e-4,7.392359692141026e-4,2.211020356906629,10.807301153645511,0.9994931818556058,2,-29330.901574077663,58667.803148155326,58690.28021742373,64803.42766329754,13256,-0.3466584165136771,0.1054491594094275,0.0010136362887884379,FALSE
Liver.hepatocyte,8.375692674947844e-4,7.621949139392514e-4,2.210994956636964,11.112125384629575,0.9995699994864272,2,-29330.74926489221,58667.49852978442,58689.97559905282,64801.93874432135,13256,-0.348029871172044,0.10440419621184213,8.600010271456389e-4,FALSE
Heart.endocardial_cell,8.378306624850289e-4,7.624563286484642e-4,2.2109946674232064,11.115596249270984,0.9995708027573822,2,-29330.74753065205,58667.4950613041,58689.9721305725,64801.921791219815,13256,-0.39562152320827604,0.11866250958015988,8.583944852355327e-4,FALSE
Limb_Muscle.lymphocyte,8.512814973222507e-4,7.759081781835153e-4,2.210979785042197,11.294202073756162,0.9996101548778796,2,-29330.658289698928,58667.316579397855,58689.79364866626,64801.049420373616,13256,-0.5732120906939647,0.17056407583013525,7.796902442408372e-4,FALSE
Liver.endothelial_cell_of_hepatic_sinusoid,9.168331602545363e-4,8.414647861718638e-4,2.2109072554096243,12.16469336659696,0.999755697211884,2,-29330.22336322526,58666.44672645052,58688.923795718925,64796.797984655794,13256,-0.40734146299153534,0.11679063930535476,4.886055762321363e-4,FALSE
Liver.Kupffer_cell,0.0011533110668532106,0.0010779605320815344,2.2106455846707393,15.305944016829406,0.999954057608888,2,-29328.654126902333,58663.308253804666,58685.78532307307,64781.46091197727,13256,-0.6254227855157025,0.15986141001578677,9.188478222405436e-5,FALSE
Heart.leukocyte,0.0012117122638559599,0.001136366134726785,2.210580957017208,16.081944459002226,0.9999695039019211,2,-29328.26652702592,58662.53305405184,58685.010123320244,64777.673228739426,13256,-0.5105838657294894,0.12732034541846968,6.099219615791996e-5,FALSE
Mammary_Gland.stromal_cell,0.0015105127310069636,0.0014351891426493957,2.2102502703045626,20.05364805291537,0.999996203560472,2,-29326.28307901852,58658.56615803704,58681.04322730545,64758.294147847744,13256,-0.4762023365186746,0.10633955231660434,7.592879055952022e-6,FALSE
Limb_Muscle.macrophage,0.0015382974999100447,0.0014629760075669518,2.210219517992702,20.42308844470248,0.999996869329778,2,-29326.098612583883,58658.197225167765,58680.67429443617,64756.49213164187,13256,-0.7224910129328287,0.15987175416741692,6.261340443805184e-6,FALSE
Heart.endothelial_cell,0.0018008442090508506,0.0017255425225849441,2.2099289089431973,23.91505812911901,0.9999994906899313,2,-29324.355279821386,58654.71055964277,58677.187628911175,64739.464333918535,13256,-0.6007471473447423,0.12284457914910865,1.018620137330292e-6,FALSE
Fat.myeloid_cell,0.001966710852167466,0.001891421678272831,2.2097452939221056,26.122093661417168,0.9999998375218146,2,-29323.25367466258,58652.50734932516,58674.984418593565,64728.706843728396,13256,-0.6162620453265234,0.12057615475668317,3.2495637071273644e-7,FALSE
Heart.erythrocyte,0.002113397810498866,0.0020381197023071618,2.209582898173144,28.074534034732746,0.9999999406994322,2,-29322.27929903483,58650.55859806966,58673.03566733807,64719.1932761682,13256,-0.5812371910078025,0.10969759767730253,1.186011355084505e-7,FALSE
Heart.professional_antigen_presenting_cell,0.002137907561790118,0.0020626313025536858,2.2095557624947415,28.40082096900048,0.9999999498806079,2,-29322.11647779211,58650.23295558422,58672.710024852626,64717.60366535722,13256,-0.6523082036690118,0.12240168412764989,1.002387841174354e-7,FALSE
